name,mutations,generation_score,additive_ec_mean,additive_ec_min,additive_stability_mean,additive_stability_min,additive_solubility_mean,additive_lm_mean,potts_delta,independent_delta,net_charge_delta,surface_hydropathy_delta,minimum_essential_ca_distance
PH20_POOL_0001,S23T;E32T;K131R;H194D;M311F;D321K;E325K;A413E;V415I;A420S,2.650365642529248,0.006228113174438476,-0.002908945083618164,0.20206435546874985,0.11315603906249949,0.0023385047912597655,17.175000035762785,-10.66271261870861,2.4532289505004883,3,-5.3,14.04241216908373
PH20_POOL_0002,S23T;E32T;H194D;M311F;M314R;D321K;E325K;A372E;A413E;A420S,2.630012462124915,0.0060147404670715336,-0.0033245086669921875,0.20368087031249987,0.09699089062499633,0.0020486116409301758,22.125000071525573,-15.9444658793509,1.8296256065368652,3,-5.3,14.04241216908373
PH20_POOL_0003,S23T;E32V;H194D;I310L;M314R;D321K;E325K;A372E;A413E;V415I,2.5681583661392278,0.005037999153137207,-0.003740072250366211,0.2069138999999997,0.08890831640624963,0.0016745686531066894,20.962500071525575,-5.150940757244825,7.3207855224609375,3,-5.3,14.04241216908373
PH20_POOL_0004,S23T;E32V;H194D;M311F;D321K;E325K;A372E;E393Q;A413E;V415I,2.4916751039010734,0.0050368189811706545,-0.003740072250366211,0.21661298906249965,0.12123861328124974,0.0015259742736816405,20.024999964237214,-8.857634235173464,4.41518235206604,3,-5.3,14.04241216908373
PH20_POOL_0005,S23T;E32V;H194D;M311F;M314R;D321K;E393Q;A413E;V415I;A420S,2.464517723728587,0.005249631404876709,-0.003740072250366211,0.21176344453124987,0.10507346484374969,0.0015259742736816405,18.812500095367433,-10.15620781108737,6.642926216125488,3,-5.3,14.04241216908373
PH20_POOL_0006,S23T;E32T;H194D;M311F;D321K;E325K;A372T;A413E;V415I;D419E,2.455809411095239,0.005787742137908935,-0.003766477108001709,0.2036808703124997,0.11315603906249949,0.0020714044570922852,17.95,-14.324170801788568,1.1147539615631104,3,-5.3,14.04241216908373
PH20_POOL_0007,S23T;E32T;H194D;V238L;M311F;D321K;E325K;A413E;V415I;A420T,2.4556346875175827,0.005577981472015381,-0.0033245086669921875,0.20206435546874973,0.12123861328124974,0.0021558642387390138,17.375000047683717,-11.653826501220465,2.302812337875366,3,-5.7,14.04241216908373
PH20_POOL_0008,S23T;E32T;K131R;H194D;M311F;D321K;E325K;A372E;V415I;D419E,2.454942911594819,0.005517053604125977,-0.002908945083618164,0.21014692968749973,0.11315603906249949,0.0025365471839904783,18.39999998807907,-12.578484132885933,2.85142183303833,3,0.0,14.04241216908373
PH20_POOL_0009,S23T;E32V;K131R;H194D;I310L;D321K;E325K;A372E;V415I;A420S,2.439504613903538,0.0047623634338378905,-0.0033245086669921875,0.20529738515624976,0.08082574218749938,0.002139711380004883,18.237499988079072,-1.9973058961331844,8.292778730392456,3,0.0,14.04241216908373
PH20_POOL_0010,S23T;E32V;K131R;H194D;M311F;D321K;E325K;A413E;V415I;D419E,2.420555867769774,0.005122196674346924,-0.0033245086669921875,0.22469556328124965,0.11315603906249949,0.0018120050430297852,16.550000059604645,-6.943735361099243,5.3154497146606445,3,-5.3,14.04241216908373
PH20_POOL_0011,S23T;E32I;H194D;I310L;M314R;D321K;E325K;A372E;A413E;A420S,2.3927748763228265,0.0046536922454833984,-0.003740072250366211,0.20044784062499996,0.07274316796874958,0.0013811349868774413,21.362500059604645,-6.4713379219174385,6.454862117767334,3,-5.3,14.04241216908373
PH20_POOL_0012,S23T;E32V;H194D;V238L;M311F;D321K;E325K;A372E;A413E;D419E,2.388880268518149,0.004937672615051269,-0.003740072250366211,0.20206435546874973,0.11315603906249949,0.0014592051506042481,19.225000023841858,-10.521588068455458,3.7712242603302,2,-5.7,14.04241216908373
PH20_POOL_0013,S23T;E32V;K131R;H194D;V238L;M311F;D321K;E325K;A413E;A420S,2.383846838794774,0.0048748493194580075,-0.0033245086669921875,0.21499647421874987,0.11315603906249949,0.0013735055923461913,17.175000059604645,-6.146070942282677,5.717582702636719,3,-5.7,14.04241216908373
PH20_POOL_0014,S23T;E32T;K131R;H194D;V238L;M311F;M314R;D321K;V415I;A420S,2.356596517817356,0.005337822437286377,-0.002908945083618164,0.20368087031250007,0.10507346484374969,0.002098047733306885,17.087500119209288,-12.537902940064669,5.8197877407073975,3,-0.40000000000000036,14.04241216908373
PH20_POOL_0015,S23T;E32T;H194D;M311F;M314R;D321K;E393Q;A413E;V415I;A420T,2.3464280294736617,0.005246222019195557,-0.0033245086669921875,0.20206435546874973,0.10507346484374969,0.0022454261779785156,18.862500071525574,-14.036274991929531,3.8324778079986572,3,-5.3,14.04241216908373
PH20_POOL_0016,S23T;E32T;K131R;H194D;M311F;D321K;E325K;A372E;A413E;T418V,2.34534011492484,0.004992532730102539,-0.002908945083618164,0.20206435546874965,0.10507346484374613,0.002163529396057129,18.64999998807907,-10.827047195285559,2.1486332416534424,2,-5.3,14.04241216908373
PH20_POOL_0017,S23T;E32V;Q144N;H194D;V238L;M311F;D321K;E325K;A413E;V415I,2.343483000108281,0.004815208911895752,-0.003740072250366211,0.20368087031249987,0.10507346484375013,0.0011985301971435547,18.337500071525575,-8.263197094202042,6.05234432220459,3,-5.7,14.04241216908373
PH20_POOL_0018,S23T;E32V;H194D;M311F;D321K;E325K;Q394T;A413E;V415I;A420S,2.3351073161424796,0.004995286464691162,-0.003529071807861328,0.22146253359374982,0.12123861328124974,0.001765131950378418,18.200000071525572,-11.911936577409506,3.5641329288482666,3,-5.3,14.04241216908373
PH20_POOL_0019,S23T;E32V;H194D;M311F;M314R;D321K;E325K;A372E;A413E;T418V,2.3014509364360825,0.004316961765289307,-0.003740072250366211,0.23601116718749965,0.11315603906249949,0.0013243436813354492,21.075000095367432,-10.137477789074183,5.729287147521973,3,-5.3,14.04241216908373
PH20_POOL_0020,S23T;E32T;K131R;H194D;M311F;D321K;E325K;Q394T;A413E;D419E,2.3002445193569057,0.005239951610565186,-0.0026979446411132812,0.20206435546874985,0.11315603906249949,0.00227431058883667,18.12500003576279,-14.037094544619322,0.7288620471954346,3,-5.3,14.04241216908373
PH20_POOL_0021,S23T;E32V;H194D;M311I;M314R;D321K;E325K;A372E;A413E;A420S,2.298306808832217,0.004588794708251953,-0.003740072250366211,0.21176344453124968,0.08082574218749938,0.001138615608215332,20.86250009536743,-9.081647504121065,4.248655080795288,3,-5.3,14.04241216908373
PH20_POOL_0022,S23T;E32I;H194D;M311F;D321K;E325K;A372E;A413E;V415I;A420S,2.2911997888108178,0.004810726642608643,-0.003740072250366211,0.21337995937499982,0.10507346484374969,0.001558685302734375,18.825000011920928,-12.033429432660341,3.4190289974212646,2,-5.3,14.04241216908373
PH20_POOL_0023,E32V;K131R;H194D;M314R;D321K;E325K;A372E;A413E;V415I;D419E,2.288071848158434,0.004940938949584961,-0.0033245086669921875,0.20529738515624957,0.07274316796874913,0.0018726110458374024,19.12500006556511,-10.548459202051163,4.751418590545654,3,-5.3,14.04241216908373
PH20_POOL_0024,S23T;E32V;H194D;I310L;D321K;E325K;A372E;Q394T;V415I;D419E,2.2844993463109726,0.004480743408203125,-0.003529071807861328,0.20206435546874973,0.08890831640624963,0.0021384239196777345,19.3375,-6.761271081864834,5.964089870452881,3,0.0,14.04241216908373
PH20_POOL_0025,S23T;E32V;H194D;M311F;M314R;E325K;E393Q;A413E;V415I;D419E,2.283960939145879,0.004484593868255615,-0.003740072250366211,0.20529738515624976,0.11315603906249949,0.0014592051506042481,18.000000110268594,-5.936360523104668,4.425510406494141,3,-5.3,14.04241216908373
PH20_POOL_0026,S23T;E32T;K131R;H194D;M311F;M314R;D321K;A372E;E393Q;A420S,2.2806969199522884,0.004937946796417236,-0.002908945083618164,0.20044784062499996,0.08082574218749672,0.0021876096725463867,20.512500011920928,-13.981450375169516,4.783220291137695,3,0.0,14.04241216908373
PH20_POOL_0027,S23T;E32I;H194D;M311F;D321K;E325K;A372E;E393Q;A413E;D419E,2.27848362484498,0.004575157165527343,-0.003740072250366211,0.21014692968749982,0.10507346484374969,0.001255333423614502,20.149999952316286,-10.213623896241188,3.260572910308838,3,-5.3,14.04241216908373
PH20_POOL_0028,E32V;K131R;H194D;I310L;M314R;D321K;E325K;A372E;A413E;T418V,2.2742019388816668,0.004340934753417969,-0.0033245086669921875,0.2085304148437496,0.06466059374999888,0.0016748428344726563,20.037500041723252,-5.139518655836582,7.2320873737335205,3,-5.3,14.04241216908373
PH20_POOL_0029,E32T;K131R;H194D;M311F;M314R;D321K;E325K;A372E;A413E;D417E,2.2668930769173605,0.005267536640167237,-0.0024933815002441406,0.20529738515624968,0.09699089062499677,0.002158665657043457,21.12500004172325,-19.871826745569706,0.41165852546691895,3,-5.3,14.04241216908373
PH20_POOL_0030,S23T;E32V;K131R;H194D;I310L;D321K;E325K;Q394T;A413E;V415I,2.252981393171207,0.004340565204620362,-0.0031135082244873047,0.20529738515624976,0.08890831640624963,0.0018774747848510742,17.237500035762785,-2.793737042695284,6.5087080001831055,3,-5.3,14.04241216908373
PH20_POOL_0031,S23T;E32V;K131R;H194D;I310L;D321K;E325K;A372T;A413E;A420S,2.2512662198336106,0.004326510429382324,-0.003766477108001709,0.20206435546874973,0.07274316796874913,0.0016116619110107422,17.63749998807907,-2.080183759331703,7.160432815551758,3,-5.3,14.04241216908373
PH20_POOL_0032,S23T;E32V;H194D;V238L;M311F;M314R;D321K;E393Q;A413E;T418V,2.2322179487242004,0.004255712032318115,-0.003740072250366211,0.21176344453124987,0.10507346484374969,0.0009352922439575196,18.46250009536743,-6.836841177195311,7.505127906799316,3,-5.7,14.04241216908373
PH20_POOL_0033,S23T;E32I;H194D;I310L;D321K;E325K;A372T;A413E;V415I;A420S,2.229545967962822,0.004504048824310302,-0.004182040691375732,0.20044784062499987,0.07274316796874958,0.0013811349868774413,17.46249998807907,-4.565611697733402,6.028676509857178,3,-5.3,14.04241216908373
PH20_POOL_0034,S23T;E32V;Q144N;H194D;V238L;M311F;D321K;E325K;A372E;A420S,2.2282061204172154,0.0043262004852294925,-0.003740072250366211,0.20368087031249998,0.09699089062499988,0.0013737797737121582,20.562500023841856,-10.327690217643976,6.400734186172485,3,-0.40000000000000036,14.04241216908373
PH20_POOL_0035,S23T;E32V;K131R;H194D;V238L;M311F;D321K;E393K;A413E;V415I,2.2262115400259486,0.004637384414672851,-0.0033245086669921875,0.20206435546874985,0.12932118749999955,0.001461493968963623,15.637500023841858,-8.671661987900734,6.559443712234497,3,-5.7,14.04241216908373
PH20_POOL_0036,S23T;E32V;H194D;V238L;M311F;M314R;D321K;A413E;V415I;A420K,2.22541590304831,0.004924595355987549,-0.0033245086669921875,0.20853041484374985,0.10507346484374969,0.0015221118927001953,17.287500154972076,-12.974200882017612,5.043211221694946,3,-5.7,14.04241216908373
PH20_POOL_0037,S23T;E32V;H194D;V238L;M311L;D321K;E325K;A372E;V415I;D419E,2.2244295673749823,0.004453504085540771,-0.003740072250366211,0.2036808703124998,0.09699089062499988,0.0017445087432861328,17.362500023841857,-5.936720177531242,5.232618093490601,3,-0.40000000000000036,14.04241216908373
PH20_POOL_0038,S23T;E32V;K131R;H194D;V238L;I310L;D321K;E325K;A413E;A420T,2.212444804695209,0.004039394855499268,-0.0033245086669921875,0.2004478406249997,0.08082574218749938,0.00171891450881958,16.787500035762786,0.5164452120661736,8.059805154800415,3,-5.7,14.04241216908373
PH20_POOL_0039,E32T;K131R;H194D;M311F;D321K;E325K;A372E;Q394T;V415I;A420S,2.209851190041953,0.005217599868774414,-0.0026979446411132812,0.20691389999999982,0.10507346484374924,0.002664923667907715,19.09999997019768,-19.05059101060033,0.6011412143707275,3,0.0,14.04241216908373
PH20_POOL_0040,E32V;Q144N;H194D;V238L;M311F;D321K;E325K;A372E;V415I;D419E,2.2088802495051834,0.004782843589782715,-0.003740072250366211,0.2004478406249998,0.08890831640624963,0.0016347289085388184,19.487500005960463,-14.029070150107145,5.008762359619141,3,-0.40000000000000036,14.04241216908373
PH20_POOL_0041,S23T;E32I;Q144N;H194D;M311F;D321K;E325K;A413E;V415I;D419E,2.20526648664027,0.004678249359130859,-0.003740072250366211,0.2069138999999999,0.08890831640625008,0.0013435959815979003,18.112500059604645,-10.360442887991667,4.784287929534912,3,-5.3,14.04241216908373
PH20_POOL_0042,S23T;E32V;K131R;H194D;V238L;M311L;D321K;E325K;A413E;V415I,2.193588718231494,0.004313325881958008,-0.0033245086669921875,0.20691389999999982,0.09699089062499988,0.0014835596084594727,15.262500059604644,-1.9384086839854717,5.777236223220825,3,-5.7,14.04241216908373
PH20_POOL_0043,E32V;K131R;H194D;V238L;M311F;M314R;D321K;E393Q;A413E;V415I,2.1933892776953687,0.004607689380645752,-0.0033245086669921875,0.21014692968749982,0.09699089062499944,0.0012855172157287599,17.487500065565108,-10.469654530286789,6.595898389816284,3,-5.7,14.04241216908373
PH20_POOL_0044,S23T;E32I;K131R;H194D;I310L;D321K;E325K;A372E;V415I;D419E,2.1901534783338845,0.004156005382537842,-0.0033245086669921875,0.20691389999999982,0.07274316796874958,0.001869070529937744,17.637499976158143,-2.8881539292633533,7.476658344268799,3,0.0,14.04241216908373
PH20_POOL_0045,E32I;K131R;H194D;I310L;M314R;D321K;E325K;A372E;A413E;V415I,2.1900674983776534,0.00433645248413086,-0.0033245086669921875,0.20853041484374976,0.06466059374999933,0.0015563845634460449,19.687500029802322,-7.823945205658674,6.294387340545654,3,-5.3,14.04241216908373
PH20_POOL_0046,S23T;E32I;H194D;V238L;M311F;D321K;E325K;A413E;D417E;A420S,2.1719721651861614,0.004622423648834228,-0.0033245086669921875,0.20691389999999998,0.10507346484374969,0.0010777831077575684,17.675000059604645,-11.088621445000172,3.328334093093872,3,-5.7,14.04241216908373
PH20_POOL_0047,S23T;E32I;H194D;V238L;M314R;D321K;E325K;A372E;A413E;V415I,2.167961745945471,0.00419243574142456,-0.003740072250366211,0.20529738515624993,0.08890831640625008,0.0009654283523559571,19.650000083446503,-8.425250317901373,5.4635701179504395,3,-5.7,14.04241216908373
PH20_POOL_0048,S23T;E32T;H194D;V238L;M311F;M314R;D321K;A372T;V415I;D419E,2.164713748297404,0.004897451400756836,-0.003766477108001709,0.20529738515624993,0.10507346484374658,0.0018309473991394043,17.862500083446502,-16.077840127050877,4.4813127517700195,3,-0.40000000000000036,14.04241216908373
PH20_POOL_0049,E32I;K131R;H194D;V238L;M311F;D321K;E325K;A413E;V415I;D419E,2.158436072313813,0.004802489280700683,-0.0033245086669921875,0.21337995937499982,0.09699089062499944,0.0013410210609436034,15.775000029802323,-10.454604104161263,3.7981765270233154,3,-5.7,14.04241216908373
PH20_POOL_0050,S23T;E32V;H194D;V238L;I310L;M314R;D321K;A372T;V415I;A420S,2.1553968767116274,0.00414276123046875,-0.004182040691375732,0.20044784062499996,0.07274316796874958,0.0014341115951538087,17.700000083446504,-5.2184152491390705,9.922669649124146,3,-0.40000000000000036,14.04241216908373
PH20_POOL_0051,S23T;E32T;K131R;H194D;M311F;D321K;E325K;A413E;D417E;A420T,2.1502953230679944,0.0047661781311035155,-0.0024933815002441406,0.2085304148437496,0.10507346484374924,0.0024434685707092284,17.550000035762785,-13.23735160753131,1.5361950397491455,3,-5.3,14.04241216908373
PH20_POOL_0052,E32V;K131R;H194D;M311F;M314R;D321K;A372E;E393Q;V415I;A420S,2.1410456651365766,0.0044433832168579105,-0.0033245086669921875,0.21984601874999976,0.08890831640624919,0.0018764734268188477,19.362500017881395,-13.822753716260195,6.830841302871704,3,0.0,14.04241216908373
PH20_POOL_0053,S23T;E32V;K131R;H194D;V238L;M311F;M314R;D321K;A413E;D419E,2.1409668771039567,0.00429924726486206,-0.0033245086669921875,0.20853041484374985,0.09699089062499944,0.0013962984085083008,17.13750014305115,-9.487277626991272,6.941779136657715,2,-5.7,14.04241216908373
PH20_POOL_0054,S23T;E32V;H194D;M314R;D321K;E325K;A372E;Q394T;A413E;D419E,2.137471579266445,0.0042026758193969725,-0.003529071807861328,0.20529738515624976,0.08890831640624963,0.0016103744506835937,21.30000009536743,-12.289265919476748,3.814701557159424,3,-5.3,14.04241216908373
PH20_POOL_0055,S23T;E32V;K131R;H194D;M311V;D321K;E325K;A372E;V415I;D419E,2.1344807956583876,0.004437971115112305,-0.0033245086669921875,0.20368087031249962,0.07274316796874958,0.0017187952995300292,16.92500001192093,-7.4557133466005325,6.65277361869812,3,0.0,14.04241216908373
PH20_POOL_0056,S23T;E32V;H194D;M311F;M314R;D321K;Q350R;A413E;V415I;D419E,2.134114033590638,0.004518294334411621,-0.0033245086669921875,0.2182295039062497,0.12123861328124974,0.001610100269317627,17.362500154972075,-13.994160052388906,6.0106117725372314,3,-5.3,14.04241216908373
PH20_POOL_0057,S23T;E32V;H194D;M311I;D321K;E325K;A372T;A413E;V415I;A420S,2.133494661751319,0.004439151287078858,-0.004182040691375732,0.2117634445312496,0.08082574218749938,0.001138615608215332,16.96250002384186,-7.247886676341295,3.822469472885132,3,-5.3,14.04241216908373
PH20_POOL_0058,S23T;E32V;H194D;I310L;D321K;E325K;A372T;A413E;V415I;A420T,2.131786655533243,0.0040010809898376465,-0.004182040691375732,0.2117634445312495,0.08082574218749938,0.0018447279930114747,17.4875,-3.7999889962375164,6.89656925201416,3,-5.3,14.04241216908373
PH20_POOL_0059,E32V;Q144N;H194D;M311F;D321K;E325K;Q394T;A413E;V415I;D419E,2.1270023612331146,0.0048304438591003414,-0.003529071807861328,0.20206435546874973,0.08890831640624963,0.0017881989479064941,18.86250005364418,-16.326866768300533,2.7727556228637695,3,-5.3,14.04241216908373
PH20_POOL_0060,S23T;E32V;Q144N;H194D;V238L;M311F;M314R;D321K;V415I;D419E,2.1263202717184977,0.004316961765289307,-0.003740072250366211,0.20691389999999998,0.08890831640625008,0.0013965725898742675,18.350000154972076,-11.231297515332699,8.67828106880188,3,-0.40000000000000036,14.04241216908373
PH20_POOL_0061,E32V;K131R;H194D;M311F;M314R;D321K;A372E;E393K;A413E;V415I,2.124203244404993,0.004576170444488525,-0.0033245086669921875,0.21337995937499965,0.10507346484374658,0.001762557029724121,19.287500029802324,-16.796397920697927,5.323429584503174,3,-5.3,14.04241216908373
PH20_POOL_0062,S23T;E32I;H194D;V238L;M311F;M314R;D321K;A413E;V415I;D419E,2.1168861659054707,0.004476785659790039,-0.003740072250366211,0.20691389999999998,0.09699089062499988,0.001165771484375,16.962500143051148,-12.079999171197414,5.810022830963135,2,-5.7,14.04241216908373
PH20_POOL_0063,E32I;K131R;H194D;M311F;D321K;E325K;A372E;E393Q;A413E;V415I,2.1159976799432862,0.004335272312164307,-0.0033245086669921875,0.2182295039062497,0.09699089062499944,0.001407790184020996,18.74999992251396,-11.420936692506075,3.388784170150757,3,-5.3,14.04241216908373
PH20_POOL_0064,S23T;E32I;H194D;I310L;D321K;E325K;A372E;Q394T;V415I;A420S,2.110745113707819,0.00402909517288208,-0.003529071807861328,0.20368087031249998,0.08082574218749983,0.001822197437286377,19.28749998807907,-7.581801190972328,5.725341558456421,3,0.0,14.04241216908373
PH20_POOL_0065,S23T;E32V;K131R;H194D;M311I;M314R;D321K;E393Q;A413E;A420S,2.1104988173877204,0.004145705699920654,-0.0033245086669921875,0.2004478406249998,0.06466059374999933,0.0011023640632629394,17.7500000834465,-5.061507117003202,6.515370845794678,3,-5.3,14.04241216908373
PH20_POOL_0066,E32V;K131R;Q144N;H194D;M311F;D321K;E325K;A372E;A413E;V415I,2.1098308293965826,0.004401004314422608,-0.0033245086669921875,0.20368087031249962,0.08082574218749938,0.0017894864082336425,19.212499994039536,-13.309133429080248,4.386583089828491,2,-5.3,14.04241216908373
PH20_POOL_0067,S23T;E32V;H194D;V238L;M314R;D321K;E325K;A372E;A413E;A420T,2.107698556103441,0.0038341641426086425,-0.003740072250366211,0.20853041484374968,0.08890831640624963,0.0014290213584899902,20.40000009536743,-8.064020786434412,5.992973804473877,3,-5.7,14.04241216908373
PH20_POOL_0068,S23T;E32V;K131R;H194D;M314R;D321K;A372E;E393Q;V415I;D419E,2.1075464643032547,0.0040366888046264645,-0.0033245086669921875,0.20206435546874973,0.07274316796874958,0.0018363595008850098,18.462500035762787,-6.6657658368349075,8.203977108001709,3,0.0,14.04241216908373
PH20_POOL_0069,S23T;E32V;H194D;M311L;D321K;E325K;A372T;A413E;V415I;D419E,2.1070782395658605,0.004342353343963623,-0.004182040691375732,0.21014692968749965,0.08890831640624963,0.0016321659088134766,16.412500023841858,-6.946667779237032,3.9868252277374268,3,-5.3,14.04241216908373
PH20_POOL_0070,S23T;E32V;K131R;H194D;I310L;M314R;D321K;E393Q;A413E;A420T,2.1058522065763676,0.0037076354026794435,-0.0033245086669921875,0.2004478406249997,0.06466059374999933,0.001808476448059082,18.275000059604643,-1.747182372957468,9.589470624923706,3,-5.3,14.04241216908373
PH20_POOL_0071,S23T;E32V;K131R;H194D;M311F;M314R;E325K;A413E;V415I;A420S,2.1022213386936675,0.004013621807098388,-0.0033245086669921875,0.2117634445312498,0.10507346484374924,0.001699650287628174,16.52500015795231,-6.336578655987978,5.188288450241089,2,-5.3,14.04241216908373
PH20_POOL_0072,S23T;E32V;K131R;Q144N;H194D;M311F;D321K;E325K;A413E;T418V,2.1021560852169627,0.003908848762512207,-0.0033245086669921875,0.2182295039062497,0.08890831640624963,0.0013763546943664552,17.862500059604645,-5.502849821001291,6.953485012054443,3,-5.3,14.04241216908373
PH20_POOL_0073,E32V;Q144N;H194D;M311F;M314R;D321K;A372E;E393Q;V415I;D419E,2.101702109065136,0.004451084136962891,-0.003740072250366211,0.2004478406249998,0.07274316796874958,0.0017242908477783203,20.975000029802324,-16.319313295185566,6.538427829742432,3,0.0,14.04241216908373
PH20_POOL_0074,E32V;Q144N;H194D;M311I;M314R;D321K;E325K;A372E;A413E;V415I,2.09765184122624,0.004356610774993897,-0.003740072250366211,0.2004478406249996,0.056578019531249524,0.001138889789581299,21.075000077486038,-12.732131998986006,4.084452867507935,3,-5.3,14.04241216908373
PH20_POOL_0075,S23T;E32T;K131R;H194D;M311F;M314R;D321K;Q394T;A413E;V415I,2.095142637067713,0.004674363136291504,-0.0026979446411132812,0.20368087031249987,0.10507346484374969,0.0022515177726745604,17.91250011920929,-16.918258361518383,2.868919610977173,2,-5.3,14.04241216908373
PH20_POOL_0076,S23T;E32V;H194D;M311F;M314R;D321K;A372S;E393Q;A413E;D419E,2.0947583731010173,0.004452419281005859,-0.003740072250366211,0.2004478406249998,0.08082574218749983,0.0012855291366577148,18.40000009536743,-12.569974530488253,6.370568037033081,3,-5.3,14.04241216908373
PH20_POOL_0077,S23T;E32I;K131R;H194D;V238L;I310L;M314R;D321K;V415I;A420S,2.0932838035782195,0.003976774215698242,-0.0033245086669921875,0.20044784062500015,0.06466059374999977,0.0014305710792541504,16.32500010728836,-2.7804491445422173,10.445024251937866,3,-0.40000000000000036,14.04241216908373
PH20_POOL_0078,S23T;E32V;K131R;H194D;M311L;M314R;D321K;A413E;V415I;A420S,2.09258578584504,0.004284477233886719,-0.0033245086669921875,0.20206435546874985,0.07274316796874958,0.0018992662429809571,15.875000143051148,-6.771583452820778,6.838182687759399,2,-5.3,14.04241216908373
PH20_POOL_0079,S23T;E32V;H194D;V238L;I310L;D321K;E325K;A372E;Q394T;T418V,2.089510675365805,0.003564178943634033,-0.003529071807861328,0.20206435546874985,0.08890831640624963,0.001524949073791504,19.2625,-3.4288976415991783,7.114977598190308,3,-0.40000000000000036,14.04241216908373
PH20_POOL_0080,S23T;E32V;K131R;H194D;I310L;M314R;D321K;Q350R;A413E;V415I,2.0893632717903254,0.0039409279823303224,-0.002908945083618164,0.20206435546874973,0.08890831640624963,0.001699650287628174,16.67500011920929,-4.8600420244038105,9.243872880935669,3,-5.3,14.04241216908373
PH20_POOL_0081,S23T;E32T;H194D;V238L;M311F;M314R;D321K;A372E;E393Q;A420T,2.088752310303286,0.004287815093994141,-0.0033245086669921875,0.20044784062499987,0.08890831640624697,0.002004969120025635,20.71250002384186,-14.84591219574213,4.632803678512573,3,-0.40000000000000036,14.04241216908373
PH20_POOL_0082,E32I;K131R;H194D;M311F;M314R;D321K;E393Q;A413E;V415I;A420S,2.0875618902897513,0.004548084735870361,-0.0033245086669921875,0.21337995937499993,0.08082574218749938,0.001407790184020996,17.53750005364418,-12.777619790285826,5.616528034210205,3,-5.3,14.04241216908373
PH20_POOL_0083,S23T;E32V;K131R;H194D;M311L;M314R;D321K;E325K;A372E;A413E,2.0875237100837034,0.003718113899230957,-0.0033245086669921875,0.22146253359374973,0.08890831640624963,0.00154646635055542,19.712500083446503,-6.4764363914728165,5.644507884979248,3,-5.3,14.04241216908373
PH20_POOL_0084,E32T;K131R;H194D;V238L;M311F;D321K;E325K;A372T;A413E;T418V,2.0787121130826196,0.004698634147644043,-0.0033509135246276855,0.2036808703124997,0.08890831640624697,0.0016331791877746582,16.92499997019768,-12.782080691307783,1.7666778564453125,3,-5.7,14.04241216908373
PH20_POOL_0085,S23T;E32T;H194D;M311F;D321K;E325K;A372E;Q394T;A413E;A420T,2.0761814237723932,0.004425513744354248,-0.0031135082244873047,0.20206435546874965,0.11315603906249949,0.002484583854675293,20.425,-18.22242519631982,-0.2996659278869629,2,-5.3,14.04241216908373
PH20_POOL_0086,S23T;E32I;H194D;M311F;M314R;D321K;A372E;E393K;A413E;D419E,2.074289534483303,0.004287052154541016,-0.003740072250366211,0.2069138999999999,0.10507346484374702,0.001316666603088379,20.362500047683717,-16.48327286541462,4.667783975601196,3,-5.3,14.04241216908373
PH20_POOL_0087,S23T;E32V;V238L;M311F;D321K;E325K;A372E;A413E;V415I;A420T,2.0736252584883132,0.004852294921875,-0.004155635833740234,0.20529738515624968,0.08890831640624963,0.0013532161712646485,14.062499991059303,-10.730438683182001,3.53922438621521,3,-5.7,14.683852653805417
PH20_POOL_0088,S23T;E32V;H194D;V238L;M311F;D321K;E325K;A413E;D417E;A420T,2.0727373689814437,0.004119455814361572,-0.0033245086669921875,0.21822950390624962,0.11315603906249949,0.0015413761138916016,17.700000071525572,-10.39006618782878,4.1962268352508545,3,-5.7,14.04241216908373
PH20_POOL_0089,S23T;E32V;K131R;Q144N;H194D;M311I;D321K;E325K;A413E;V415I,2.0668069013144965,0.004035985469818116,-0.0033245086669921875,0.20206435546874965,0.06466059374999977,0.001190626621246338,16.925000059604645,-3.8021233528852463,5.811342000961304,3,-5.3,14.04241216908373
PH20_POOL_0090,S23T;E32V;H194D;V238L;M311F;D321K;E325K;A372E;Q394T;V415I,2.0666179363625194,0.003892183303833008,-0.003529071807861328,0.22792859296874984,0.1293211875,0.001524674892425537,19.32500002384186,-12.573900379240513,4.7029478549957275,3,-0.40000000000000036,14.04241216908373
PH20_POOL_0091,S23T;E32V;H194D;V238L;M311F;M314R;D321K;Q350R;A413E;A420S,2.063992080921022,0.004270946979522705,-0.0033245086669921875,0.20853041484374996,0.10507346484374702,0.0011716008186340332,17.987500154972075,-13.24570594355464,6.412744760513306,3,-5.7,14.04241216908373
PH20_POOL_0092,E32V;K131R;H194D;M311F;D321K;Q350R;E393Q;A413E;V415I;A420S,2.0638614141627154,0.004618442058563233,-0.002908945083618164,0.2004478406249997,0.10507346484374924,0.0017892122268676758,15.662499994039536,-12.864045031368732,4.8964948654174805,3,-5.3,14.04241216908373
PH20_POOL_0093,S23T;E32V;H194D;V238L;M311I;D321K;E325K;Q394T;A413E;V415I,2.0598290254084635,0.004128503799438477,-0.003529071807861328,0.20529738515624976,0.09699089062499988,0.0009887218475341797,16.912500071525574,-7.238631285727024,3.284191608428955,3,-5.7,14.04241216908373
PH20_POOL_0094,E32V;K131R;H194D;V238L;M311F;D321K;E325K;Q394T;A413E;V415I,2.0579191197907343,0.004353344440460205,-0.0031135082244873047,0.21984601874999976,0.11315603906249949,0.001524674892425537,16.87500004172325,-12.500826492905617,3.5171051025390625,3,-5.7,14.04241216908373
PH20_POOL_0095,S23T;E32V;K131R;H194D;V238L;M311I;D321K;E325K;A413E;T418V,2.0562149270750982,0.003808248043060303,-0.0033245086669921875,0.21014692968749965,0.08082574218749938,0.0008378267288208008,15.562500059604645,-0.38120898604393005,5.734460115432739,3,-5.7,14.04241216908373
PH20_POOL_0096,S23T;E32V;K131R;H194D;M311I;M314R;D321K;A413E;V415I;D419E,2.05318162015704,0.004226565361022949,-0.0033245086669921875,0.20368087031249962,0.06466059374999933,0.0014513015747070312,15.875000143051148,-6.698742315173149,6.096454858779907,2,-5.3,14.04241216908373
PH20_POOL_0097,S23T;E32I;K131R;H194D;M314R;D321K;E325K;A372E;A413E;D419E,2.05287697264285,0.0038779377937316895,-0.0033245086669921875,0.21014692968749982,0.07274316796874958,0.0013410210609436034,19.600000071525574,-7.972909614443779,5.327270030975342,3,-5.3,14.04241216908373
PH20_POOL_0098,E32V;K131R;H194D;V238L;M311I;D321K;E325K;A372E;V415I;D419E,2.04633926146169,0.004300403594970703,-0.0033245086669921875,0.20529738515624957,0.07274316796874913,0.0014490008354187012,16.687499994039534,-8.09814491122961,4.280612468719482,3,-0.40000000000000036,14.04241216908373
PH20_POOL_0099,S23T;E32V;H194D;V238L;M311F;M314R;D321K;Q394T;V415I;A420S,2.044859103362579,0.004104995727539062,-0.003529071807861328,0.22307904843750004,0.11315603906249994,0.001524674892425537,18.112500154972075,-13.627085447311401,6.930691719055176,3,-0.40000000000000036,14.04241216908373
PH20_POOL_0100,S23T;E32I;K131R;H194D;M311I;D321K;E325K;A413E;V415I;D419E,2.04399448899423,0.004195809364318848,-0.0033245086669921875,0.21176344453124968,0.07274316796874958,0.0011578679084777832,15.312500047683717,-4.371836267411709,4.056138038635254,3,-5.3,14.04241216908373
PH20_POOL_0101,E32V;K131R;H194D;V238L;I310L;D321K;E325K;A372E;Q394T;V415I,2.043902561549803,0.00391615629196167,-0.0031135082244873047,0.2004478406249998,0.08082574218749938,0.0018751740455627442,18.28749997019768,-7.369867485016584,6.205748081207275,3,-0.40000000000000036,14.04241216908373
PH20_POOL_0102,S23T;E32T;K131R;H194D;M311F;D321K;A372E;E393K;V415I;A420T,2.0429693260009203,0.004469668865203858,-0.002908945083618164,0.20206435546874965,0.11315603906249594,0.002771902084350586,17.562499952316283,-15.752271935343742,3.983938217163086,3,0.0,14.04241216908373
PH20_POOL_0103,E32V;K131R;H194D;M311L;D321K;E325K;A372E;E393Q;A413E;T418V,2.0409269827992897,0.0039229273796081545,-0.0033245086669921875,0.20206435546874957,0.07274316796874913,0.0016363024711608886,17.91249993443489,-5.22611103951931,4.047648668289185,3,-5.3,14.04241216908373
PH20_POOL_0104,S23T;E32I;K131R;H194D;V238L;D321K;E325K;A372E;V415I;A420S,2.040046766936519,0.003916800022125244,-0.0033245086669921875,0.20368087031249998,0.08082574218749983,0.0014305710792541504,16.925,-5.238034855574369,6.435563325881958,3,-0.40000000000000036,14.04241216908373
PH20_POOL_0105,S23T;E32V;K131R;H194D;I310L;M314R;D321K;Q394T;V415I;D419E,2.0367734553736176,0.003842318058013916,-0.0031135082244873047,0.20853041484374985,0.07274316796874958,0.002075517177581787,17.25000011920929,-5.718437891453505,9.134644746780396,3,0.0,14.04241216908373
PH20_POOL_0106,S23T;E32V;K131R;H194D;D321K;E325K;Q350R;A372E;A413E;V415I,2.032429031750874,0.003880953788757324,-0.002908945083618164,0.20529738515624957,0.10507346484374969,0.001699650287628174,17.27500001192093,-7.485682435333729,5.234411954879761,3,-5.3,14.04241216908373
PH20_POOL_0107,E32V;K131R;H194D;V238L;M311F;M314R;D321K;A372E;E393Q;D419E,2.031168402528531,0.00404132604598999,-0.0033245086669921875,0.21014692968749982,0.08890831640624741,0.0014835596084594727,19.437500017881394,-12.985013160854578,6.655602216720581,3,-0.40000000000000036,14.04241216908373
PH20_POOL_0108,S23T;E32I;H194D;M311F;M314R;D321K;E325K;A372E;A413E;D417E,2.0297462036469502,0.0038825154304504396,-0.0033245086669921875,0.2295451078124998,0.10507346484374969,0.0011406898498535155,21.400000083446503,-15.161566473543644,3.53409481048584,3,-5.3,14.04241216908373
PH20_POOL_0109,S23T;E32T;H194D;M311L;D321K;E325K;A372T;A413E;V415I;A420T,2.029268267047843,0.0044162988662719725,-0.003766477108001709,0.2004478406249996,0.08890831640624963,0.002328824996948242,16.7375,-10.678790986537933,1.4650628566741943,3,-5.3,14.04241216908373
PH20_POOL_0110,S23T;E32V;K131R;Q144N;H194D;M311F;M314R;D321K;A413E;V415I,2.0272106444813724,0.003935122489929199,-0.0033245086669921875,0.21014692968749982,0.08082574218749983,0.0015513300895690918,18.07500014305115,-10.514097481966019,8.05610179901123,2,-5.3,14.04241216908373
PH20_POOL_0111,E32I;K131R;H194D;I310L;D321K;E325K;A372T;A413E;V415I;D419E,2.023905712227543,0.004254150390625,-0.003766477108001709,0.2004478406249997,0.05657801953124908,0.0015791773796081543,16.23749995827675,-6.477341517806053,5.2410266399383545,3,-5.3,14.04241216908373
PH20_POOL_0112,S23T;E32V;H194D;V238L;M311F;M314R;E325K;A372E;V415I;D419E,2.0231233749806226,0.003684401512145996,-0.003740072250366211,0.20691389999999982,0.11315603906249949,0.0015448927879333496,18.250000122189523,-9.074137423187494,5.095606327056885,2,-0.40000000000000036,14.04241216908373
PH20_POOL_0113,S23T;E32I;K131R;H194D;V238L;M311L;D321K;E325K;A413E;A420S,2.017243324008546,0.003929018974304199,-0.0033245086669921875,0.20044784062500004,0.08082574218749983,0.0011901259422302246,15.662500047683716,-3.302528776228428,4.911312818527222,3,-5.7,14.04241216908373
PH20_POOL_0114,E32V;K131R;H194D;M311F;M314R;D321K;A372E;E393Q;A413E;A420K,2.014440308143567,0.004352176189422607,-0.002908945083618164,0.20529738515624968,0.08082574218749716,0.0017869234085083007,19.762500017881393,-16.274523250758648,3.5076799392700195,3,-5.3,14.04241216908373
PH20_POOL_0115,S23T;E32I;K131R;H194D;V238L;M311F;D321K;E393Q;V415I;A420S,2.014113490401459,0.003975594043731689,-0.0033245086669921875,0.2101469296875001,0.09699089062499988,0.0012819766998291016,15.3875,-6.609281301498413,7.539421081542969,3,-0.40000000000000036,14.04241216908373
PH20_POOL_0116,S23T;E32I;H194D;V238L;M311F;D321K;E325K;Q394T;A413E;V415I,2.0136074498133474,0.003996884822845459,-0.003529071807861328,0.22146253359374998,0.12123861328125018,0.0010559916496276855,17.500000059604645,-11.507253348827362,3.4886345863342285,3,-5.7,14.04241216908373
PH20_POOL_0117,S23T;E32V;Q144N;H194D;V238L;M311F;M314R;D321K;A372E;E393Q,2.0118007898356325,0.003525042533874512,-0.003740072250366211,0.20206435546875,0.08890831640625008,0.0010476350784301759,21.675000047683717,-11.324834149330854,8.382335662841797,3,-0.40000000000000036,14.04241216908373
PH20_POOL_0118,S23T;E32I;K131R;H194D;I310L;M314R;D321K;A372E;E393Q;V415I,2.011358156588094,0.0034322023391723635,-0.0033245086669921875,0.20529738515624993,0.06466059374999977,0.0015201330184936523,19.025,-3.858704473823309,9.746945858001709,3,0.0,14.04241216908373
PH20_POOL_0119,S23T;E32V;K131R;H194D;V238L;M311F;M314R;E325K;E393Q;A413E,2.0067273471618234,0.0033860087394714357,-0.0033245086669921875,0.2069138999999999,0.10507346484374924,0.0009577989578247071,17.750000098347662,-2.9696031473577023,5.770454406738281,3,-5.7,14.04241216908373
PH20_POOL_0120,S23T;E32V;H194D;M311F;D321K;E325K;Q350R;A372E;A413E;D417E,2.0021546166228497,0.00395287275314331,-0.002908945083618164,0.21661298906249957,0.12932118749999955,0.0015221118927001953,19.52500002384186,-15.424860391765833,2.8140616416931152,3,-5.3,14.04241216908373
PH20_POOL_0121,S23T;E32V;K131R;H194D;V238L;M311I;M314R;D321K;V415I;A420S,2.000387418302347,0.0039118766784667965,-0.0033245086669921875,0.21176344453124987,0.07274316796874958,0.001188051700592041,15.825000143051147,-5.319318626075983,8.23881721496582,3,-0.40000000000000036,14.04241216908373
PH20_POOL_0122,S23T;E32V;K131R;H194D;V238L;I310L;M314R;D321K;V415I;A420T,1.9994745673710603,0.003473806381225586,-0.0033245086669921875,0.2117634445312498,0.07274316796874958,0.0018941640853881836,16.35000011920929,-1.8352775238454342,11.312916994094849,3,-0.40000000000000036,14.04241216908373
PH20_POOL_0123,S23T;E32V;H194D;M311I;M314R;D321K;E393Q;A413E;V415I;A420T,1.992541899156879,0.0038202762603759765,-0.003740072250366211,0.21014692968749954,0.07274316796874958,0.0013354301452636718,17.60000009536743,-6.7121011689305305,6.25150728225708,3,-5.3,14.04241216908373
PH20_POOL_0124,S23T;E32V;H194D;M311F;D321K;E325K;A372E;Q394T;D417E;A420S,1.9862485353383603,0.003931617736816407,-0.0031135082244873047,0.22307904843749976,0.11315603906249949,0.0018751859664916993,20.375000023841856,-16.29876622185111,2.9935195446014404,3,0.0,14.04241216908373
PH20_POOL_0125,S23T;E32V;K131R;H194D;V238L;M311F;M314R;D321K;A372E;V415I,1.985480298519608,0.0035982012748718263,-0.0033245086669921875,0.22469556328124982,0.10507346484374969,0.0015487551689147949,18.187500095367433,-10.84491204842925,8.255833148956299,2,-0.40000000000000036,14.04241216908373
PH20_POOL_0126,E32I;Q144N;H194D;V238L;M311F;M314R;D321K;E325K;A372E;A413E,1.9836273703078577,0.003900289535522461,-0.003740072250366211,0.20691389999999998,0.08082574218749983,0.0007904529571533203,22.01250006556511,-15.933494735509157,4.402342796325684,3,-5.7,14.04241216908373
PH20_POOL_0127,E32V;K131R;H194D;M311F;D321K;E325K;A372E;Q394T;A413E;D419E,1.9832374318206192,0.004179024696350097,-0.0031135082244873047,0.2117634445312496,0.096990890624999,0.0019631743431091308,19.149999994039536,-16.499243766069412,1.723132610321045,2,-5.3,14.04241216908373
PH20_POOL_0128,S23T;E32T;K131R;H194D;M311I;D321K;E325K;A372E;Q394T;V415I,1.982245423220314,0.004141521453857422,-0.0026979446411132812,0.2036808703124997,0.08890831640624963,0.0020660638809204103,18.26249998807907,-11.853678204119205,1.3110387325286865,3,0.0,14.04241216908373
PH20_POOL_0129,E32V;K131R;H194D;M311L;D321K;E325K;Q394T;A413E;V415I;D419E,1.9735539822999388,0.0043285608291625975,-0.0031135082244873047,0.20529738515624968,0.08082574218749938,0.002073228359222412,15.787500041723252,-10.163628224283457,2.497647523880005,3,-5.3,14.04241216908373
PH20_POOL_0130,S23T;E32V;H194D;M311F;D321K;E325K;A372S;Q394T;A413E;D419E,1.9628855524423237,0.0041980743408203125,-0.003529071807861328,0.21014692968749973,0.09699089062499988,0.0015246868133544922,17.787500071525574,-14.437631163746119,3.2917747497558594,3,-5.3,14.04241216908373
PH20_POOL_0131,S23T;E32V;H194D;M311I;M314R;D321K;Q394T;A413E;V415I;A420S,1.9606765895525422,0.004099655151367188,-0.003529071807861328,0.2004478406249998,0.07274316796874958,0.0014044284820556641,17.525000154972076,-11.987692575901747,4.345138072967529,2,-5.3,14.04241216908373
PH20_POOL_0132,E32V;K131R;H194D;M311F;M314R;D321K;Q394T;A413E;V415I;A420S,1.9598364180313403,0.004324495792388916,-0.0031135082244873047,0.2149964742187498,0.08890831640624919,0.0019403815269470215,17.487500125169753,-17.20126350596547,4.578051567077637,2,-5.3,14.04241216908373
PH20_POOL_0133,E32V;Q144N;H194D;M311F;M314R;D321K;E325K;A372E;A413E;T418S,1.959513715038647,0.004215621948242187,-0.0033245086669921875,0.2117634445312498,0.07274316796874958,0.0012363553047180175,22.462500077486037,-20.748578794300556,2.4189703464508057,3,-5.3,14.04241216908373
PH20_POOL_0134,E32I;Q144N;H194D;M311F;D321K;E325K;Q394T;A413E;V415I;A420S,1.9589194214117909,0.004378795623779297,-0.003529071807861328,0.20368087031249998,0.08082574218749983,0.0014719724655151366,18.81250004172325,-16.889610841870308,2.5340073108673096,3,-5.3,14.04241216908373
PH20_POOL_0135,S23T;E32I;K131R;H194D;V238L;M311F;M314R;D321K;E393Q;A413E,1.958901540241308,0.0035446882247924805,-0.0033245086669921875,0.21499647421875007,0.09699089062499988,0.0007539272308349609,17.962500071525575,-7.861962303519249,7.171749830245972,3,-5.7,14.04241216908373
PH20_POOL_0136,E32V;K131R;H194D;V238L;I310L;M314R;D321K;A372T;V415I;D419E,1.9519910772770837,0.0038928627967834474,-0.003766477108001709,0.2004478406249998,0.05657801953124908,0.0016321539878845215,16.47500005364418,-7.028578873723745,9.135019779205322,3,-0.40000000000000036,14.04241216908373
PH20_POOL_0137,S23T;E32V;K131R;Q144N;H194D;M311F;D321K;A372E;E393K;V415I,1.9512873869102971,0.0037068963050842286,-0.0033245086669921875,0.2036808703124998,0.10507346484374969,0.001814568042755127,18.524999976158142,-12.165978897362947,7.73347020149231,3,0.0,14.04241216908373
PH20_POOL_0138,S23T;E32T;K131R;H194D;M311F;M314R;D321K;A372T;A413E;A420K,1.9440719520744996,0.004501760005950928,-0.002935349941253662,0.2036808703124998,0.08082574218749672,0.0020714044570922852,18.037500071525574,-17.642889585345984,1.9377124309539795,3,-5.3,14.04241216908373
PH20_POOL_0139,S23T;E32V;K131R;H194D;V238L;D321K;E325K;A372E;V415I;A420T,1.941714262029713,0.003413832187652588,-0.0033245086669921875,0.21499647421874962,0.08890831640624963,0.0018941640853881836,16.950000011920928,-4.498466357588768,7.30345606803894,3,-0.40000000000000036,14.04241216908373
PH20_POOL_0140,S23T;E32V;K131R;H194D;M311I;D321K;E325K;Q394T;A413E;D419E,1.9410188530885086,0.0038140058517456056,-0.0031135082244873047,0.21014692968749965,0.08082574218749938,0.0013643145561218263,16.862500059604645,-6.955626901239157,3.1478915214538574,3,-5.3,14.04241216908373
PH20_POOL_0141,S23T;E32V;K131R;H194D;M311L;M314R;E325K;E393Q;A413E;V415I,1.9406836040665116,0.0032938838005065916,-0.0033245086669921875,0.2004478406249998,0.08890831640624963,0.0014835596084594727,16.212500098347665,-0.10858378931879997,5.378171920776367,3,-5.3,14.04241216908373
PH20_POOL_0142,S23T;E32V;K131R;H194D;M311I;M314R;D321K;A372E;E393K;A413E,1.9397949965169958,0.0036447882652282716,-0.0033245086669921875,0.20206435546874965,0.08082574218749672,0.0011636972427368163,19.175000047683717,-9.744723904877901,5.694838047027588,3,-5.3,14.04241216908373
PH20_POOL_0143,S23T;E32T;K131R;H194D;M311F;M314R;E325K;Q394T;V415I;D419E,1.9365483345805943,0.003986680507659912,-0.0026979446411132812,0.2069138999999999,0.11315603906249949,0.0023599982261657713,17.15000013411045,-12.495975319296122,2.053244113922119,3,0.0,14.04241216908373
PH20_POOL_0144,S23T;E32V;K131R;H194D;M311F;D321K;A372T;E393K;A413E;D419E,1.9362577511534955,0.003959870338439942,-0.003766477108001709,0.20853041484374968,0.10507346484374658,0.0015471935272216796,16.637499976158143,-11.934079013764858,5.37335467338562,3,-5.3,14.04241216908373
PH20_POOL_0145,S23T;E32V;Q144N;H194D;M311F;M314R;D321K;E393Q;A413E;T418S,1.934971675273261,0.003945076465606689,-0.0033245086669921875,0.20044784062499996,0.07274316796875002,0.0010248541831970215,20.30000009536743,-15.059860847890377,5.18464994430542,3,-5.3,14.04241216908373
PH20_POOL_0146,S23T;E32I;K131R;H194D;I310L;D321K;E325K;Q350R;A372E;A413E,1.9331768484686223,0.003343808650970459,-0.002908945083618164,0.2004478406249998,0.08890831640624963,0.0014062166213989259,18.28749997615814,-5.243698053061962,6.150205612182617,3,-5.3,14.04241216908373
PH20_POOL_0147,S23T;E32V;K131R;H194D;V238L;M311F;D321K;Q350R;V415I;A420S,1.9313500025054877,0.0038506150245666503,-0.002908945083618164,0.21499647421874987,0.12123861328124974,0.0016367435455322266,14.537500071525574,-9.634155206382275,7.723227024078369,3,-0.40000000000000036,14.04241216908373
PH20_POOL_0148,S23T;E32V;H194D;M311F;M314R;D321K;A372E;Q394T;V415I;D419E,1.930669795903403,0.0037859797477722166,-0.003529071807861328,0.22307904843749976,0.10507346484374969,0.0019631743431091308,19.66250010728836,-17.312541227787733,5.475208282470703,2,0.0,14.04241216908373
PH20_POOL_0149,S23T;E32V;K131R;H194D;I310L;M314R;D321K;Q350R;A372E;D419E,1.9284457628077198,0.0033745646476745607,-0.002908945083618164,0.20206435546874973,0.08082574218749672,0.0018976926803588867,18.625000071525573,-7.31615673750639,9.303576707839966,3,0.0,14.04241216908373
PH20_POOL_0150,S23T;E32I;H194D;M311L;D321K;E325K;Q394T;A413E;V415I;D419E,1.92665335990041,0.003972101211547852,-0.003529071807861328,0.2069138999999999,0.08890831640625008,0.0016045451164245605,16.412500059604646,-9.287734735757113,2.469177007675171,3,-5.3,14.04241216908373
PH20_POOL_0151,S23T;E32T;H194D;V238L;M311F;M314R;D321K;Q394T;V415I;A420T,1.9256493236298249,0.00410158634185791,-0.0031135082244873047,0.21337995937499993,0.11315603906249994,0.002244126796722412,18.16250013113022,-17.558065604418516,4.120243310928345,3,-0.40000000000000036,14.04241216908373
PH20_POOL_0152,E32V;Q144N;H194D;V238L;M311F;D321K;E325K;Q394T;A413E;T418V,1.9251892855714547,0.00391387939453125,-0.003529071807861328,0.20206435546874985,0.08890831640624963,0.0011747241020202636,18.78750005364418,-13.304693542420864,3.9236433506011963,3,-5.7,14.04241216908373
PH20_POOL_0153,S23T;E32V;K131R;H194D;I310L;M314R;E325K;Q394T;V415I;A420S,1.9247271800434576,0.0032319903373718263,-0.0031135082244873047,0.20206435546874993,0.08082574218749938,0.001963162422180176,16.98750013411045,-1.7503814846277237,7.494601011276245,3,0.0,14.04241216908373
PH20_POOL_0154,S23T;E32I;Q144N;H194D;M314R;D321K;E325K;A372E;A413E;T418V,1.9245804724276276,0.003371131420135498,-0.003740072250366211,0.20044784062499987,0.05657801953124997,0.0009682774543762207,21.0625000834465,-8.149451572448015,6.360983371734619,3,-5.3,14.04241216908373
PH20_POOL_0155,E32T;K131R;H194D;V238L;M311F;M314R;D321K;A372E;V415I;A420T,1.9241342129262453,0.0042734861373901365,-0.002908945083618164,0.2036808703124997,0.08890831640624919,0.002506363391876221,18.16250005364418,-18.760370392352343,4.003609895706177,2,-0.40000000000000036,14.04241216908373
PH20_POOL_0156,S23T;E32V;H194D;V238L;M311L;M314R;D321K;A372E;E393Q;T418V,1.9241331239936132,0.0032051801681518555,-0.003740072250366211,0.20368087031249987,0.08082574218749983,0.0012205958366394043,18.775000047683715,-4.809573154896498,7.913171291351318,3,-0.40000000000000036,14.04241216908373
PH20_POOL_0157,S23T;E32V;K131R;H194D;I310L;M314R;D321K;A372E;E393Q;T418S,1.9222646717533671,0.003422832489013672,-0.002908945083618164,0.20044784062499987,0.056578019531249524,0.0015503287315368653,19.825000011920928,-7.478208035230637,7.877020359039307,3,0.0,14.04241216908373
PH20_POOL_0158,S23T;E32I;Q144N;H194D;M311I;D321K;E325K;A372E;V415I;A420S,1.9210506960183593,0.003724515438079834,-0.003740072250366211,0.20044784062499987,0.05657801953124997,0.0011353492736816406,18.97500001192093,-8.750184129923582,5.027975559234619,3,0.0,14.04241216908373
PH20_POOL_0159,S23T;E32V;K131R;H194D;M311I;D321K;E325K;A372E;A413E;D417E,1.920639206105588,0.003661143779754639,-0.002908945083618164,0.20206435546874948,0.07274316796874913,0.0013633131980895995,18.03750001192093,-8.155942521989346,2.899904727935791,2,-5.3,14.04241216908373
PH20_POOL_0160,E32V;Q144N;H194D;M311F;M314R;D321K;A372T;E393Q;A413E;V415I,1.9205848119749585,0.003947889804840088,-0.004182040691375732,0.20529738515624976,0.07274316796874958,0.0011734485626220704,19.925000029802323,-15.652695022523403,6.033257007598877,3,-5.3,14.04241216908373
PH20_POOL_0161,S23T;E32V;K131R;H194D;M311L;D321K;E325K;A372E;D417E;D419E,1.9186785051800717,0.003641700744628906,-0.002908945083618164,0.21014692968749965,0.08082574218749938,0.0020321130752563475,17.53750001192093,-7.538958817720413,4.46600079536438,3,0.0,14.04241216908373
PH20_POOL_0162,S23T;E32I;K131R;V238L;M311F;M314R;D321K;A413E;V415I;A420S,1.9183420931284638,0.004716837406158447,-0.003740072250366211,0.20044784062500015,0.06466059374999977,0.000826716423034668,11.950000098347664,-10.694891232997179,5.841886520385742,3,-5.7,14.683852653805417
PH20_POOL_0163,S23T;E32V;K131R;H194D;I310L;M314R;D321K;Q394T;A413E;T418V,1.9170317672451338,0.0033177971839904786,-0.0031135082244873047,0.2004478406249998,0.06466059374999933,0.0017024993896484375,17.50000011920929,-4.427859656512737,8.431856155395508,2,-5.3,14.04241216908373
PH20_POOL_0164,S23T;E32T;K131R;H194D;M311F;M314R;E325K;A372T;A413E;V415I,1.916552773374854,0.0038279294967651367,-0.0033509135246276855,0.20206435546874973,0.10507346484374924,0.0018961429595947266,17.050000086426735,-11.391679961234331,1.930403709411621,2,-5.3,14.04241216908373
PH20_POOL_0165,S23T;E32V;Q144N;H194D;V238L;M311F;D321K;E393Q;V415I;A420T,1.9154790956925158,0.0035576820373535156,-0.003740072250366211,0.20206435546874985,0.08890831640625008,0.001570594310760498,17.300000023841857,-8.27460365742445,8.403586387634277,3,-0.40000000000000036,14.04241216908373
PH20_POOL_0166,S23T;E32V;K131R;H194D;M311F;D321K;E325K;Q394T;A413E;D417E,1.914381379804109,0.0037140846252441406,-0.0026979446411132812,0.2263120781249997,0.11315603906249949,0.0016370296478271484,18.000000059604645,-12.48233436793089,3.2494516372680664,3,-5.3,14.04241216908373
PH20_POOL_0167,S23T;E32I;K131R;H194D;I310L;D321K;E325K;Q394T;A413E;T418V,1.9122391008135404,0.003287041187286377,-0.0031135082244873047,0.20853041484374985,0.07274316796874958,0.0014090657234191895,16.937500023841856,-1.9012052118778229,6.3915393352508545,3,-5.3,14.04241216908373
PH20_POOL_0168,S23T;E32V;H194D;V238L;M311L;M314R;D321K;Q350R;A413E;V415I,1.9101196480675557,0.0037094235420227053,-0.0033245086669921875,0.20044784062499987,0.10507346484375013,0.0012816548347473144,16.075000154972077,-8.853707738220692,6.472398281097412,3,-5.7,14.04241216908373
PH20_POOL_0169,S23T;E32V;H194D;M311F;M314R;N322K;A372E;E393K;V415I;A420S,1.9094510957955264,0.0038690447807312013,-0.003740072250366211,0.20044784062499996,0.10507346484374658,0.00210796594619751,18.300000050663947,-14.608477886766195,5.129507303237915,3,-0.3999999999999999,14.04241216908373
PH20_POOL_0170,S23T;E32V;K131R;Q144N;H194D;M311I;D321K;E325K;A372E;D419E,1.9094039287126645,0.0034696221351623534,-0.0033245086669921875,0.20206435546874965,0.056578019531249524,0.0013886690139770508,18.87500001192093,-6.098486412316561,5.871045827865601,3,0.0,14.04241216908373
PH20_POOL_0171,E32V;K131R;H194D;M311F;D321K;E325K;A372T;A413E;D417E;D419E,1.9052287060683961,0.004156672954559326,-0.0033509135246276855,0.21984601874999948,0.08890831640624874,0.0016321659088134766,17.324999994039537,-14.929780539125204,2.509204626083374,3,-5.3,14.04241216908373
PH20_POOL_0172,S23T;E32V;K131R;H194D;V238L;D321K;E325K;A372E;Q394T;D419E,1.903079024593114,0.0034576416015625,-0.0031135082244873047,0.20206435546874985,0.08890831640624963,0.0016598105430603027,18.200000011920928,-7.683968767523766,5.238630771636963,3,-0.40000000000000036,14.04241216908373
PH20_POOL_0173,S23T;E32V;K131R;H194D;I310L;D321K;E325K;A372E;Q394T;D417E,1.9016860450605688,0.0032768964767456053,-0.0026979446411132812,0.2069138999999997,0.08082574218749938,0.0019875288009643553,19.41249998807907,-7.2913197465240955,5.938094615936279,3,0.0,14.04241216908373
PH20_POOL_0174,S23T;E32I;K131R;H194D;M311F;M314R;D321K;A413E;V415I;A420K,1.9007787102554028,0.004013752937316895,-0.002908945083618164,0.22307904843749987,0.08890831640624963,0.0015814781188964843,16.46250013113022,-12.860818222165108,5.006651878356934,3,-5.3,14.04241216908373
PH20_POOL_0175,E32V;K131R;H194D;V238L;M314R;D321K;E325K;A372E;Q394T;A413E,1.8998354866725573,0.0036380887031555176,-0.0031135082244873047,0.2036808703124998,0.08082574218749938,0.0013471245765686035,20.25000006556511,-12.763285405933857,4.056359767913818,3,-5.7,14.04241216908373
PH20_POOL_0176,S23T;E32V;H194D;I310L;D321K;E325K;A372T;Q394T;A413E;D417E,1.899816717115005,0.0035475850105285644,-0.003555476665496826,0.2004478406249997,0.08082574218749938,0.0015223860740661622,18.9625,-9.161362208425999,4.20142674446106,3,-5.3,14.04241216908373
PH20_POOL_0177,E32V;K131R;H194D;M311I;D321K;E325K;Q350R;A372E;A413E;A420S,1.8994341875731497,0.003957605361938477,-0.002908945083618164,0.2004478406249995,0.08082574218749672,0.0014018535614013672,17.712499994039536,-11.70840798318386,2.5022237300872803,3,-5.3,14.04241216908373
PH20_POOL_0178,S23T;E32V;H194D;V238L;M311F;D321K;A372T;E393K;A413E;T418V,1.8950869842080573,0.003749847412109375,-0.004182040691375732,0.20529738515624976,0.09699089062499677,0.0009966254234313964,16.71249998807907,-10.398909501731396,5.919920444488525,3,-5.7,14.04241216908373
PH20_POOL_0179,S23T;E32V;H194D;M311V;D321K;E325K;Q394T;A413E;V415I;A420T,1.8943469819623986,0.003912794589996338,-0.003529071807861328,0.20529738515624957,0.08082574218749983,0.0016668319702148437,16.775000071525575,-10.769620425999165,4.555036306381226,3,-5.3,14.04241216908373
PH20_POOL_0180,S23T;E32T;K131R;H194D;M311F;D321K;Q350R;Q394T;V415I;A420S,1.8896973192885511,0.00429307222366333,-0.002282381057739258,0.20206435546874993,0.12123861328124974,0.0025147557258605956,15.762500047683716,-17.301329631358385,3.0231924057006836,3,0.0,14.04241216908373
PH20_POOL_0181,S23T;E32V;H194D;I310L;M314R;D321K;A372T;Q394T;A413E;V415I,1.8893437005842535,0.003479301929473877,-0.00397104024887085,0.2004478406249998,0.07274316796874958,0.0015875816345214844,18.525000083446503,-9.807829551398754,6.971801519393921,2,-5.3,14.04241216908373
PH20_POOL_0182,S23T;E32V;H194D;M311F;E325K;Q350R;A372E;E393Q;V415I;D419E,1.8881416887541336,0.0033922433853149415,-0.0033245086669921875,0.20206435546874965,0.12932118749999644,0.0017224431037902832,17.299999991059302,-8.892806056886911,3.864921808242798,3,0.0,14.04241216908373
PH20_POOL_0183,S23T;E32I;K131R;H194D;M311I;D321K;E325K;A413E;D417E;A420S,1.8878559476027044,0.0038432002067565916,-0.002908945083618164,0.20529738515624976,0.06466059374999933,0.0010698795318603515,16.262500047683716,-6.965734921395779,3.087331771850586,3,-5.3,14.04241216908373
PH20_POOL_0184,S23T;E32I;K131R;H194D;V238L;M311F;D321K;E393K;A413E;T418V,1.8863778174810564,0.003583860397338867,-0.0033245086669921875,0.20529738515624993,0.11315603906249949,0.0009930849075317383,15.337500011920929,-7.737831529229879,6.442275047302246,3,-5.7,14.04241216908373
PH20_POOL_0185,S23T;E32T;K131R;H194D;M311F;M314R;D321K;Q394T;D417E;D419E,1.8846434428726373,0.004244399070739746,-0.002282381057739258,0.2069138999999999,0.09699089062499944,0.002384364604949951,18.36250011920929,-19.4130497276783,2.7244815826416016,3,0.0,14.04241216908373
PH20_POOL_0186,S23T;E32I;K131R;H194D;M311F;M314R;E325K;E393Q;A413E;D419E,1.8820738524335134,0.003249049186706543,-0.0033245086669921875,0.2101469296874999,0.09699089062499944,0.0011028647422790527,17.525000086426736,-5.185127563774586,4.5023980140686035,3,-5.3,14.04241216908373
PH20_POOL_0187,S23T;E32I;Q144N;H194D;M311F;M314R;D321K;A372E;V415I;A420S,1.8805175059061983,0.003623652458190918,-0.003740072250366211,0.20853041484375004,0.07274316796875002,0.0014960527420043944,20.125000095367433,-15.50474613532424,7.272735357284546,2,0.0,14.04241216908373
PH20_POOL_0188,S23T;E32I;H194D;V238L;D321K;E325K;A372E;Q394T;V415I;D419E,1.8804356107388351,0.0036351799964904783,-0.003529071807861328,0.20044784062499996,0.08890831640625008,0.001429283618927002,18.02500001192093,-10.211358614265919,4.106874465942383,3,-0.40000000000000036,14.04241216908373
PH20_POOL_0189,S23T;E32I;H194D;I310L;D321K;E325K;A372T;Q394T;A413E;D419E,1.8799457149992196,0.003515887260437012,-0.00397104024887085,0.20044784062499987,0.07274316796874958,0.0013169407844543456,18.41249998807907,-7.916317705065012,4.304309606552124,3,-5.3,14.04241216908373
PH20_POOL_0190,E32I;K131R;H194D;V238L;M314R;D321K;E325K;A372E;A413E;T418V,1.8772959934935505,0.003495371341705322,-0.0033245086669921875,0.20691389999999982,0.06466059374999933,0.0009657025337219238,18.72500005364418,-8.264252088963985,5.3748719692230225,3,-5.7,14.04241216908373
PH20_POOL_0191,S23T;E32I;K131R;Q144N;H194D;I310L;D321K;E325K;A372E;T418V,1.8749093169520705,0.002942657470703125,-0.0033245086669921875,0.20044784062499987,0.04849544531249972,0.001433420181274414,18.949999976158143,-1.3038310632109642,9.114693641662598,3,0.0,14.04241216908373
PH20_POOL_0192,S23T;E32V;H194D;V238L;M311F;M314R;E325K;Q394T;A413E;V415I,1.8746137386236732,0.0033399581909179686,-0.003529071807861328,0.2069138999999999,0.12123861328124974,0.0012598633766174316,17.525000169873238,-9.825630839914083,3.600221633911133,2,-5.7,14.04241216908373
PH20_POOL_0193,S23T;E32V;K131R;H194D;I310L;M314R;D321K;Q394T;D417E;A420S,1.8741983740937098,0.00348970890045166,-0.0026979446411132812,0.20206435546874993,0.06466059374999933,0.0019875288009643553,18.20000011920929,-8.604906540364027,8.165838479995728,3,0.0,14.04241216908373
PH20_POOL_0194,S23T;E32V;H194D;V238L;M311F;M314R;E325K;A372S;V415I;A420S,1.8739643637893961,0.003608262538909912,-0.003740072250366211,0.20529738515624993,0.09699089062499988,0.0012588620185852051,16.212500169873238,-8.79774485528469,6.453970670700073,3,-0.40000000000000036,14.04241216908373
PH20_POOL_0195,E32V;K131R;Q144N;H194D;V238L;M311F;D321K;E325K;A413E;T418S,1.8739214349875652,0.004104292392730713,-0.002908945083618164,0.20044784062499987,0.07274316796874958,0.001110541820526123,17.86250004172325,-14.663760218769312,3.1560206413269043,3,-5.7,14.04241216908373
PH20_POOL_0196,S23T;E32V;K131R;H194D;M311F;M314R;N322K;E393Q;A413E;V415I,1.8728470818086476,0.0034413695335388183,-0.0033245086669921875,0.20044784062499987,0.10507346484374969,0.001808476448059082,15.950000074505805,-7.654796399176121,5.491110801696777,2,-5.699999999999999,14.04241216908373
PH20_POOL_0197,E32I;K131R;H194D;V238L;M311F;D321K;E325K;A372S;A413E;A420S,1.8705226889790283,0.004159986972808838,-0.0033245086669921875,0.20206435546874993,0.07274316796874958,0.001054990291595459,15.912500029802322,-12.51400452107191,4.1031904220581055,3,-5.7,14.04241216908373
PH20_POOL_0198,E32V;K131R;H194D;V238L;M311L;D321K;E325K;A372T;A413E;D419E,1.8703175241390662,0.003845107555389404,-0.003766477108001709,0.2004478406249997,0.07274316796874913,0.0013917088508605957,15.812499994039536,-7.806707303971052,3.6013083457946777,3,-5.7,14.04241216908373
PH20_POOL_0199,S23T;E32I;K131R;H194D;M311L;M314R;D321K;E393Q;A413E;D419E,1.8698785118346422,0.003519904613494873,-0.0033245086669921875,0.20044784062499996,0.06466059374999977,0.001302480697631836,16.875000071525573,-5.736486349254847,6.152292251586914,3,-5.3,14.04241216908373
PH20_POOL_0200,S23T;E32V;K131R;Q144N;H194D;M311F;M314R;D321K;A372E;D419E,1.8685286277282347,0.0033687591552734376,-0.0033245086669921875,0.21014692968749982,0.07274316796874958,0.0017493724822998046,20.02500009536743,-12.86859891191125,8.115805625915527,2,0.0,14.04241216908373
PH20_POOL_0201,S23T;E32I;H194D;V238L;M311F;M314R;E325K;A413E;V415I;A420K,1.8681803436738034,0.0037079095840454102,-0.0033245086669921875,0.20368087031249998,0.10507346484374969,0.0011391162872314454,16.425000157952308,-9.707817438989878,2.5870471000671387,3,-5.7,14.04241216908373
PH20_POOL_0202,S23T;E32I;K131R;H194D;I310L;M314R;D321K;A413E;V415I;A420T,1.8667121691737927,0.0033368468284606934,-0.0033245086669921875,0.20529738515624976,0.056578019531249524,0.0018411874771118164,16.35000010728836,-4.571702569723129,8.931806325912476,2,-5.3,14.04241216908373
PH20_POOL_0203,S23T;E32V;H194D;M311F;D321K;Q350R;A372E;E393Q;D417E;A420S,1.8642113155236175,0.0037273168563842773,-0.002908945083618164,0.20206435546874973,0.10507346484374658,0.0017240166664123536,18.78749997615814,-15.486484438180923,4.824845314025879,3,0.0,14.04241216908373
PH20_POOL_0204,S23T;E32I;K131R;Q144N;H194D;M311L;D321K;E325K;A413E;V415I,1.8640241220828295,0.0034875392913818358,-0.0033245086669921875,0.20206435546874993,0.06466059375000022,0.001367950439453125,16.325000047683716,-4.440167494118214,5.736949443817139,3,-5.3,14.04241216908373
PH20_POOL_0205,S23T;E32V;K131R;H194D;V238L;M311L;M314R;D321K;A413E;T418V,1.864002272704362,0.003290557861328125,-0.0033245086669921875,0.20206435546874985,0.07274316796874958,0.001308584213256836,15.525000143051148,-3.283295825123787,7.7003843784332275,2,-5.7,14.04241216908373
PH20_POOL_0206,S23T;E32V;K131R;H194D;D321K;E325K;A372E;Q394T;A413E;T418V,1.862870771348215,0.0032578229904174803,-0.0031135082244873047,0.20368087031249962,0.08082574218749938,0.0017024993896484375,18.10000001192093,-6.927443515509367,4.4223952293396,2,-5.3,14.04241216908373
PH20_POOL_0207,S23T;E32V;K131R;H194D;V238L;M311F;D321K;A372S;E393Q;V415I,1.8620906525232959,0.0036400437355041506,-0.0033245086669921875,0.20529738515624985,0.08890831640625008,0.0013121724128723144,14.85000001192093,-7.460465919226408,8.421672344207764,3,-0.40000000000000036,14.04241216908373
PH20_POOL_0208,S23T;E32I;K131R;H194D;M311L;D321K;E325K;A413E;D417E;D419E,1.8608622062720432,0.0037464022636413572,-0.002908945083618164,0.2036808703124998,0.07274316796874958,0.001563429832458496,15.712500047683715,-6.690757803618908,3.251687526702881,3,-5.3,14.04241216908373
PH20_POOL_0209,S23T;E32I;K131R;Q144N;H194D;M311F;D321K;E393Q;V415I;D419E,1.8571390681706452,0.0036014556884765626,-0.0033245086669921875,0.20368087031249998,0.07274316796875002,0.0014825940132141113,16.5,-8.343421760946512,7.737882614135742,3,0.0,14.04241216908373
PH20_POOL_0210,S23T;E32V;K131R;H194D;V238L;M311F;D321K;Q394T;V415I;D419E,1.852583210241665,0.0036746501922607423,-0.0031135082244873047,0.21176344453124987,0.10507346484374969,0.0018373608589172363,15.062500071525573,-10.886554725468159,6.212258577346802,2,-0.40000000000000036,14.04241216908373
PH20_POOL_0211,E32V;K131R;H194D;D321K;E325K;A372T;Q394T;A413E;V415I;A420S,1.8506976898579743,0.0039578437805175785,-0.003555476665496826,0.20529738515624968,0.07274316796874913,0.001762831211090088,16.724999994039536,-11.929571058601141,3.1782381534576416,3,-5.3,14.04241216908373
PH20_POOL_0212,S23T;E32I;H194D;V238L;I310L;D321K;E325K;A372T;A413E;A420T,1.8500640740536227,0.0031473755836486815,-0.004182040691375732,0.2036808703124998,0.07274316796874958,0.0011355876922607422,17.51249998807907,-3.6960097439587116,6.482581853866577,3,-5.7,14.04241216908373
PH20_POOL_0213,S23T;E32V;K131R;H194D;I310L;M314R;E325K;A372T;V415I;D419E,1.8490695195963314,0.0029958844184875487,-0.003766477108001709,0.2069138999999997,0.07274316796874913,0.0017201423645019532,16.387500086426734,-0.6061354950070381,8.196128845214844,3,0.0,14.04241216908373
PH20_POOL_0214,S23T;E32V;K131R;H194D;M314R;D321K;Q350R;A372E;V415I;A420S,1.8489757035380925,0.0034600615501403807,-0.002908945083618164,0.20853041484374976,0.08890831640624963,0.0018748998641967773,17.562500095367433,-10.604489862918854,8.14903473854065,3,0.0,14.04241216908373
PH20_POOL_0215,S23T;E32V;H194D;V238L;M311F;D321K;Q350R;E393Q;A413E;A420T,1.8487033990642754,0.003434312343597412,-0.0033245086669921875,0.2036808703124997,0.12123861328124708,0.001368415355682373,16.662500023841858,-10.277777921408415,5.8493640422821045,3,-5.7,14.04241216908373
PH20_POOL_0216,E32I;K131R;H194D;V238L;M311F;M314R;E325K;A413E;V415I;A420S,1.8446918404598436,0.0036939144134521484,-0.0033245086669921875,0.20044784062499996,0.08890831640624919,0.001228666305541992,15.750000128149987,-9.638797525316477,3.6710152626037598,2,-5.7,14.04241216908373
PH20_POOL_0217,S23T;E32V;H194D;V238L;M311I;M314R;D321K;Q394T;V415I;D419E,1.8440650919081303,0.003630256652832031,-0.003529071807861328,0.20853041484374985,0.08082574218749983,0.0011867642402648925,16.925000154972075,-10.143150120973587,5.910128355026245,3,-0.40000000000000036,14.04241216908373
PH20_POOL_0218,S23T;E32I;K131R;H194D;M311F;M314R;D321K;A372E;V415I;D419E,1.8438357133143084,0.0034612417221069336,-0.0033245086669921875,0.22792859296874984,0.08890831640624963,0.0016938209533691405,17.962500083446503,-13.09797928482294,6.987776756286621,2,0.0,14.04241216908373
PH20_POOL_0219,S23T;E32I;H194D;V238L;M311F;M314R;D321K;Q394T;A413E;A420S,1.842713444184239,0.003643333911895752,-0.003529071807861328,0.20691390000000015,0.09699089062499988,0.0010559916496276855,18.462500143051148,-15.368085969239473,4.663028001785278,2,-5.7,14.04241216908373
PH20_POOL_0220,S23T;E32V;K131R;H194D;V238L;M311F;M314R;D321K;A372S;A420S,1.8368273323011464,0.0035894036293029783,-0.0033245086669921875,0.21499647421874996,0.08082574218749983,0.0012855172157287599,16.600000143051147,-10.971327345818281,8.987022399902344,3,-0.40000000000000036,14.04241216908373
PH20_POOL_0221,E32I;K131R;H194D;V238L;M311F;M314R;D321K;A372E;V415I;A420S,1.8306703255084213,0.003747892379760742,-0.0033245086669921875,0.21499647421874996,0.08082574218749938,0.0014934778213500977,17.78750006556511,-15.736033082008362,6.286623954772949,2,-0.40000000000000036,14.04241216908373
PH20_POOL_0222,S23T;E32I;Q144N;H194D;V238L;M311F;D321K;E325K;A413E;T418S,1.8302485107949384,0.0037478327751159666,-0.0033245086669921875,0.2020643554687501,0.08082574218750027,0.0006418585777282715,18.487500059604645,-13.641153175383806,3.1275501251220703,3,-5.7,14.04241216908373
PH20_POOL_0223,S23T;E32V;K131R;H194D;M311F;D321K;Q394T;A413E;D417K;A420T,1.8261840313805493,0.0039128541946411135,-0.0026979446411132812,0.20529738515624957,0.09699089062499944,0.0020502090454101564,16.237500071525574,-14.046315480023623,3.7476394176483154,3,-5.699999999999999,14.04241216908373
PH20_POOL_0224,S23T;E32V;Q144N;H194D;M311F;M314R;E325K;E393Q;A413E;A420T,1.8256663950185767,0.002908492088317871,-0.003740072250366211,0.20206435546874973,0.08890831640624963,0.0013686895370483398,19.712500110268593,-6.613996148109436,5.655249357223511,3,-5.3,14.04241216908373
PH20_POOL_0225,S23T;E32I;H194D;V238L;M311L;D321K;E325K;A372T;A413E;D419E,1.8248679244837158,0.0034886479377746584,-0.004182040691375732,0.20206435546874993,0.08082574218749983,0.0009230256080627441,16.43750001192093,-6.864858236163855,3.5728378295898438,3,-5.7,14.04241216908373
PH20_POOL_0226,S23T;E32T;H194D;M311F;M314R;D321K;Q350R;A413E;D417E;A420T,1.8248557108298475,0.0041622757911682125,-0.0024933815002441406,0.20206435546874965,0.09699089062499677,0.00224156379699707,18.36250013113022,-20.590843625366688,2.2313570976257324,3,-5.3,14.04241216908373
PH20_POOL_0227,S23T;E32I;H194D;M311L;D321K;E325K;Q350R;A372E;A413E;D419E,1.8247396449575035,0.003504347801208496,-0.0033245086669921875,0.2004478406249998,0.09699089062499988,0.0014267206192016602,17.78750001192093,-10.59390914440155,2.638108968734741,3,-5.3,14.04241216908373
PH20_POOL_0228,S23T;E32V;H194D;M311F;M314R;E325K;A372E;Q394T;V415I;A420S,1.8243925342165077,0.003175652027130127,-0.003529071807861328,0.21661298906249984,0.11315603906249949,0.0018508195877075194,19.40000012218952,-13.08225692808628,3.8351645469665527,2,0.0,14.04241216908373
PH20_POOL_0229,S23T;E32V;H194D;M311F;D321K;E325K;A372T;Q394T;A413E;T418V,1.8243549158194912,0.0032565116882324217,-0.00397104024887085,0.23601116718749965,0.11315603906249949,0.0012373566627502442,18.40000002384186,-11.641176372766495,3.8674206733703613,3,-5.3,14.04241216908373
PH20_POOL_0230,S23T;E32I;H194D;V238L;M311F;D321K;A372T;E393Q;V415I;D419E,1.8219449173250695,0.0035352230072021483,-0.004182040691375732,0.21176344453124996,0.09699089062499988,0.001014876365661621,16.162499964237213,-10.162209559231997,6.200946092605591,3,-0.40000000000000036,14.04241216908373
PH20_POOL_0231,S23T;E32V;H194D;V238L;M311F;M314R;D321K;Q394T;A413E;D417E,1.8216756299624386,0.0035976767539978027,-0.0031135082244873047,0.2069138999999999,0.10507346484374969,0.0012842297554016113,18.737500154972075,-16.789669655263424,4.271459102630615,2,-5.7,14.04241216908373
PH20_POOL_0232,S23T;E32V;Q144N;H194D;M311F;D321K;E325K;A372S;A413E;A420T,1.820968099819655,0.0035327792167663572,-0.003740072250366211,0.20691389999999962,0.07274316796875002,0.001521158218383789,18.275000071525575,-11.591752015054226,5.957194566726685,3,-5.3,14.04241216908373
PH20_POOL_0233,E32I;K131R;H194D;M311F;D321K;E325K;Q350R;A372E;A413E;D419E,1.8188941932368117,0.003748631477355957,-0.002908945083618164,0.21661298906249965,0.10507346484374924,0.0014919161796569825,18.024999982118608,-15.854005701839924,2.417980670928955,3,-5.3,14.04241216908373
PH20_POOL_0234,S23T;E32I;H194D;M311V;M314R;D321K;E325K;A372E;A413E;A420T,1.8177122441326277,0.0033746838569641115,-0.003740072250366211,0.21176344453124968,0.06466059374999977,0.0011075854301452637,20.025000083446503,-11.917619548738003,5.4440014362335205,3,-5.3,14.04241216908373
PH20_POOL_0235,S23T;E32I;K131R;H194D;V238L;D321K;E325K;A372T;A413E;V415I,1.81532707359657,0.0033362507820129395,-0.003766477108001709,0.20853041484374985,0.08082574218749983,0.0009025216102600097,15.6,-4.870391216129065,5.641706466674805,3,-5.7,14.04241216908373
PH20_POOL_0236,S23T;E32I;K131R;Q144N;H194D;M311F;M314R;D321K;A413E;D419E,1.8143061780023357,0.0034734606742858887,-0.0033245086669921875,0.20368087031249998,0.06466059374999977,0.0012806892395019532,18.200000131130217,-11.857041116803885,6.901492357254028,2,-5.3,14.04241216908373
PH20_POOL_0237,S23T;E32T;K131R;H194D;V238L;M311I;M314R;D321K;A372T;V415I,1.8142665402756324,0.003726184368133545,-0.0033509135246276855,0.20206435546874985,0.07274316796874958,0.0013845443725585937,16.350000071525574,-10.39497959986329,4.9809324741363525,3,-0.40000000000000036,14.04241216908373
PH20_POOL_0238,S23T;E32I;H194D;M311F;M314R;E325K;Q350R;A413E;V415I;A420S,1.8141778158947508,0.0033789634704589843,-0.0033245086669921875,0.21337995937499993,0.12123861328124974,0.0012043118476867676,16.77500015795231,-10.71530445665121,3.8431336879730225,3,-5.3,14.04241216908373
PH20_POOL_0239,E32V;K131R;Q144N;H194D;V238L;M311F;M314R;E325K;V415I;D419E,1.8140530221357545,0.003456735610961914,-0.0033245086669921875,0.20044784062499987,0.08082574218749938,0.0014822602272033692,16.862500140070914,-8.928639952093363,6.250587463378906,3,-0.40000000000000036,14.04241216908373
PH20_POOL_0240,S23T;E32I;H194D;M311F;D321K;E325K;A372E;Q394T;A413E;T418V,1.813855184833545,0.0032307028770446776,-0.003529071807861328,0.22307904843749976,0.10507346484374969,0.0012967228889465333,19.35000001192093,-13.144411116838455,2.732102870941162,2,-5.3,14.04241216908373
PH20_POOL_0241,S23T;E32V;K131R;H194D;M311V;M314R;D321K;A413E;V415I;A420T,1.8136824173635826,0.003618812561035156,-0.0033245086669921875,0.20206435546874957,0.056578019531249524,0.0016909122467041015,15.637500143051147,-9.019128765910864,8.107921600341797,2,-5.3,14.04241216908373
PH20_POOL_0242,S23T;E32V;Q144N;H194D;M311F;M314R;D321K;Q350R;A413E;T418V,1.8130020821058588,0.0033049464225769045,-0.0033245086669921875,0.2117634445312498,0.09699089062499677,0.0011744499206542969,18.675000154972075,-12.676554918289185,7.64864706993103,3,-5.3,14.04241216908373
PH20_POOL_0243,S23T;E32V;H194D;I310L;M314R;D321K;Q350R;A372E;Q394T;V415I,1.811349510762567,0.0031029582023620605,-0.0031135082244873047,0.20691389999999982,0.09699089062499988,0.0018508195877075194,19.550000083446502,-11.614127412438393,7.890748977661133,3,0.0,14.04241216908373
PH20_POOL_0244,S23T;E32T;K131R;H194D;M311I;M314R;D321K;A372E;V415I;A420T,1.8095707125973086,0.003666806221008301,-0.002908945083618164,0.20206435546874957,0.06466059374999933,0.0023232102394104004,17.700000071525572,-12.683144237846136,4.261571407318115,2,0.0,14.04241216908373
PH20_POOL_0245,S23T;E32V;Q144N;H194D;M311I;D321K;E325K;Q394T;A413E;T418V,1.8095492848267167,0.003307199478149414,-0.003529071807861328,0.2004478406249997,0.06466059374999977,0.0009915709495544433,18.325000071525572,-7.276399224996567,4.181604862213135,3,-5.3,14.04241216908373
PH20_POOL_0246,S23T;E32I;K131R;H194D;V238L;I310L;D321K;E325K;A372E;Q394T,1.8073731423292325,0.0028531551361083984,-0.0031135082244873047,0.20529738515625,0.08082574218749983,0.0013435840606689452,18.762499976158143,-4.85497897490859,6.781599521636963,3,-0.40000000000000036,14.04241216908373
PH20_POOL_0247,S23T;E32V;K131R;H194D;I310L;M314R;D321K;A372T;D417E;D419E,1.8053263352896505,0.003253602981567383,-0.0033509135246276855,0.2069138999999997,0.05657801953124908,0.0017445087432861328,17.600000071525574,-7.152223203331232,8.867366313934326,3,0.0,14.04241216908373
PH20_POOL_0248,E32V;K131R;H194D;M311I;D321K;E325K;Q394T;A413E;D417E;A420S,1.8051972368245313,0.0039953947067260746,-0.0026979446411132812,0.2004478406249996,0.06466059374999888,0.0015144824981689453,17.01250004172325,-13.131912682205439,1.0757994651794434,3,-5.3,14.04241216908373
PH20_POOL_0249,E32V;K131R;H194D;I310L;D321K;E325K;Q394T;A413E;D417E;A420T,1.8043592087959237,0.0035573244094848633,-0.0026979446411132812,0.2004478406249995,0.06466059374999888,0.002220594882965088,17.537500017881392,-9.644470538944006,4.149899244308472,3,-5.3,14.04241216908373
PH20_POOL_0250,S23T;E32I;H194D;M311F;M314R;D321K;A372E;E393Q;A413E;A420T,1.8032228451483694,0.0031222939491271974,-0.003740072250366211,0.21661298906249976,0.08890831640624963,0.0014026999473571778,20.362500035762785,-13.513930138200521,5.402599811553955,2,-5.3,14.04241216908373
PH20_POOL_0251,S23T;E32V;K131R;H194D;M311F;M314R;E325K;A372E;V415I;A420K,1.802778616788822,0.0032213687896728515,-0.002908945083618164,0.22307904843749968,0.10507346484374924,0.001960599422454834,17.750000110268594,-10.047561135143042,4.292235374450684,3,0.0,14.04241216908373
PH20_POOL_0252,E32V;K131R;M311F;M314R;D321K;A372E;E393Q;A413E;V415I;A420T,1.802183367687895,0.004347991943359375,-0.003740072250366211,0.20529738515624957,0.05657801953124908,0.001618027687072754,14.599999985098838,-14.734613873064518,4.569926023483276,3,-5.3,14.95989440734575
PH20_POOL_0253,S23T;E32T;H194D;I310L;M314R;D321K;A372T;Q394T;V415I;A420T,1.8017417700926268,0.0035532474517822265,-0.003555476665496826,0.2004478406249998,0.07274316796874958,0.002482283115386963,18.625000059604645,-13.097948174923658,5.563093423843384,3,0.0,14.04241216908373
PH20_POOL_0254,S23T;E32V;K131R;Q144N;H194D;M311L;D321K;E325K;A413E;A420T,1.8011896050313276,0.003129267692565918,-0.0033245086669921875,0.20529738515624968,0.06466059374999977,0.0018315434455871582,17.075000059604644,-4.195816472172737,6.266353130340576,3,-5.3,14.04241216908373
PH20_POOL_0255,S23T;E32I;Q144N;H194D;V238L;M311F;M314R;D321K;A413E;T418V,1.800653260383985,0.0032634377479553224,-0.003740072250366211,0.20044784062500004,0.07274316796875002,0.0007301211357116699,18.275000143051148,-10.540619220584631,7.448058128356934,2,-5.7,14.04241216908373
PH20_POOL_0256,S23T;E32V;K131R;H194D;M311V;M314R;D321K;Q394T;V415I;A420S,1.7994893577114288,0.003672635555267334,-0.0031135082244873047,0.2069138999999999,0.06466059374999977,0.0016090154647827148,16.487500143051147,-11.463672071695328,8.072011709213257,3,0.0,14.04241216908373
PH20_POOL_0257,S23T;E32I;Q144N;H194D;M311F;D321K;E325K;A372E;A413E;A420T,1.7992338984959237,0.0031572699546813963,-0.003740072250366211,0.21014692968749973,0.08082574218749983,0.0014909625053405762,20.262500011920928,-12.55862832441926,4.360081911087036,2,-5.3,14.04241216908373
PH20_POOL_0258,E32I;K131R;H194D;M311L;D321K;E325K;Q394T;A413E;V415I;A420S,1.7985704917555394,0.003876912593841553,-0.0031135082244873047,0.2069138999999999,0.07274316796874958,0.0017570018768310546,15.737500029802323,-11.04003369435668,2.258899211883545,3,-5.3,14.04241216908373
PH20_POOL_0259,S23T;E32V;K131R;H194D;M311F;M314R;D321K;A372E;A413E;A420T,1.7969302792516737,0.0031029701232910155,-0.0033245086669921875,0.22146253359374954,0.08890831640624919,0.001959371566772461,18.937500095367433,-13.016672618687153,6.404126167297363,1,-5.3,14.04241216908373
PH20_POOL_0260,S23T;E32V;Q144N;H194D;M311F;M314R;D321K;Q394T;A413E;A420K,1.7957388783341643,0.0037170052528381348,-0.0031135082244873047,0.20206435546874993,0.08082574218749983,0.0016129493713378906,19.900000154972076,-17.929604537785053,4.094677925109863,3,-5.3,14.04241216908373
PH20_POOL_0261,S23T;E32V;K131R;H194D;M311I;D321K;A372T;E393K;A413E;V415I,1.7937124604161365,0.003495144844055176,-0.003766477108001709,0.20206435546874957,0.08890831640624919,0.0011636972427368163,15.274999976158142,-7.794396597892046,5.268652439117432,3,-5.3,14.04241216908373
PH20_POOL_0262,S23T;E32I;H194D;V238L;M311I;M314R;D321K;A372E;V415I;D419E,1.7934099182446805,0.0034456968307495115,-0.003740072250366211,0.20044784062499987,0.06466059374999977,0.0009803175926208496,17.55000009536743,-10.571354173123837,5.765024423599243,2,-0.40000000000000036,14.04241216908373
PH20_POOL_0263,S23T;E32V;K131R;H194D;M311F;D321K;A372E;Q394T;A413E;V415I,1.793200424555002,0.0034329891204833984,-0.0031135082244873047,0.20206435546874965,0.09699089062499944,0.0020550251007080077,17.112500023841857,-14.650851022452116,3.9324069023132324,0,-5.3,14.04241216908373
PH20_POOL_0264,S23T;E32V;H194D;V238L;M311L;D321K;E325K;Q394T;A413E;A420T,1.7929276941578716,0.003221786022186279,-0.003529071807861328,0.20853041484374976,0.09699089062499988,0.001629638671875,17.062500071525573,-7.690689630806446,3.7392027378082275,3,-5.7,14.04241216908373
PH20_POOL_0265,E32V;K131R;H194D;I310L;M314R;D321K;Q394T;A413E;V415I;A420T,1.7916677731901602,0.003489041328430176,-0.0031135082244873047,0.2004478406249996,0.05657801953124908,0.00228579044342041,17.100000101327897,-10.391775112599134,6.920274019241333,2,-5.3,14.04241216908373
PH20_POOL_0266,S23T;E32V;H194D;M311F;M314R;E325K;Q350R;A372E;A413E;D419E,1.7901289549798303,0.0032642483711242676,-0.0033245086669921875,0.20206435546874965,0.09699089062499677,0.001520538330078125,19.000000122189523,-12.710261698812246,3.028531551361084,2,-5.3,14.04241216908373
PH20_POOL_0267,E32V;K131R;H194D;M311F;M314R;D321K;A372T;A413E;V415I;A420K,1.7899703465565013,0.004007196426391602,-0.0033509135246276855,0.2230790484374996,0.08082574218749894,0.0017602682113647462,16.887500077486038,-17.406247574836016,3.9853334426879883,3,-5.3,14.04241216908373
PH20_POOL_0268,S23T;E32I;K131R;H194D;V238L;I310L;M314R;D321K;A372E;T418V,1.788935642230531,0.0027411937713623046,-0.0033245086669921875,0.20044784062499996,0.056578019531249524,0.0012555956840515138,17.800000059604645,-2.9139943458139896,10.14042854309082,2,-0.40000000000000036,14.04241216908373
PH20_POOL_0269,E32I;K131R;H194D;I310L;D321K;E325K;Q394T;A413E;V415I;A420T,1.788074358171912,0.0034582853317260743,-0.0031135082244873047,0.20853041484374968,0.06466059374999933,0.001992356777191162,16.537500005960464,-7.8106092400848866,4.87995719909668,3,-5.3,14.04241216908373
PH20_POOL_0270,S23T;E32V;Q144N;H194D;M311F;M314R;D321K;Q350R;A372E;V415I,1.7879199752608177,0.0031957626342773438,-0.0033245086669921875,0.2182295039062498,0.10507346484375013,0.001524674892425537,20.15000010728836,-16.152999084442854,7.925260305404663,3,0.0,14.04241216908373
PH20_POOL_0271,S23T;E32V;H194D;M311F;M314R;D321K;A372T;A413E;V415I;A420T,1.7859282186882577,0.0033063173294067385,-0.004182040691375732,0.23277813749999954,0.09699089062499944,0.0016694784164428711,17.81250010728836,-13.988935798406601,6.407687664031982,2,-5.3,14.04241216908373
PH20_POOL_0272,S23T;E32V;K131R;H194D;V238L;M311F;M314R;N322K;E393Q;D419E,1.7852140581740947,0.0031166672706604004,-0.0033245086669921875,0.20044784062500004,0.10507346484374969,0.0015908122062683106,16.075000074505805,-6.601812958717346,6.717612028121948,3,-0.8000000000000003,14.04241216908373
PH20_POOL_0273,S23T;E32T;K131R;Q144N;H194D;M311F;M314R;E325K;V415I;A420T,1.7851267289446966,0.003321385383605957,-0.002908945083618164,0.2036808703124998,0.08890831640624963,0.0023564696311950684,17.63750013411045,-10.082103125751019,4.718663930892944,3,0.0,14.04241216908373
PH20_POOL_0274,S23T;E32I;K131R;H194D;I310L;M314R;D321K;A372T;V415I;D419E,1.784016711067921,0.003154563903808594,-0.003766477108001709,0.21499647421874987,0.056578019531249524,0.001516270637512207,16.600000059604646,-5.546760704368353,9.597424268722534,3,0.0,14.04241216908373
PH20_POOL_0275,S23T;E32V;Q144N;H194D;M311I;D321K;E325K;A372E;Q394T;V415I,1.78304087984019,0.0031980156898498537,-0.003529071807861328,0.2069138999999997,0.07274316796875002,0.0013417959213256835,19.800000023841857,-10.81767512485385,4.458218097686768,3,0.0,14.04241216908373
PH20_POOL_0276,S23T;E32I;K131R;H194D;V238L;M311F;D321K;E393Q;D417E;D419E,1.7826623586492913,0.0034682750701904297,-0.002908945083618164,0.20368087031249998,0.08890831640624963,0.0012395739555358886,15.7875,-9.260574579238892,5.9932427406311035,3,-0.40000000000000036,14.04241216908373
PH20_POOL_0277,S23T;E32I;Q144N;H194D;M311F;D321K;E325K;A372E;Q394T;A420S,1.782310188418813,0.003211092948913574,-0.003529071807861328,0.21499647421875007,0.08890831640625008,0.0014090657234191895,21.11250001192093,-15.127292104065418,4.324172019958496,3,0.0,14.04241216908373
PH20_POOL_0278,E32V;K131R;Q144N;H194D;M311F;M314R;E325K;A372E;V415I;A420S,1.780196780186375,0.0032924294471740724,-0.0033245086669921875,0.2004478406249998,0.07274316796874913,0.0018751740455627442,18.9625000923872,-12.32849769294262,5.372476100921631,2,0.0,14.04241216908373
PH20_POOL_0279,S23T;E32I;K131R;H194D;D321K;E325K;A372E;Q394T;A413E;V415I,1.7790542914641279,0.003253340721130371,-0.0031135082244873047,0.2036808703124998,0.08082574218749983,0.0015840411186218261,17.75,-9.597417309880257,3.4846951961517334,2,-5.3,14.04241216908373
PH20_POOL_0280,S23T;E32V;K131R;Q144N;H194D;M311F;D321K;Q350R;V415I;D419E,1.7777990152474374,0.0034764766693115234,-0.002908945083618164,0.20853041484374976,0.09699089062499988,0.0018373608589172363,15.650000071525573,-11.212684985250235,7.921688556671143,3,0.0,14.04241216908373
PH20_POOL_0281,E32V;K131R;H194D;V238L;M311F;D321K;Q350R;A372E;V415I;D419E,1.7734086525773336,0.0037408947944641115,-0.002908945083618164,0.20206435546874965,0.10507346484374658,0.0018976926803588867,15.637500005960465,-15.665014799684286,5.277904748916626,2,-0.40000000000000036,14.04241216908373
PH20_POOL_0282,S23T;E32T;H194D;M311F;M314R;D321K;Q350R;A372E;Q394T;D419E,1.7733167521578381,0.004002344608306885,-0.0026979446411132812,0.20368087031249987,0.08082574218749627,0.0022476553916931153,20.4375000834465,-23.060673214495182,2.110903024673462,3,0.0,14.04241216908373
PH20_POOL_0283,S23T;E32V;H194D;V238L;I310L;M314R;D321K;Q350R;A372E;A420T,1.7710650109525259,0.0028017878532409666,-0.0033245086669921875,0.20206435546874973,0.08890831640624697,0.0016922593116760255,19.100000083446503,-8.29248658195138,9.441846132278442,3,-0.40000000000000036,14.04241216908373
PH20_POOL_0284,S23T;E32I;Q144N;H194D;M311F;M314R;D321K;Q350R;A413E;A420S,1.7703282660471584,0.003445160388946533,-0.0033245086669921875,0.20368087031250007,0.08890831640625008,0.0010559916496276855,19.050000143051147,-15.58517000824213,6.372457981109619,3,-5.3,14.04241216908373
PH20_POOL_0285,E32V;K131R;Q144N;H194D;V238L;M311F;M314R;D321K;D417E;D419E,1.7699478712191188,0.003714454174041748,-0.002908945083618164,0.20044784062499987,0.06466059374999933,0.0015066266059875488,18.075000125169755,-15.491180688142776,6.921824932098389,3,-0.40000000000000036,14.04241216908373
PH20_POOL_0286,S23T;E32V;K131R;Q144N;H194D;M311F;D321K;Q394T;V415I;A420S,1.769712176797168,0.003455221652984619,-0.0031135082244873047,0.20529738515624993,0.08082574218749983,0.0019923925399780275,16.725000071525574,-12.618264269083738,6.9880921840667725,2,0.0,14.04241216908373
PH20_POOL_0287,S23T;E32V;H194D;V238L;M311L;M314R;D321K;Q350R;A372E;A420S,1.7697059159327897,0.0032204151153564452,-0.0033245086669921875,0.20044784062499996,0.08890831640624697,0.001456904411315918,18.300000107288362,-11.326005589216948,6.820788145065308,3,-0.40000000000000036,14.04241216908373
PH20_POOL_0288,S23T;E32V;Q144N;H194D;M311F;D321K;E325K;A372T;A413E;T418S,1.7693966997769541,0.0035319805145263674,-0.003766477108001709,0.2149964742187498,0.08082574218749983,0.0009981989860534668,19.362500023841857,-15.559155523777008,3.0960705280303955,3,-5.3,14.04241216908373
PH20_POOL_0289,S23T;E32I;H194D;V238L;M311F;M314R;D321K;A372E;D417E;D419E,1.7666603447056142,0.003413116931915283,-0.0033245086669921875,0.20853041484374996,0.08890831640624963,0.0012758255004882812,19.137500095367432,-16.528967015445232,5.239409446716309,2,-0.40000000000000036,14.04241216908373
PH20_POOL_0290,E32I;K131R;H194D;M311F;D321K;E325K;Q394T;A413E;D417E;A420S,1.7652887787335352,0.0038637757301330567,-0.0026979446411132812,0.21661298906249984,0.08890831640624919,0.0015817523002624513,17.600000029802324,-17.113574858754873,1.2802424430847168,3,-5.3,14.04241216908373
PH20_POOL_0291,E32V;K131R;H194D;M311L;M314R;D321K;A372T;E393Q;A413E;V415I,1.7651200003988465,0.003446006774902344,-0.003766477108001709,0.20853041484374968,0.06466059374999933,0.0014584779739379883,16.850000017881392,-9.581112507730722,5.758148908615112,3,-5.3,14.04241216908373
PH20_POOL_0292,S23T;E32I;K131R;H194D;V238L;M311L;M314R;D321K;V415I;D419E,1.7642165498906874,0.0032860755920410155,-0.0033245086669921875,0.21176344453125004,0.07274316796875002,0.0013881683349609374,14.950000131130219,-5.792050715535879,7.875738620758057,3,-0.40000000000000036,14.04241216908373
PH20_POOL_0293,S23T;E32I;H194D;M311L;M314R;D321K;Q350R;A413E;V415I;D419E,1.764050396219113,0.0035724639892578125,-0.0033245086669921875,0.20368087031249987,0.08890831640625008,0.0014267206192016602,15.850000143051147,-11.307896185666323,5.204341888427734,3,-5.3,14.04241216908373
PH20_POOL_0294,E32I;K131R;H194D;M311F;D321K;E325K;A372E;Q394T;V415I;D419E,1.7614715670253334,0.0035826802253723145,-0.0031135082244873047,0.23116162265624976,0.09699089062499944,0.0018449902534484863,18.149999982118608,-16.506264831870794,2.935927629470825,3,0.0,14.04241216908373
PH20_POOL_0295,S23T;E32V;K131R;H194D;V238L;M311F;D321K;Q350R;A372E;E393Q,1.7613050385040099,0.0029813408851623534,-0.002908945083618164,0.21014692968749982,0.11315603906249683,0.0013105988502502442,17.587499964237214,-9.8338454477489,7.1385955810546875,3,-0.40000000000000036,14.04241216908373
PH20_POOL_0296,S23T;E32V;Q144N;H194D;M311F;M314R;D321K;A372E;D417E;A420K,1.7601495392315165,0.003564143180847168,-0.002908945083618164,0.2036808703124998,0.07274316796874958,0.0018099904060363769,20.85000010728836,-18.934176217764616,4.959745407104492,3,0.0,14.04241216908373
PH20_POOL_0297,S23T;E32I;H194D;I310L;M314R;D321K;A372E;Q394T;V415I;A420K,1.7569239743610234,0.003372299671173096,-0.0031135082244873047,0.20044784062499996,0.06466059374999977,0.0019078969955444336,19.250000071525573,-13.032818235456944,5.65529203414917,3,0.0,14.04241216908373
PH20_POOL_0298,S23T;E32V;Q144N;H194D;I310L;M314R;D321K;Q394T;V415I;A420T,1.7550906591123938,0.002972757816314697,-0.003529071807861328,0.20206435546874985,0.05657801953124997,0.002047908306121826,19.11250013113022,-8.626752581447363,9.760061740875244,3,0.0,14.04241216908373
PH20_POOL_0299,S23T;E32V;K131R;H194D;M311F;M314R;D321K;Q350R;A413E;D417E,1.7543505222457823,0.0033144474029541014,-0.0024933815002441406,0.22307904843749968,0.11315603906249949,0.0014592051506042481,17.437500143051146,-14.385581903159618,5.98461651802063,3,-5.3,14.04241216908373
PH20_POOL_0300,S23T;E32I;H194D;I310L;M314R;D321K;Q350R;Q394T;A413E;V415I,1.7534922257934429,0.0032076597213745116,-0.0031135082244873047,0.20044784062499996,0.08890831640625008,0.001382136344909668,17.72500011920929,-10.767789401113987,6.676435708999634,3,-5.3,14.04241216908373
PH20_POOL_0301,S23T;E32I;H194D;V238L;M311L;D321K;E325K;A372E;A413E;A420T,1.7533708629130933,0.0030372262001037596,-0.003740072250366211,0.2004478406249998,0.08082574218749983,0.001423192024230957,17.68750001192093,-7.61442357301712,3.5940988063812256,2,-5.7,14.04241216908373
PH20_POOL_0302,E32V;K131R;H194D;V238L;M311I;M314R;D321K;E393Q;A413E;A420T,1.7530446390018062,0.0033230304718017576,-0.0033245086669921875,0.2004478406249996,0.05657801953124908,0.001094973087310791,17.00000006556511,-7.6965290904045105,5.865990400314331,3,-5.7,14.04241216908373
PH20_POOL_0303,S23T;E32V;K131R;H194D;M311F;M314R;E325K;Q394T;A413E;D419E,1.752154823389519,0.003025460243225098,-0.0031135082244873047,0.2117634445312498,0.10507346484374924,0.0016354560852050782,17.47500015795231,-9.708478406071663,3.463921546936035,2,-5.3,14.04241216908373
PH20_POOL_0304,S23T;E32V;K131R;H194D;V238L;M311F;E325K;A413E;V415I;A420T,1.751221787838538,0.0030104994773864748,-0.0033245086669921875,0.2004478406249996,0.10507346484374924,0.0018069028854370117,13.950000086426735,-4.633418954908848,4.608124732971191,1,-5.7,14.04241216908373
PH20_POOL_0305,S23T;E32I;H194D;V238L;M311F;D321K;A372E;E393Q;V415I;A420T,1.7503478978114841,0.00308380126953125,-0.003740072250366211,0.21014692968749982,0.09699089062499988,0.001515042781829834,17.412499964237213,-10.9163184389472,6.222207069396973,2,-0.40000000000000036,14.04241216908373
PH20_POOL_0306,E32I;K131R;Q144N;H194D;V238L;M311F;M314R;D321K;V415I;D419E,1.7492293872676223,0.003615415096282959,-0.0033245086669921875,0.20853041484375004,0.06466059374999977,0.001278388500213623,17.075000113248826,-13.858848176896572,7.651882886886597,3,-0.40000000000000036,14.04241216908373
PH20_POOL_0307,S23T;E32I;H194D;M311L;M314R;D321K;E325K;A372E;Q394T;A413E,1.7491030651545552,0.0029848456382751466,-0.003529071807861328,0.21984601874999993,0.08890831640625008,0.0012289524078369141,20.762500083446504,-12.500074628740549,3.077070713043213,3,-5.3,14.04241216908373
PH20_POOL_0308,S23T;E32V;K131R;H194D;M311L;M314R;D321K;A372E;D417E;A420S,1.7469307077291376,0.0032208085060119627,-0.002908945083618164,0.2036808703124998,0.06466059374999933,0.0020093202590942385,18.05000009536743,-11.012790247797966,6.267569303512573,2,0.0,14.04241216908373
PH20_POOL_0309,S23T;E32I;K131R;H194D;I310L;M314R;D321K;Q350R;A413E;T418V,1.7448658741756238,0.002887403964996338,-0.002908945083618164,0.20529738515624985,0.07274316796874958,0.001231241226196289,16.37500010728836,-4.138196796178818,9.126704216003418,3,-5.3,14.04241216908373
PH20_POOL_0310,S23T;E32I;K131R;H194D;M311F;D321K;A372T;E393K;A413E;V415I,1.7447604730530606,0.003363525867462158,-0.003766477108001709,0.2182295039062498,0.11315603906249949,0.0012309670448303223,15.862499964237212,-12.18712828680873,5.473095417022705,3,-5.3,14.04241216908373
PH20_POOL_0311,S23T;E32I;H194D;V238L;M311I;D321K;E325K;Q350R;A372E;A413E,1.7433451725298377,0.0031317472457885742,-0.0033245086669921875,0.2004478406249998,0.09699089062499988,0.0005174636840820313,17.96250001192093,-9.537651758641005,2.925689220428467,3,-5.7,14.04241216908373
PH20_POOL_0312,S23T;E32V;H194D;V238L;M311L;M314R;E325K;Q394T;V415I;A420S,1.742178253939173,0.003000485897064209,-0.003529071807861328,0.20044784062500004,0.09699089062499988,0.0015451669692993163,16.38750016987324,-5.894288215786219,4.723126411437988,3,-0.40000000000000036,14.04241216908373
PH20_POOL_0313,S23T;E32V;K131R;H194D;V238L;M311F;E325K;Q394T;V415I;A420S,1.7399461565606749,0.0030643224716186525,-0.0031135082244873047,0.20529738515624993,0.11315603906249949,0.001725006103515625,14.800000086426735,-6.945351880043745,4.572214841842651,2,-0.40000000000000036,14.04241216908373
PH20_POOL_0314,E32V;K131R;H194D;D321K;E325K;A372E;Q394T;A413E;V415I;A420T,1.7386726193495157,0.0034290671348571776,-0.0031135082244873047,0.20368087031249943,0.07274316796874913,0.00228579044342041,17.699999994039537,-12.838366150856018,2.910813093185425,2,-5.3,14.04241216908373
PH20_POOL_0315,S23T;E32T;K131R;H194D;V238L;M311F;M314R;E325K;Q394T;T418V,1.7386058951436816,0.0030701160430908203,-0.0026979446411132812,0.20691389999999998,0.11315603906249949,0.001746523380279541,17.07500013411045,-9.297864083200693,3.204131841659546,3,-0.40000000000000036,14.04241216908373
PH20_POOL_0316,S23T;E32I;K131R;H194D;M311I;M314R;D321K;E393Q;A413E;T418V,1.7383032120481028,0.0029474854469299316,-0.0033245086669921875,0.2117634445312498,0.056578019531249524,0.0006339550018310547,16.725000071525574,-3.489908952265978,6.736691236495972,3,-5.3,14.04241216908373
PH20_POOL_0317,S23T;E32V;H194D;M314R;D321K;Q350R;A372E;A413E;V415I;A420T,1.7370565457914673,0.0032019734382629393,-0.0033245086669921875,0.2004478406249995,0.08890831640624963,0.0019327163696289062,18.08750010728836,-13.293543748557568,6.144941806793213,2,-5.3,14.04241216908373
PH20_POOL_0318,S23T;E32T;K131R;Q144N;H194D;M311F;M314R;D321K;A372T;T418V,1.7367105401331677,0.003302264213562012,-0.0033509135246276855,0.21176344453124987,0.07274316796874958,0.0017480969429016114,18.675000071525574,-13.509651806205511,6.610223054885864,3,0.0,14.04241216908373
PH20_POOL_0319,E32I;K131R;H194D;M311F;M314R;D321K;A372E;E393K;A413E;D417E,1.7362854034986215,0.0036172032356262206,-0.002908945083618164,0.20853041484374976,0.096990890624999,0.0014039278030395508,19.637500017881393,-20.21720426157117,3.5385029315948486,3,-5.3,14.04241216908373
PH20_POOL_0320,S23T;E32I;H194D;I310L;M314R;D321K;A372E;E393Q;D417E;A420T,1.7362490344971622,0.002821505069732666,-0.0033245086669921875,0.2004478406249998,0.056578019531249524,0.0016880035400390625,20.27500001192093,-8.575082655996084,7.8871009349823,3,0.0,14.04241216908373
PH20_POOL_0321,E32V;K131R;H194D;V238L;M311L;M314R;D321K;A413E;V415I;A420T,1.7358895847063645,0.0034618020057678224,-0.0033245086669921875,0.20206435546874965,0.06466059374999933,0.0018918752670288087,15.125000125169754,-9.372151914983988,6.188802242279053,2,-5.7,14.04241216908373
PH20_POOL_0322,S23T;E32V;H194D;V238L;I310L;M314R;E325K;Q394T;V415I;A420T,1.7348643229331366,0.0025818586349487306,-0.003529071807861328,0.20206435546874985,0.08890831640624963,0.0017805218696594239,17.18750014603138,-2.520218189805746,7.344184398651123,3,-0.40000000000000036,14.04241216908373
PH20_POOL_0323,S23T;E32I;H194D;M311F;M314R;E325K;Q394T;A413E;V415I;D419E,1.7343303322933425,0.0032029986381530763,-0.003529071807861328,0.2101469296874999,0.10507346484374969,0.0014049291610717773,17.300000157952308,-12.016826309263706,2.332165241241455,2,-5.3,14.04241216908373
PH20_POOL_0324,S23T;E32V;H194D;V238L;M311I;M314R;D321K;A372E;V415I;A420T,1.7337724158937229,0.0030200839042663573,-0.003740072250366211,0.2117634445312496,0.07274316796874958,0.0014211177825927735,17.85000010728836,-9.755874391645193,6.921603202819824,2,-0.40000000000000036,14.04241216908373
PH20_POOL_0325,S23T;E32I;H194D;M311F;M314R;D321K;A372E;Q394T;A413E;V415I,1.7326602535984583,0.00325697660446167,-0.003529071807861328,0.21499647421874987,0.09699089062499988,0.00147169828414917,19.562500095367433,-18.439726527780294,3.834719657897949,1,-5.3,14.04241216908373
PH20_POOL_0326,S23T;E32V;K131R;H194D;M311F;M314R;E325K;A372E;A413E;D417E,1.7310117913491487,0.0028725981712341307,-0.002908945083618164,0.20368087031249962,0.096990890624999,0.0016344547271728515,18.650000110268593,-10.943493347615004,3.2159347534179688,1,-5.3,14.04241216908373
PH20_POOL_0327,E32I;K131R;H194D;V238L;M311F;D321K;E325K;A372E;Q394T;A420S,1.7298484130846656,0.0033353328704833984,-0.0031135082244873047,0.22146253359374998,0.09699089062499944,0.0014064908027648926,18.774999982118608,-15.477424275130033,3.3380606174468994,3,-0.40000000000000036,14.04241216908373
PH20_POOL_0328,E32I;K131R;Q144N;H194D;M311F;D321K;E325K;Q394T;A413E;D419E,1.7285891920050325,0.0035948991775512696,-0.0031135082244873047,0.2069138999999999,0.07274316796874958,0.0014318585395812987,18.38750002980232,-15.41772846877575,2.8496432304382324,3,-5.3,14.04241216908373
PH20_POOL_0329,S23T;E32V;K131R;H194D;M314R;D321K;A372T;E393Q;A413E;D417E,1.7267903721441826,0.003103530406951904,-0.0033509135246276855,0.2004478406249997,0.06466059374999933,0.0012203216552734374,18.087500035762787,-8.887378007173538,6.441313982009888,3,-5.3,14.04241216908373
PH20_POOL_0330,S23T;E32I;K131R;H194D;M311L;M314R;D321K;A372E;V415I;A420S,1.7255849754904407,0.0031217694282531737,-0.0033245086669921875,0.21176344453124996,0.06466059374999977,0.0017810821533203124,17.050000083446502,-9.408969022333622,6.997627258300781,2,0.0,14.04241216908373
PH20_POOL_0331,S23T;E32I;H194D;M311F;M314R;D321K;Q350R;A413E;D417E;D419E,1.725203039409725,0.0035593271255493163,-0.002908945083618164,0.21337995937499982,0.10507346484374969,0.0012514710426330567,17.712500143051148,-17.634421158581972,4.225685119628906,3,-5.3,14.04241216908373
PH20_POOL_0332,E32V;K131R;H194D;M311F;D321K;E325K;Q350R;A372E;A413E;T418S,1.72469886136061,0.003671920299530029,-0.0024933815002441406,0.2198460187499996,0.10507346484374924,0.001499319076538086,18.374999994039534,-19.279601491987705,1.1752302646636963,3,-5.3,14.04241216908373
PH20_POOL_0333,S23T;E32I;K131R;H194D;M311F;D321K;Q394T;A413E;V415I;D419E,1.7242058616259255,0.0035376906394958495,-0.0031135082244873047,0.20529738515624985,0.08890831640624963,0.0017843842506408691,15.062500059604645,-13.423659335821867,3.8311479091644287,1,-5.3,14.04241216908373
PH20_POOL_0334,S23T;E32I;H194D;M311I;D321K;E325K;Q394T;A413E;D417E;D419E,1.723738884346305,0.0035615801811218263,-0.0031135082244873047,0.20206435546874973,0.07274316796874958,0.0010685920715332031,17.362500059604645,-12.143872637301683,0.7586429119110107,3,-5.3,14.04241216908373
PH20_POOL_0335,E32V;K131R;H194D;V238L;M311F;M314R;D321K;Q394T;A413E;T418V,1.7223622236238774,0.0033305764198303224,-0.0031135082244873047,0.2149964742187498,0.08890831640624919,0.0013496994972229004,17.137500125169755,-14.11709775403142,5.440253257751465,2,-5.7,14.04241216908373
PH20_POOL_0336,S23T;E32V;K131R;H194D;M311F;M314R;E325K;A372S;V415I;D419E,1.7210182295903196,0.0031490683555603026,-0.0033245086669921875,0.2182295039062497,0.08890831640624963,0.0016344547271728515,15.437500157952309,-7.957612723112106,6.6561596393585205,3,0.0,14.04241216908373
PH20_POOL_0337,S23T;E32V;H194D;V238L;M311L;D321K;E325K;A372E;Q394T;D417E,1.7200314952342077,0.003045392036437988,-0.0031135082244873047,0.20529738515624985,0.09699089062499988,0.0015695333480834962,18.812500023841856,-11.394573010504246,3.1666200160980225,3,-0.40000000000000036,14.04241216908373
PH20_POOL_0338,S23T;E32I;H194D;V238L;M311I;D321K;E325K;Q394T;A413E;T418V,1.7192991849856112,0.003074979782104492,-0.003529071807861328,0.20853041484374985,0.08082574218749983,0.0005203127861022949,16.612500059604645,-6.336442548781633,3.167022943496704,3,-5.7,14.04241216908373
PH20_POOL_0339,E32I;K131R;H194D;V238L;M311F;D321K;E325K;Q394T;A413E;T418V,1.7183023705505909,0.003299820423126221,-0.0031135082244873047,0.22307904843749987,0.09699089062499944,0.0010562658309936524,16.57500002980232,-11.557133611291647,3.3999364376068115,3,-5.7,14.04241216908373
PH20_POOL_0340,S23T;E32V;K131R;Q144N;H194D;M311L;M314R;D321K;A372E;V415I,1.716722079583168,0.0028845906257629395,-0.0033245086669921875,0.20206435546874985,0.05657801953124997,0.0018366336822509765,18.387500095367432,-8.596090376377106,8.464145183563232,2,0.0,14.04241216908373
PH20_POOL_0341,S23T;E32T;H194D;V238L;M311F;M314R;D321K;A372T;Q394T;T418V,1.7167034634939435,0.003394782543182373,-0.003555476665496826,0.21499647421874996,0.09699089062499677,0.001546192169189453,18.662500083446503,-16.803616661578417,4.083072662353516,3,-0.40000000000000036,14.04241216908373
PH20_POOL_0342,S23T;E32I;K131R;H194D;I310L;M314R;D321K;A372E;Q394T;A420S,1.7100035188302605,0.0028243064880371094,-0.0031135082244873047,0.20044784062500004,0.056578019531249524,0.0017592906951904297,19.375000059604645,-9.523003339767456,7.842545986175537,2,0.0,14.04241216908373
PH20_POOL_0343,E32V;K131R;Q144N;H194D;V238L;M311F;M314R;D321K;Q350R;A413E,1.7072241026659174,0.003332221508026123,-0.002908945083618164,0.20044784062499987,0.08890831640624741,0.0011089682579040528,18.050000125169753,-15.203309539705515,6.852864503860474,3,-5.7,14.04241216908373
PH20_POOL_0344,S23T;E32V;H194D;V238L;M311I;M314R;D321K;Q350R;A372E;D419E,1.7061964231745537,0.0031625032424926758,-0.0033245086669921875,0.20206435546874973,0.07274316796874691,0.0010089397430419922,18.300000107288362,-11.614081662148237,6.079060316085815,3,-0.40000000000000036,14.04241216908373
PH20_POOL_0345,E32I;K131R;Q144N;H194D;M311F;M314R;D321K;A372E;E393Q;D419E,1.7051536797319213,0.0032155394554138185,-0.0033245086669921875,0.20529738515624993,0.056578019531249524,0.001367950439453125,20.500000005960466,-15.325414091348648,6.6153154373168945,3,0.0,14.04241216908373
PH20_POOL_0346,S23T;E32V;K131R;H194D;V238L;M311L;D321K;A372T;V415I;A420S,1.704821215760192,0.003176426887512207,-0.003766477108001709,0.20044784062499987,0.07274316796874958,0.0016588091850280762,13.825000023841858,-5.6386871337890625,7.212322950363159,2,-0.40000000000000036,14.04241216908373
PH20_POOL_0347,S23T;E32I;K131R;H194D;M311F;M314R;E325K;A413E;D417E;A420S,1.7021868899419836,0.003054654598236084,-0.002908945083618164,0.2069138999999999,0.08890831640624919,0.0013410210609436034,16.87500014603138,-9.573360424488783,3.4033617973327637,2,-5.3,14.04241216908373
PH20_POOL_0348,S23T;E32V;K131R;H194D;M311I;M314R;D321K;A372E;D417E;D419E,1.7018707173798824,0.0031628966331481933,-0.002908945083618164,0.20529738515624957,0.05657801953124908,0.0015613555908203125,18.05000009536743,-11.197032049298286,5.525841474533081,2,0.0,14.04241216908373
PH20_POOL_0349,S23T;E32V;K131R;H194D;V238L;M311L;M314R;D321K;Q394T;A420S,1.6989031978823659,0.0029816269874572755,-0.0031135082244873047,0.2101469296875001,0.08082574218749983,0.001571822166442871,16.775000143051148,-8.346871823072433,7.256178140640259,3,-0.40000000000000036,14.04241216908373
PH20_POOL_0350,S23T;E32V;K131R;H194D;M314R;D321K;Q350R;A372E;A413E;T418V,1.6981006159230616,0.0028581857681274415,-0.002908945083618164,0.2004478406249996,0.08082574218749672,0.001524674892425537,17.53750009536743,-9.046113681048155,7.157560110092163,2,-5.3,14.04241216908373
PH20_POOL_0351,S23T;E32I;K131R;H194D;V238L;D321K;E325K;A413E;D417E;A420T,1.6966874226571311,0.003088569641113281,-0.002908945083618164,0.20206435546874973,0.07274316796874958,0.0013602852821350097,15.800000047683715,-5.973575122654438,4.831650495529175,3,-5.7,14.04241216908373
PH20_POOL_0352,E32V;K131R;H194D;M311F;M314R;D321K;Q350R;A413E;V415I;A420T,1.696248787133425,0.0033911347389221193,-0.002908945083618164,0.23116162265624948,0.10507346484374924,0.0019327163696289062,16.387500125169755,-15.857906371355057,6.140792369842529,3,-5.3,14.04241216908373
PH20_POOL_0353,S23T;E32I;K131R;H194D;M311F;D321K;E325K;A372S;A413E;D417E,1.6931650922406165,0.0033760309219360352,-0.002908945083618164,0.21661298906249976,0.08082574218749983,0.0011673450469970703,16.312500047683717,-11.92401623353362,4.174026012420654,3,-5.3,14.04241216908373
PH20_POOL_0354,S23T;E32V;K131R;Q144N;H194D;M314R;D321K;A372T;V415I;D419E,1.6923210607819932,0.003070223331451416,-0.003766477108001709,0.2036808703124998,0.04849544531249972,0.001571822166442871,17.325000095367432,-8.600874871015549,9.282225131988525,3,0.0,14.04241216908373
PH20_POOL_0355,S23T;E32I;K131R;H194D;V238L;M314R;D321K;A372E;V415I;A420K,1.6909522320513934,0.00326000452041626,-0.002908945083618164,0.20044784062499996,0.06466059374999977,0.001516270637512207,16.887500083446504,-10.474206242710352,6.365513801574707,3,-0.40000000000000036,14.04241216908373
PH20_POOL_0356,S23T;E32V;K131R;H194D;V238L;I310L;M314R;E325K;Q394T;T418V,1.6900789808428271,0.0022380709648132323,-0.0031135082244873047,0.20206435546874993,0.08082574218749938,0.0013724803924560548,16.63750013411045,1.4622385948896408,8.356802701950073,3,-0.40000000000000036,14.04241216908373
PH20_POOL_0357,E32V;K131R;Q144N;H194D;V238L;M311F;M314R;D321K;V415I;A420T,1.690063319033028,0.0031898021697998047,-0.0033245086669921875,0.21984601874999976,0.07274316796874958,0.001719188690185547,17.375000125169755,-13.02193957194686,8.808461666107178,3,-0.40000000000000036,14.04241216908373
PH20_POOL_0358,S23T;E32V;H194D;I310L;M314R;D321K;Q350R;Q394T;A413E;A420T,1.6879519389646427,0.002849388122558594,-0.0031135082244873047,0.2036808703124997,0.08890831640624963,0.0018457293510437012,18.47500013113022,-10.646427914500237,7.205839395523071,3,-5.3,14.04241216908373
PH20_POOL_0359,S23T;E32V;Q144N;H194D;V238L;M311F;M314R;D321K;Q394T;T418V,1.6877185302042226,0.0028142929077148438,-0.003529071807861328,0.2166129890625,0.08890831640625008,0.0011118173599243164,19.150000154972076,-12.264192465692759,8.280040979385376,3,-0.40000000000000036,14.04241216908373
PH20_POOL_0360,S23T;E32V;K131R;H194D;M311F;M314R;N322K;A372E;V415I;D419E,1.6875598777315985,0.0030332207679748535,-0.0033245086669921875,0.2036808703124998,0.09699089062499944,0.0023326635360717773,16.300000086426735,-11.93348504602909,5.420584678649902,1,-0.3999999999999999,14.04241216908373
PH20_POOL_0361,S23T;E32V;H194D;V238L;I310L;M314R;D321K;A372T;Q394T;T418V,1.6865073997351636,0.002562737464904785,-0.00397104024887085,0.2101469296874999,0.07274316796874958,0.0011721491813659669,18.225000083446503,-5.94507297873497,9.235743522644043,3,-0.40000000000000036,14.04241216908373
PH20_POOL_0362,S23T;E32I;K131R;H194D;V238L;M314R;D321K;Q350R;A413E;V415I,1.6862287301917291,0.0030953645706176757,-0.002908945083618164,0.20044784062499996,0.08890831640625008,0.0009905099868774414,15.362500131130219,-8.267893467098475,7.386657476425171,3,-5.7,14.04241216908373
PH20_POOL_0363,S23T;E32I;Q144N;H194D;V238L;M311I;D321K;E325K;A372E;T418V,1.685508390668056,0.0027305960655212404,-0.003740072250366211,0.20044784062499987,0.05657801953124997,0.0005446672439575195,18.62500001192093,-5.578205239027739,5.890177249908447,3,-0.40000000000000036,14.04241216908373
PH20_POOL_0364,S23T;E32V;K131R;H194D;V238L;M311L;M314R;E325K;A372E;V415I,1.682228232751369,0.0024936914443969725,-0.0033245086669921875,0.20206435546874985,0.08890831640624963,0.0015692472457885741,16.462500110268593,-3.138079196214676,6.048267841339111,2,-0.40000000000000036,14.04241216908373
PH20_POOL_0365,E32V;K131R;H194D;M311L;D321K;E325K;A372S;A413E;V415I;A420T,1.6821601958807049,0.003564894199371338,-0.0033245086669921875,0.20691389999999946,0.056578019531249524,0.002044343948364258,14.400000041723251,-9.268921058624983,4.578800678253174,3,-5.3,14.04241216908373
PH20_POOL_0366,S23T;E32V;K131R;Q144N;H194D;I310L;M314R;D321K;A372T;T418V,1.6813706635386885,0.002470219135284424,-0.003766477108001709,0.20691389999999982,0.04041287109374947,0.001374053955078125,18.237500071525574,-3.0592292323708534,11.762893915176392,3,0.0,14.04241216908373
PH20_POOL_0367,S23T;E32I;H194D;V238L;M311I;M314R;D321K;A413E;V415I;A420T,1.6795493131393355,0.0031247854232788084,-0.003740072250366211,0.20529738515624976,0.06466059374999977,0.0009524345397949219,16.025000143051148,-8.744346279650927,5.707289934158325,2,-5.7,14.04241216908373
PH20_POOL_0368,S23T;E32I;H194D;M311I;M314R;D321K;A372T;A413E;V415I;D419E,1.6791130367751657,0.0033345460891723634,-0.004182040691375732,0.2069138999999997,0.056578019531249524,0.0008679747581481934,16.60000009536743,-11.442463304847479,4.519231557846069,2,-5.3,14.04241216908373
PH20_POOL_0369,S23T;E32T;H194D;M311F;D321K;Q350R;A372T;Q394T;V415I;D419E,1.6788594223500788,0.003852701187133789,-0.0031399130821228027,0.2036808703124998,0.11315603906249594,0.0022476553916931153,16.53750001192093,-20.968084044754505,1.6847174167633057,3,0.0,14.04241216908373
PH20_POOL_0370,S23T;E32I;H194D;M311F;D321K;Q350R;A372T;E393Q;A413E;A420S,1.6782660205329005,0.003192424774169922,-0.003766477108001709,0.2069138999999999,0.10507346484374969,0.0009677290916442871,17.18749996423721,-13.625828217715025,4.422557353973389,3,-5.3,14.04241216908373
PH20_POOL_0371,S23T;E32V;Q144N;H194D;V238L;M311F;M314R;E325K;A372T;A420S,1.6770282730811399,0.0026370763778686525,-0.004182040691375732,0.20529738515625,0.08890831640624963,0.0009314179420471192,18.987500122189523,-8.835051968693733,6.592770338058472,3,-0.40000000000000036,14.04241216908373
PH20_POOL_0372,S23T;E32T;K131R;H194D;V238L;M311F;M314R;D321K;A372T;T418S,1.6768021663959303,0.003585195541381836,-0.002935349941253662,0.213379959375,0.08890831640624963,0.0014820098876953125,17.737500071525574,-18.380801290273666,3.3154499530792236,3,-0.40000000000000036,14.04241216908373
PH20_POOL_0373,S23T;E32V;Q144N;H194D;M311F;M314R;D321K;A372T;A413E;D417E,1.6764711746095575,0.0031421422958374024,-0.003766477108001709,0.20529738515624976,0.07274316796874958,0.0011962413787841796,19.800000107288362,-16.77148600295186,5.748820543289185,2,-5.3,14.04241216908373
PH20_POOL_0374,S23T;E32V;K131R;M311F;M314R;E325K;A372T;A413E;V415I;D419E,1.6761508756672672,0.003735947608947754,-0.004182040691375732,0.2069138999999997,0.07274316796874913,0.0011162877082824707,12.012500077486038,-8.428620014339685,3.5929911136627197,3,-5.3,14.95989440734575
PH20_POOL_0375,S23T;E32I;K131R;H194D;I310L;M314R;E325K;Q394T;V415I;D419E,1.6752988179542199,0.0026256322860717775,-0.0031135082244873047,0.20368087031249998,0.07274316796874958,0.001692521572113037,16.387500122189522,-2.6447398141026497,6.678480625152588,3,0.0,14.04241216908373
PH20_POOL_0376,S23T;E32I;K131R;H194D;I310L;M314R;E325K;A372T;V415I;A420S,1.6733276911965926,0.0025442361831665037,-0.003766477108001709,0.20853041484374996,0.06466059374999933,0.0014039158821105957,16.337500074505805,-1.5170108675956726,7.957380533218384,3,0.0,14.04241216908373
PH20_POOL_0377,E32V;K131R;H194D;M311L;M314R;D321K;Q350R;A372E;A413E;V415I,1.669949933086296,0.0032952189445495605,-0.002908945083618164,0.2004478406249996,0.08082574218749938,0.0018726110458374024,16.950000077486038,-14.195896085351706,4.8066370487213135,2,-5.3,14.04241216908373
PH20_POOL_0378,S23T;E32V;K131R;H194D;M311F;M314R;E325K;Q350R;A413E;T418V,1.6691559450119051,0.00253220796585083,-0.002908945083618164,0.22469556328124965,0.12123861328124708,0.0012598633766174316,16.250000157952307,-6.079825714230537,5.723644733428955,3,-5.3,14.04241216908373
PH20_POOL_0379,E32V;K131R;H194D;V238L;M311F;M314R;E325K;A372E;D417E;D419E,1.6671495106865357,0.0030818939208984374,-0.002908945083618164,0.2004478406249997,0.08890831640624874,0.001654946804046631,17.975000092387198,-13.315905313938856,3.3391501903533936,2,-0.40000000000000036,14.04241216908373
PH20_POOL_0380,S23T;E32V;H194D;V238L;M311F;M314R;E325K;Q394T;D417E;D419E,1.6658261556995024,0.002909994125366211,-0.0031135082244873047,0.2101469296874999,0.11315603906249949,0.0013927102088928222,17.975000169873237,-12.242621693760157,3.4557836055755615,3,-0.40000000000000036,14.04241216908373
PH20_POOL_0381,E32I;Q144N;H194D;V238L;M311F;M314R;D321K;Q394T;V415I;A420S,1.6645695157169274,0.0034885048866271974,-0.003529071807861328,0.2052973851562502,0.07274316796875002,0.001231515407562256,18.725000125169753,-18.791200298815966,5.900566101074219,3,-0.40000000000000036,14.04241216908373
PH20_POOL_0382,S23T;E32V;H194D;M311I;D321K;E325K;Q394T;A413E;D417E;A420T,1.663454702832368,0.003135967254638672,-0.0031135082244873047,0.21337995937499948,0.08082574218749938,0.001509392261505127,17.662500071525574,-11.357787363231182,1.9152216911315918,3,-5.3,14.04241216908373
PH20_POOL_0383,S23T;E32V;K131R;H194D;V238L;I310L;M314R;D321K;Q394T;T418S,1.662040430738308,0.0029119014739990234,-0.0026979446411132812,0.20368087031250007,0.06466059374999977,0.0013737797737121582,17.62500011920929,-8.986195851117373,7.477906942367554,3,-0.40000000000000036,14.04241216908373
PH20_POOL_0384,S23T;E32V;H194D;M311L;M314R;D321K;Q350R;Q394T;A413E;D419E,1.6615499840930696,0.0031906604766845704,-0.0031135082244873047,0.20206435546874985,0.09699089062499988,0.0016331672668457031,17.400000154972076,-13.8700857385993,4.296095371246338,3,-5.3,14.04241216908373
PH20_POOL_0385,S23T;E32V;V238L;M311F;M314R;D321K;A372T;Q394T;A413E;D419E,1.622721514288565,0.003894662857055664,-0.004386603832244873,0.20044784062499996,0.07274316796874958,0.0007660627365112304,14.275000074505806,-16.853263299912214,3.5951650142669678,3,-5.7,14.683852653805417
PH20_POOL_0386,S23T;E32V;M311F;M314R;E325K;A372T;Q394T;A413E;V415I;A420S,1.5940220691037545,0.003609037399291992,-0.004386603832244873,0.20368087031249987,0.08082574218749938,0.0010694146156311035,13.662500089406967,-13.245923727750778,1.8416743278503418,3,-5.3,18.769139199055367
PH20_POOL_0387,S23T;E32V;K131R;V238L;M311F;D321K;Q350R;A372T;A413E;V415I,1.5182687931184378,0.0035729408264160156,-0.003766477108001709,0.2004478406249998,0.08890831640624963,0.0008553385734558106,10.249999991059303,-12.022869527339935,5.014875411987305,3,-5.7,14.683852653805417
PH20_POOL_0388,S23T;E32V;K131R;M311F;M314R;D321K;A372E;Q394T;D417E;D419E,1.503389582228492,0.003518712520599365,-0.0031135082244873047,0.21014692968749982,0.06466059374999933,0.001581716537475586,15.050000062584877,-18.45531789213419,3.9608936309814453,3,0.0,14.95989440734575
PH20_POOL_0389,S23T;E32I;K131R;Q144N;M311F;M314R;D321K;A413E;V415I;A420T,1.497113110549862,0.003388082981109619,-0.003740072250366211,0.2069138999999999,0.040412871093749914,0.0011747002601623536,13.037500098347664,-12.153985250741243,6.669492483139038,3,-5.3,14.95989440734575
PH20_POOL_0390,S23T;E32V;M311F;M314R;E325K;Q350R;A372E;Q394T;A413E;V415I,1.4898610398008434,0.003155338764190674,-0.003529071807861328,0.2004478406249998,0.10507346484374969,0.0011574029922485352,14.637500089406966,-15.445764496922493,1.3588814735412598,3,-5.3,18.769139199055367
PH20_POOL_0391,S23T;E32I;K131R;M311F;M314R;D321K;Q394T;A413E;D417E;D419E,1.4463076387701406,0.0036234140396118166,-0.0031135082244873047,0.20368087031249998,0.056578019531249524,0.0011130332946777343,13.225000098347664,-17.57373708486557,2.7465803623199463,3,-5.3,14.95989440734575
PH20_POOL_0392,S23T;E32I;K131R;V238L;M311F;M314R;D321K;Q394T;A413E;T418V,1.442677115139198,0.0031368136405944824,-0.003529071807861328,0.2101469296875001,0.06466059374999977,0.0005647540092468262,12.475000098347664,-11.729526281356812,5.15496039390564,3,-5.7,14.683852653805417
PH20_POOL_0393,S23T;E32V;K131R;M311F;M314R;D321K;A372E;Q394T;V415I;A420T,1.4267534455125248,0.002994060516357422,-0.003529071807861328,0.2295451078124997,0.07274316796874958,0.001794278621673584,14.350000062584877,-15.838421527296305,5.847530364990234,3,0.0,14.95989440734575
PH20_POOL_0394,S23T;E32V;K131R;M311I;M314R;D321K;Q394T;A413E;V415I;A420T,1.418768438138181,0.003230381011962891,-0.003529071807861328,0.20691389999999962,0.04041287109374947,0.0012583255767822266,11.937500110268592,-10.55752045288682,4.428774118423462,3,-5.3,14.95989440734575
PH20_POOL_0395,S23T;E32I;K131R;Q144N;V238L;M311F;M314R;D321K;A372E;T418V,1.412658276311755,0.0027924299240112303,-0.003740072250366211,0.2020643554687501,0.040412871093749914,0.0005891084671020508,14.487500050663948,-10.799836449325085,7.878114700317383,3,-0.40000000000000036,14.683852653805417
PH20_POOL_0396,S23T;E32I;K131R;M311F;M314R;E325K;Q350R;A372E;A413E;V415I,1.4031784493305839,0.0028306007385253905,-0.0033245086669921875,0.20529738515624985,0.08890831640624963,0.0008880496025085449,12.937500065565109,-11.22431654855609,2.8714499473571777,3,-5.3,14.95989440734575
PH20_POOL_0397,E32V;K131R;V238L;M311F;M314R;E325K;Q394T;A413E;V415I;A420T,1.3884110877604463,0.003149378299713135,-0.003529071807861328,0.20206435546874973,0.07274316796874913,0.001351916790008545,11.86250010728836,-12.478036612272263,2.2420828342437744,3,-5.7,14.683852653805417
PH20_POOL_0398,E32V;K131R;Q144N;M311F;M314R;D321K;A372T;A413E;V415I;A420T,1.3873317560996943,0.003381526470184326,-0.004182040691375732,0.20691389999999962,0.03233029687499922,0.0013534903526306152,13.462500044703484,-16.652732364833355,5.648174047470093,3,-5.3,14.95989440734575
PH20_POOL_0399,S23T;E32V;V238L;M311L;M314R;D321K;A372E;Q394T;V415I;A420T,1.3870481336891864,0.0029590725898742676,-0.0039446353912353516,0.20044784062499987,0.05657801953124997,0.0015515327453613282,13.662500074505806,-13.005488831549883,5.07781982421875,3,-0.40000000000000036,14.683852653805417
PH20_POOL_0400,S23T;E32I;K131R;I310L;M314R;D321K;A372E;Q394T;V415I;A420T,1.356020233262934,0.002661573886871338,-0.003529071807861328,0.20368087031249987,0.032330296874999664,0.0016760945320129395,13.93750002682209,-9.809277646243572,7.321860074996948,3,0.0,14.95989440734575
