name,mutations,generation_score,additive_ec_mean,additive_ec_min,additive_stability_mean,additive_stability_min,additive_solubility_mean,additive_lm_mean,potts_delta,independent_delta,net_charge_delta,surface_hydropathy_delta
PH20_RAW_00001,S23T;E32T;K131R;H194D;M311F;D321K;E325K;A413E;V415I;A420S,2.650365642529248,0.006228113174438476,-0.002908945083618164,0.20206435546874985,0.11315603906249949,0.0023385047912597655,17.175000035762785,-10.66271261870861,2.4532289505004883,3,-5.3
PH20_RAW_00002,S23T;E32T;H194D;M311F;M314R;D321K;E325K;A372E;A413E;A420S,2.630012462124915,0.0060147404670715336,-0.0033245086669921875,0.20368087031249987,0.09699089062499633,0.0020486116409301758,22.125000071525573,-15.9444658793509,1.8296256065368652,3,-5.3
PH20_RAW_00003,S23T;E32T;K131R;H194D;M311F;D321K;E325K;A413E;V415I;D419E,2.6120394056851852,0.006150758266448975,-0.002908945083618164,0.20206435546874973,0.11315603906249949,0.002361297607421875,16.900000035762787,-10.721861824393272,2.1645429134368896,3,-5.3
PH20_RAW_00004,S23T;E32V;H194D;I310L;M314R;D321K;E325K;A372E;A413E;V415I,2.5681583661392278,0.005037999153137207,-0.003740072250366211,0.2069138999999997,0.08890831640624963,0.0016745686531066894,20.962500071525575,-5.150940757244825,7.3207855224609375,3,-5.3
PH20_RAW_00005,S23T;E32V;H194D;M311F;D321K;E325K;A372E;E393Q;A413E;V415I,2.4916751039010734,0.0050368189811706545,-0.003740072250366211,0.21661298906249965,0.12123861328124974,0.0015259742736816405,20.024999964237214,-8.857634235173464,4.41518235206604,3,-5.3
PH20_RAW_00006,S23T;E32T;K131R;H194D;M311F;D321K;E325K;A372E;A413E;V415I,2.4702228095222316,0.005517053604125977,-0.002908945083618164,0.2004478406249997,0.11315603906249949,0.0023385047912597655,18.62499998807907,-12.77103690057993,1.7383675575256348,2,-5.3
PH20_RAW_00007,S23T;E32V;H194D;M311F;M314R;D321K;E393Q;A413E;V415I;A420S,2.464517723728587,0.005249631404876709,-0.003740072250366211,0.21176344453124987,0.10507346484374969,0.0015259742736816405,18.812500095367433,-10.15620781108737,6.642926216125488,3,-5.3
PH20_RAW_00008,S23T;E32T;H194D;M311F;D321K;E325K;A372T;A413E;V415I;D419E,2.455809411095239,0.005787742137908935,-0.003766477108001709,0.2036808703124997,0.11315603906249949,0.0020714044570922852,17.95,-14.324170801788568,1.1147539615631104,3,-5.3
PH20_RAW_00009,S23T;E32T;H194D;V238L;M311F;D321K;E325K;A413E;V415I;A420T,2.4556346875175827,0.005577981472015381,-0.0033245086669921875,0.20206435546874973,0.12123861328124974,0.0021558642387390138,17.375000047683717,-11.653826501220465,2.302812337875366,3,-5.7
PH20_RAW_00010,S23T;E32T;K131R;H194D;M311F;D321K;E325K;A372E;V415I;D419E,2.454942911594819,0.005517053604125977,-0.002908945083618164,0.21014692968749973,0.11315603906249949,0.0025365471839904783,18.39999998807907,-12.578484132885933,2.85142183303833,3,0.0
PH20_RAW_00011,S23T;E32V;K131R;H194D;I310L;D321K;E325K;A372E;V415I;A420S,2.439504613903538,0.0047623634338378905,-0.0033245086669921875,0.20529738515624976,0.08082574218749938,0.002139711380004883,18.237499988079072,-1.9973058961331844,8.292778730392456,3,0.0
PH20_RAW_00012,S23T;E32V;H194D;M311F;M314R;D321K;E393Q;A413E;V415I;D419E,2.42796782796519,0.005172276496887207,-0.003740072250366211,0.2117634445312498,0.10507346484374969,0.00154876708984375,18.53750009536743,-10.134614240378141,6.35424017906189,3,-5.3
PH20_RAW_00013,S23T;E32V;K131R;H194D;M311F;D321K;E325K;A413E;V415I;D419E,2.420555867769774,0.005122196674346924,-0.0033245086669921875,0.22469556328124965,0.11315603906249949,0.0018120050430297852,16.550000059604645,-6.943735361099243,5.3154497146606445,3,-5.3
PH20_RAW_00014,S23T;E32V;H194D;V238L;M311F;D321K;E325K;A372E;E393Q;A413E,2.418423212987596,0.004712116718292236,-0.003740072250366211,0.20691389999999982,0.12123861328124974,0.0011102676391601563,20.37499996423721,-8.038056526333094,4.528629302978516,3,-5.7
PH20_RAW_00015,S23T;E32V;K131R;H194D;I310L;D321K;E325K;A372E;V415I;D419E,2.404267190006748,0.004685008525848388,-0.0033245086669921875,0.20529738515624968,0.08082574218749938,0.0021625041961669924,17.96249998807907,-1.9160545133054256,8.004092693328857,3,0.0
PH20_RAW_00016,E32V;K131R;H194D;I310L;M314R;D321K;E325K;A372E;A413E;V415I,2.4020482065772346,0.004865455627441406,-0.0033245086669921875,0.20691389999999962,0.07274316796874913,0.001849818229675293,20.01250004172325,-6.94880049303174,6.821821689605713,3,-5.3
PH20_RAW_00017,S23T;E32V;H194D;V238L;M311F;M314R;D321K;E393Q;A413E;A420S,2.3944459346866007,0.004924929141998291,-0.003740072250366211,0.20206435546875,0.10507346484374969,0.0011102676391601563,19.16250009536743,-9.19208001717925,6.756373167037964,3,-5.7
PH20_RAW_00018,S23T;E32I;H194D;I310L;M314R;D321K;E325K;A372E;A413E;A420S,2.3927748763228265,0.0046536922454833984,-0.003740072250366211,0.20044784062499996,0.07274316796874958,0.0013811349868774413,21.362500059604645,-6.4713379219174385,6.454862117767334,3,-5.3
PH20_RAW_00019,S23T;E32V;H194D;V238L;M311F;D321K;E325K;A372E;A413E;V415I,2.389390107706379,0.0048703312873840336,-0.003740072250366211,0.21014692968749973,0.12123861328124974,0.0014364123344421387,18.77500002384186,-10.072603650391102,4.398399353027344,2,-5.7
PH20_RAW_00020,S23T;E32V;H194D;V238L;M311F;D321K;E325K;A372E;A413E;D419E,2.388880268518149,0.004937672615051269,-0.003740072250366211,0.20206435546874973,0.11315603906249949,0.0014592051506042481,19.225000023841858,-10.521588068455458,3.7712242603302,2,-5.7
PH20_RAW_00021,S23T;E32V;K131R;H194D;V238L;M311F;D321K;E325K;A413E;A420S,2.383846838794774,0.0048748493194580075,-0.0033245086669921875,0.21499647421874987,0.11315603906249949,0.0013735055923461913,17.175000059604645,-6.146070942282677,5.717582702636719,3,-5.7
PH20_RAW_00022,S23T;E32T;K131R;H194D;V238L;M311F;D321K;E325K;A372E;D419E,2.382916647626831,0.005192351341247558,-0.002908945083618164,0.20044784062499987,0.11315603906249638,0.0021208405494689943,18.74999998807907,-11.703196108341217,2.9648687839508057,3,-0.40000000000000036
PH20_RAW_00023,S23T;E32V;H194D;V238L;M314R;D321K;E325K;A372E;A413E;V415I,2.379647261664965,0.004721438884735108,-0.003740072250366211,0.2036808703124998,0.09699089062499988,0.0012588620185852051,19.97500009536743,-7.563523445278406,5.991004467010498,3,-5.7
PH20_RAW_00024,S23T;E32V;K131R;H194D;I310L;M314R;D321K;E325K;A372E;A413E,2.3787843841813907,0.004331457614898682,-0.0033245086669921875,0.21014692968749973,0.08082574218749938,0.0016116619110107422,20.812500059604645,-3.500363241881132,7.925107479095459,3,-5.3
PH20_RAW_00025,S23T;E32V;H194D;I310L;M314R;D321K;E325K;A372E;A413E;D417E,2.3751174653812845,0.004608035087585449,-0.0033245086669921875,0.2004478406249997,0.08082574218749938,0.0016093730926513671,21.637500071525572,-7.739266913384199,6.063293218612671,3,-5.3
PH20_RAW_00026,E32V;K131R;H194D;V238L;M311F;D321K;E325K;A413E;V415I;D419E,2.3707763959585315,0.005331492424011231,-0.0033245086669921875,0.21176344453124968,0.10507346484374924,0.0016344547271728515,16.100000041723252,-9.563113234937191,4.325610876083374,3,-5.7
PH20_RAW_00027,S23T;E32V;H194D;V238L;M311F;M314R;D321K;E325K;A372E;A413E,2.3567929442911715,0.004516780376434326,-0.003740072250366211,0.22469556328124982,0.12123861328124974,0.0010836124420166016,21.40000009536743,-11.09319868683815,5.432468414306641,3,-5.7
PH20_RAW_00028,S23T;E32T;K131R;H194D;V238L;M311F;M314R;D321K;V415I;A420S,2.356596517817356,0.005337822437286377,-0.002908945083618164,0.20368087031250007,0.10507346484374969,0.002098047733306885,17.087500119209288,-12.537902940064669,5.8197877407073975,3,-0.40000000000000036
PH20_RAW_00029,S23T;E32I;H194D;I310L;M314R;D321K;E325K;A372E;A413E;V415I,2.3558953345792033,0.00450899600982666,-0.003740072250366211,0.20853041484374985,0.08082574218749983,0.0013811349868774413,20.637500059604644,-6.038918349891901,6.793351173400879,3,-5.3
PH20_RAW_00030,S23T;E32I;H194D;I310L;M314R;D321K;E325K;A372E;A413E;D419E,2.3529937851096,0.004576337337493896,-0.003740072250366211,0.20044784062499987,0.07274316796874958,0.0014039278030395508,21.087500059604643,-6.596616871654987,6.166176080703735,3,-5.3
PH20_RAW_00031,S23T;E32V;K131R;H194D;V238L;M311F;D321K;E325K;A413E;V415I,2.3477875270583217,0.00473015308380127,-0.0033245086669921875,0.22307904843749976,0.12123861328124974,0.0013735055923461913,16.450000059604644,-5.676368188112974,6.056071758270264,3,-5.7
PH20_RAW_00032,S23T;E32T;H194D;M311F;M314R;D321K;E393Q;A413E;V415I;A420T,2.3464280294736617,0.005246222019195557,-0.0033245086669921875,0.20206435546874973,0.10507346484374969,0.0022454261779785156,18.862500071525574,-14.036274991929531,3.8324778079986572,3,-5.3
PH20_RAW_00033,S23T;E32V;K131R;H194D;V238L;M311F;D321K;E325K;A413E;D419E,2.346243290744847,0.004797494411468506,-0.0033245086669921875,0.2149964742187498,0.11315603906249949,0.0013962984085083008,16.900000059604643,-6.172370657324791,5.42889666557312,3,-5.7
PH20_RAW_00034,S23T;E32T;K131R;H194D;M311F;D321K;E325K;A372E;A413E;T418V,2.34534011492484,0.004992532730102539,-0.002908945083618164,0.20206435546874965,0.10507346484374613,0.002163529396057129,18.64999998807907,-10.827047195285559,2.1486332416534424,2,-5.3
PH20_RAW_00035,S23T;E32V;Q144N;H194D;V238L;M311F;D321K;E325K;A413E;V415I,2.343483000108281,0.004815208911895752,-0.003740072250366211,0.20368087031249987,0.10507346484375013,0.0011985301971435547,18.337500071525575,-8.263197094202042,6.05234432220459,3,-5.7
PH20_RAW_00036,S23T;E32V;H194D;M311F;D321K;E325K;Q394T;A413E;V415I;A420S,2.3351073161424796,0.004995286464691162,-0.003529071807861328,0.22146253359374982,0.12123861328124974,0.001765131950378418,18.200000071525572,-11.911936577409506,3.5641329288482666,3,-5.3
PH20_RAW_00037,S23T;E32V;H194D;M311I;D321K;E325K;A372E;E393Q;A413E;V415I,2.32653735150653,0.004639434814453125,-0.003740072250366211,0.20206435546874957,0.08890831640624963,0.0011652708053588867,19.112499964237212,-5.435912329703569,3.683305025100708,3,-5.3
PH20_RAW_00038,S23T;E32V;H194D;I310L;D321K;E325K;A372E;Q394T;V415I;A420S,2.322861514146208,0.004558098316192627,-0.003529071807861328,0.20206435546874985,0.08890831640624963,0.002115631103515625,19.6125,-6.7004886493086815,6.2527759075164795,3,0.0
PH20_RAW_00039,S23T;E32T;K131R;H194D;M311F;D321K;E325K;Q394T;A413E;V415I,2.304133573785615,0.005172610282897949,-0.0026979446411132812,0.21014692968749982,0.12123861328124974,0.0022515177726745604,17.675000035762785,-13.434509433805943,1.3560371398925781,3,-5.3
PH20_RAW_00040,S23T;E32V;K131R;H194D;M311F;D321K;E325K;A372E;E393Q;A413E,2.3040267943074717,0.004330277442932129,-0.0033245086669921875,0.21984601874999968,0.11315603906249949,0.0014630675315856934,19.874999952316283,-7.128617066890001,5.0195043087005615,3,-5.3
PH20_RAW_00041,S23T;E32V;H194D;M311F;M314R;D321K;E325K;A372E;A413E;T418V,2.3014509364360825,0.004316961765289307,-0.003740072250366211,0.23601116718749965,0.11315603906249949,0.0013243436813354492,21.075000095367432,-10.137477789074183,5.729287147521973,3,-5.3
PH20_RAW_00042,S23T;E32T;K131R;H194D;M311F;D321K;E325K;Q394T;A413E;D419E,2.3002445193569057,0.005239951610565186,-0.0026979446411132812,0.20206435546874985,0.11315603906249949,0.00227431058883667,18.12500003576279,-14.037094544619322,0.7288620471954346,3,-5.3
PH20_RAW_00043,S23T;E32V;H194D;M311V;M314R;D321K;E325K;A372E;A413E;V415I,2.2989323948074145,0.004790961742401123,-0.003740072250366211,0.20529738515624968,0.08082574218749983,0.0012308597564697266,19.92500009536743,-10.66512581706047,5.9694664478302,3,-5.3
PH20_RAW_00044,S23T;E32V;H194D;M311I;M314R;D321K;E325K;A372E;A413E;A420S,2.298306808832217,0.004588794708251953,-0.003740072250366211,0.21176344453124968,0.08082574218749938,0.001138615608215332,20.86250009536743,-9.081647504121065,4.248655080795288,3,-5.3
PH20_RAW_00045,S23T;E32V;H194D;I310L;M314R;D321K;E325K;A372E;A413E;A420T,2.2943893843173275,0.0041507244110107425,-0.003740072250366211,0.2117634445312496,0.08082574218749938,0.0018447279930114747,21.387500071525572,-5.734177928417921,7.322754859924316,3,-5.3
PH20_RAW_00046,E32T;K131R;H194D;M311F;D321K;E325K;A372T;A413E;V415I;D419E,2.2912505862719774,0.005615198612213134,-0.0033509135246276855,0.20368087031249962,0.096990890624999,0.0022466540336608886,16.999999970197678,-16.051515322178602,0.6157901287078857,3,-5.3
PH20_RAW_00047,S23T;E32I;H194D;M311F;D321K;E325K;A372E;A413E;V415I;A420S,2.2911997888108178,0.004810726642608643,-0.003740072250366211,0.21337995937499982,0.10507346484374969,0.001558685302734375,18.825000011920928,-12.033429432660341,3.4190289974212646,2,-5.3
PH20_RAW_00048,S23T;E32V;H194D;M311F;M314R;D321K;A372E;A413E;V415I;A420S,2.2904540262205755,0.0048414826393127445,-0.003740072250366211,0.20529738515624976,0.09699089062499944,0.0018521189689636231,19.38750010728836,-14.811830651015043,5.459345817565918,1,-5.3
PH20_RAW_00049,E32V;K131R;H194D;M314R;D321K;E325K;A372E;A413E;V415I;D419E,2.288071848158434,0.004940938949584961,-0.0033245086669921875,0.20529738515624957,0.07274316796874913,0.0018726110458374024,19.12500006556511,-10.548459202051163,4.751418590545654,3,-5.3
PH20_RAW_00050,S23T;E32V;H194D;I310L;D321K;E325K;A372E;Q394T;V415I;D419E,2.2844993463109726,0.004480743408203125,-0.003529071807861328,0.20206435546874973,0.08890831640624963,0.0021384239196777345,19.3375,-6.761271081864834,5.964089870452881,3,0.0
PH20_RAW_00051,S23T;E32V;H194D;M311F;M314R;D321K;A372E;E393Q;A413E;V415I,2.2841253512270563,0.004538571834564209,-0.003740072250366211,0.21014692968749973,0.10507346484374969,0.0015259742736816405,20.262500047683716,-12.2758747972548,5.928064823150635,2,-5.3
PH20_RAW_00052,S23T;E32V;H194D;M311F;M314R;E325K;E393Q;A413E;V415I;D419E,2.283960939145879,0.004484593868255615,-0.003740072250366211,0.20529738515624976,0.11315603906249949,0.0014592051506042481,18.000000110268594,-5.936360523104668,4.425510406494141,3,-5.3
PH20_RAW_00053,S23T;E32T;K131R;H194D;M311F;M314R;D321K;A372E;E393Q;A420S,2.2806969199522884,0.004937946796417236,-0.002908945083618164,0.20044784062499996,0.08082574218749672,0.0021876096725463867,20.512500011920928,-13.981450375169516,4.783220291137695,3,0.0
PH20_RAW_00054,S23T;E32I;H194D;M311F;D321K;E325K;A372E;E393Q;A413E;D419E,2.27848362484498,0.004575157165527343,-0.003740072250366211,0.21014692968749982,0.10507346484374969,0.001255333423614502,20.149999952316286,-10.213623896241188,3.260572910308838,3,-5.3
PH20_RAW_00055,S23T;E32T;H194D;M311F;M314R;D321K;A372T;E393Q;A413E;V415I,2.277282750252419,0.005063939094543457,-0.003766477108001709,0.20206435546874985,0.10507346484374658,0.0017224669456481934,19.33750002384186,-15.282509487122297,3.3850414752960205,3,-5.3
PH20_RAW_00056,S23T;E32I;H194D;M314R;D321K;E325K;A372E;A413E;V415I;A420S,2.277254267784471,0.004661834239959717,-0.003740072250366211,0.2069138999999999,0.08082574218749983,0.0013811349868774413,20.025000083446503,-9.715379908680916,5.011634111404419,3,-5.3
PH20_RAW_00057,S23T;E32V;K131R;H194D;M311F;M314R;D321K;E393Q;A413E;A420S,2.2757817781410274,0.004543089866638183,-0.0033245086669921875,0.21499647421874987,0.09699089062499944,0.0014630675315856934,18.662500083446503,-8.47662864252925,7.24724817276001,3,-5.3
PH20_RAW_00058,S23T;E32V;K131R;H194D;M311F;D321K;E325K;A372E;A413E;D419E,2.2752197342660483,0.004555833339691162,-0.0033245086669921875,0.21499647421874962,0.10507346484374924,0.0018120050430297852,18.72500001192093,-9.578699316829443,4.262099266052246,2,-5.3
PH20_RAW_00059,S23T;E32V;H194D;M311L;M314R;D321K;E325K;A372E;A413E;V415I,2.274300079779768,0.004424655437469482,-0.003740072250366211,0.2182295039062497,0.09699089062499988,0.0016093730926513671,19.86250009536743,-8.245087191462517,5.040185928344727,3,-5.3
PH20_RAW_00060,E32V;K131R;H194D;I310L;M314R;D321K;E325K;A372E;A413E;T418V,2.2742019388816668,0.004340934753417969,-0.0033245086669921875,0.2085304148437496,0.06466059374999888,0.0016748428344726563,20.037500041723252,-5.139518655836582,7.2320873737335205,3,-5.3
PH20_RAW_00061,S23T;E32V;H194D;M311F;D321K;E325K;A372E;A413E;D417E;D419E,2.270870214490905,0.004832410812377929,-0.0033245086669921875,0.20529738515624957,0.10507346484374924,0.0018097162246704102,19.550000023841857,-13.84863030537963,2.400285005569458,2,-5.3
PH20_RAW_00062,S23T;E32V;K131R;Q144N;H194D;M311F;D321K;E325K;A413E;A420S,2.2684880405149195,0.004578065872192383,-0.0033245086669921875,0.20853041484374985,0.08890831640624963,0.0015513300895690918,18.562500059604645,-7.671544600278139,6.204730272293091,3,-5.3
PH20_RAW_00063,S23T;E32T;K131R;H194D;V238L;M311F;D321K;E325K;A413E;A420T,2.268254731982247,0.004871439933776855,-0.002908945083618164,0.20529738515624976,0.11315603906249949,0.0020929574966430664,17.225000035762786,-9.912611421197653,2.9071342945098877,3,-5.7
PH20_RAW_00064,S23T;E32T;K131R;Q144N;H194D;M311F;D321K;E325K;A372E;V415I,2.2681744888529773,0.004828226566314697,-0.002908945083618164,0.20206435546874985,0.09699089062499988,0.0022758722305297853,19.68749998807907,-12.774830788373947,4.079191446304321,3,0.0
PH20_RAW_00065,E32T;K131R;H194D;M311F;M314R;D321K;E325K;A372E;A413E;D417E,2.2668930769173605,0.005267536640167237,-0.0024933815002441406,0.20529738515624968,0.09699089062499677,0.002158665657043457,21.12500004172325,-19.871826745569706,0.41165852546691895,3,-5.3
PH20_RAW_00066,S23T;E32T;K131R;H194D;M311F;D321K;E325K;A372E;D417E;D419E,2.265678950586594,0.005087089538574219,-0.0024933815002441406,0.2036808703124997,0.10507346484374924,0.0024713516235351563,19.07499998807907,-14.995131209492683,1.5939295291900635,3,0.0
PH20_RAW_00067,S23T;E32V;K131R;H194D;M314R;D321K;E325K;A372E;A413E;V415I,2.2653368604742736,0.004339599609375,-0.0033245086669921875,0.21661298906249965,0.08890831640624963,0.0016116619110107422,19.475000083446503,-6.6501740999519825,6.481879472732544,3,-5.3
PH20_RAW_00068,S23T;E32V;K131R;H194D;M311L;D321K;E325K;A413E;V415I;D419E,2.264748332441482,0.004705369472503662,-0.0033245086669921875,0.20853041484374968,0.08890831640624963,0.0019220590591430664,15.362500059604645,-3.2788997888565063,5.036614179611206,3,-5.3
PH20_RAW_00069,S23T;E32V;K131R;H194D;M314R;D321K;E325K;A372E;A413E;D419E,2.2636147486419995,0.004406940937042236,-0.0033245086669921875,0.20853041484374968,0.08082574218749938,0.0016344547271728515,19.925000083446502,-7.1542618200182915,5.8547043800354,3,-5.3
PH20_RAW_00070,S23T;E32V;H194D;V238L;M311F;D321K;E325K;A413E;V415I;A420T,2.263021491618392,0.00454941987991333,-0.003740072250366211,0.22469556328124965,0.12123861328124974,0.0016065716743469238,17.025000071525575,-7.927048128098249,5.453719139099121,3,-5.7
PH20_RAW_00071,S23T;E32V;K131R;H194D;M311F;D321K;E325K;A372E;V415I;D419E,2.262672347154864,0.0044884920120239254,-0.0033245086669921875,0.23277813749999962,0.11315603906249949,0.0019872546195983886,18.05000001192093,-8.836131602525711,6.002328634262085,3,0.0
PH20_RAW_00072,S23T;E32V;H194D;M311I;M314R;D321K;E325K;A372E;A413E;D419E,2.2616316705971253,0.004511439800262451,-0.003740072250366211,0.2117634445312496,0.08082574218749938,0.0011614084243774414,20.58750009536743,-9.065746773034334,3.9599690437316895,3,-5.3
PH20_RAW_00073,S23T;E32V;K131R;H194D;M311I;D321K;E325K;A413E;V415I;D419E,2.2565319459416378,0.004724812507629394,-0.0033245086669921875,0.21014692968749954,0.08082574218749938,0.0014513015747070312,15.637500059604644,-3.4713847935199738,4.5835723876953125,3,-5.3
PH20_RAW_00074,S23T;E32V;K131R;H194D;I310L;D321K;E325K;Q394T;A413E;V415I,2.252981393171207,0.004340565204620362,-0.0031135082244873047,0.20529738515624976,0.08890831640624963,0.0018774747848510742,17.237500035762785,-2.793737042695284,6.5087080001831055,3,-5.3
PH20_RAW_00075,S23T;E32V;K131R;H194D;I310L;D321K;E325K;A372T;A413E;A420S,2.2512662198336106,0.004326510429382324,-0.003766477108001709,0.20206435546874973,0.07274316796874913,0.0016116619110107422,17.63749998807907,-2.080183759331703,7.160432815551758,3,-5.3
PH20_RAW_00076,S23T;E32I;K131R;H194D;M311F;D321K;E325K;A413E;V415I;A420S,2.2463521706070653,0.004670548439025879,-0.0033245086669921875,0.22631207812499987,0.10507346484374969,0.0014957785606384277,16.500000047683717,-7.78469567745924,5.076701402664185,3,-5.3
PH20_RAW_00077,S23T;E32I;Q144N;H194D;M311F;D321K;E325K;A413E;V415I;A420S,2.2453207824185446,0.0047556042671203615,-0.003740072250366211,0.20691389999999998,0.08890831640625008,0.001320803165435791,18.387500059604644,-10.222745548933744,5.072973966598511,3,-5.3
PH20_RAW_00078,S23T;E32V;K131R;H194D;M311F;M314R;D321K;E393Q;A413E;V415I,2.244089233811039,0.0043983936309814455,-0.0033245086669921875,0.22307904843749976,0.10507346484374969,0.0014630675315856934,17.9375000834465,-7.808436460793018,7.585737228393555,3,-5.3
PH20_RAW_00079,S23T;E32V;K131R;M311F;D321K;E325K;A372E;A413E;V415I;D419E,2.233100115348772,0.005425071716308594,-0.003740072250366211,0.20529738515624968,0.08082574218749938,0.0015586495399475097,13.587499979138375,-9.658922247588634,3.4009549617767334,3,-5.3
PH20_RAW_00080,S23T;E32V;H194D;V238L;M311F;M314R;D321K;E393Q;A413E;T418V,2.2322179487242004,0.004255712032318115,-0.003740072250366211,0.21176344453124987,0.10507346484374969,0.0009352922439575196,18.46250009536743,-6.836841177195311,7.505127906799316,3,-5.7
PH20_RAW_00081,S23T;E32V;K131R;Q144N;H194D;M311F;D321K;E325K;A413E;D419E,2.229684304781887,0.0045007109642028805,-0.0033245086669921875,0.20853041484374976,0.08890831640624963,0.0015741229057312013,18.287500059604646,-7.7523983009159565,5.916044235229492,3,-5.3
PH20_RAW_00082,S23T;E32I;H194D;I310L;D321K;E325K;A372T;A413E;V415I;A420S,2.229545967962822,0.004504048824310302,-0.004182040691375732,0.20044784062499987,0.07274316796874958,0.0013811349868774413,17.46249998807907,-4.565611697733402,6.028676509857178,3,-5.3
PH20_RAW_00083,S23T;E32I;H194D;I310L;M314R;D321K;E325K;A372E;A413E;T418V,2.2292389451089614,0.003984475135803222,-0.003740072250366211,0.21014692968749982,0.07274316796874958,0.0012061595916748047,20.662500059604646,-4.175551138818264,7.2036168575286865,3,-5.3
PH20_RAW_00084,S23T;E32T;K131R;H194D;V238L;M311F;D321K;E325K;Q394T;A413E,2.2291629748338075,0.004847908020019531,-0.0026979446411132812,0.20044784062499996,0.12123861328124974,0.0018358111381530761,18.025000035762787,-12.69305481761694,1.4694840908050537,3,-5.7
PH20_RAW_00085,S23T;E32V;Q144N;H194D;V238L;M311F;D321K;E325K;A372E;A420S,2.2282061204172154,0.0043262004852294925,-0.003740072250366211,0.20368087031249998,0.09699089062499988,0.0013737797737121582,20.562500023841856,-10.327690217643976,6.400734186172485,3,-0.40000000000000036
PH20_RAW_00086,S23T;E32V;K131R;H194D;V238L;M311F;D321K;E393K;A413E;V415I,2.2262115400259486,0.004637384414672851,-0.0033245086669921875,0.20206435546874985,0.12932118749999955,0.001461493968963623,15.637500023841858,-8.671661987900734,6.559443712234497,3,-5.7
PH20_RAW_00087,S23T;E32V;H194D;V238L;M311F;M314R;D321K;A413E;V415I;A420K,2.22541590304831,0.004924595355987549,-0.0033245086669921875,0.20853041484374985,0.10507346484374969,0.0015221118927001953,17.287500154972076,-12.974200882017612,5.043211221694946,3,-5.7
PH20_RAW_00088,S23T;E32V;H194D;V238L;M311L;D321K;E325K;A372E;V415I;D419E,2.2244295673749823,0.004453504085540771,-0.003740072250366211,0.2036808703124998,0.09699089062499988,0.0017445087432861328,17.362500023841857,-5.936720177531242,5.232618093490601,3,-0.40000000000000036
PH20_RAW_00089,E32V;K131R;H194D;V238L;M311F;D321K;E325K;A372E;A413E;D419E,2.2238644706190205,0.004765129089355469,-0.0033245086669921875,0.20206435546874965,0.096990890624999,0.0016344547271728515,18.274999994039536,-12.269704092293978,3.2722604274749756,2,-5.7
PH20_RAW_00090,S23T;E32T;H194D;M311F;D321K;E325K;Q394T;A413E;V415I;A420T,2.2188875755199096,0.00499187707901001,-0.0031135082244873047,0.21176344453124968,0.12123861328124974,0.002484583854675293,18.250000047683717,-15.707005865871906,0.7536845207214355,3,-5.3
PH20_RAW_00091,S23T;E32V;Q144N;H194D;V238L;M311F;D321K;E325K;A413E;T418V,2.2167379508747027,0.004290688037872315,-0.003740072250366211,0.20529738515624985,0.09699089062499988,0.001023554801940918,18.362500071525574,-6.403859872370958,6.4626100063323975,3,-5.7
PH20_RAW_00092,S23T;E32V;K131R;H194D;I310L;D321K;E325K;A372T;A413E;V415I,2.215143776764761,0.004181814193725586,-0.003766477108001709,0.21014692968749965,0.08082574218749938,0.0016116619110107422,16.91249998807907,-1.613350611180067,7.498921871185303,3,-5.3
PH20_RAW_00093,E32V;K131R;H194D;V238L;M314R;D321K;E325K;A372E;A413E;V415I,2.2143713184592495,0.004548895359039307,-0.0033245086669921875,0.2036808703124997,0.08082574218749938,0.0014341115951538087,19.02500006556511,-9.323464255779982,5.492040634155273,3,-5.7
PH20_RAW_00094,S23T;E32V;K131R;H194D;V238L;I310L;D321K;E325K;A413E;A420T,2.212444804695209,0.004039394855499268,-0.0033245086669921875,0.2004478406249997,0.08082574218749938,0.00171891450881958,16.787500035762786,0.5164452120661736,8.059805154800415,3,-5.7
PH20_RAW_00095,E32T;K131R;H194D;M311F;D321K;E325K;A372E;Q394T;V415I;A420S,2.209851190041953,0.005217599868774414,-0.0026979446411132812,0.20691389999999982,0.10507346484374924,0.002664923667907715,19.09999997019768,-19.05059101060033,0.6011412143707275,3,0.0
PH20_RAW_00096,E32V;Q144N;H194D;V238L;M311F;D321K;E325K;A372E;V415I;D419E,2.2088802495051834,0.004782843589782715,-0.003740072250366211,0.2004478406249998,0.08890831640624963,0.0016347289085388184,19.487500005960463,-14.029070150107145,5.008762359619141,3,-0.40000000000000036
PH20_RAW_00097,E32V;K131R;H194D;I310L;M314R;D321K;E325K;A372E;A413E;D417E,2.2087456236665437,0.004435491561889648,-0.002908945083618164,0.2004478406249996,0.06466059374999888,0.0017846226692199707,20.68750004172325,-9.549021292477846,5.564329385757446,3,-5.3
PH20_RAW_00098,S23T;E32I;Q144N;H194D;M311F;D321K;E325K;A413E;V415I;D419E,2.20526648664027,0.004678249359130859,-0.003740072250366211,0.2069138999999999,0.08890831640625008,0.0013435959815979003,18.112500059604645,-10.360442887991667,4.784287929534912,3,-5.3
PH20_RAW_00099,S23T;E32V;K131R;H194D;V238L;M311F;D321K;E325K;A372E;A413E,2.201703906724838,0.004163789749145508,-0.0033245086669921875,0.21337995937499973,0.11315603906249949,0.0013735055923461913,18.62500001192093,-8.345308817923069,5.002721309661865,2,-5.7
PH20_RAW_00100,S23T;E32V;H194D;M311F;D321K;E325K;Q350R;A372E;A413E;V415I,2.1951081230240646,0.0043828368186950685,-0.0033245086669921875,0.2230790484374996,0.1374037617187498,0.0015873074531555175,18.850000023841858,-12.840506706386805,4.071553945541382,3,-5.3
PH20_RAW_00101,S23T;E32V;K131R;H194D;V238L;M311L;D321K;E325K;A413E;V415I,2.193588718231494,0.004313325881958008,-0.0033245086669921875,0.20691389999999982,0.09699089062499988,0.0014835596084594727,15.262500059604644,-1.9384086839854717,5.777236223220825,3,-5.7
PH20_RAW_00102,E32V;K131R;H194D;V238L;M311F;M314R;D321K;E393Q;A413E;V415I,2.1933892776953687,0.004607689380645752,-0.0033245086669921875,0.21014692968749982,0.09699089062499944,0.0012855172157287599,17.487500065565108,-10.469654530286789,6.595898389816284,3,-5.7
PH20_RAW_00103,S23T;E32V;H194D;V238L;M311I;M314R;D321K;E325K;A372E;A413E,2.190440252063941,0.004119396209716797,-0.003740072250366211,0.21014692968749973,0.08890831640624963,0.0007229089736938476,20.48750009536743,-7.726701319217682,4.700591087341309,3,-5.7
PH20_RAW_00104,S23T;E32I;K131R;H194D;I310L;D321K;E325K;A372E;V415I;D419E,2.1901534783338845,0.004156005382537842,-0.0033245086669921875,0.20691389999999982,0.07274316796874958,0.001869070529937744,17.637499976158143,-2.8881539292633533,7.476658344268799,3,0.0
PH20_RAW_00105,E32I;K131R;H194D;I310L;M314R;D321K;E325K;A372E;A413E;V415I,2.1900674983776534,0.00433645248413086,-0.0033245086669921875,0.20853041484374976,0.06466059374999933,0.0015563845634460449,19.687500029802322,-7.823945205658674,6.294387340545654,3,-5.3
PH20_RAW_00106,S23T;E32V;K131R;H194D;V238L;M311F;D321K;E325K;A372E;D419E,2.189092772315759,0.004163789749145508,-0.0033245086669921875,0.22307904843749976,0.11315603906249949,0.0015715479850769043,18.40000001192093,-8.031448617577553,6.1157755851745605,3,-0.40000000000000036
PH20_RAW_00107,S23T;E32V;Q144N;H194D;V238L;M311F;D321K;E325K;A372E;V415I,2.185614194926491,0.004181504249572754,-0.003740072250366211,0.21176344453124987,0.10507346484375013,0.0013737797737121582,19.83750002384186,-10.15492445230484,6.73922324180603,3,-0.40000000000000036
PH20_RAW_00108,S23T;E32V;H194D;V238L;M311F;M314R;D321K;A372E;A413E;V415I,2.1833091865715164,0.0043720841407775875,-0.003740072250366211,0.2036808703124998,0.10507346484374969,0.0014364123344421387,19.01250010728836,-13.424079142510891,5.9112818241119385,1,-5.7
PH20_RAW_00109,E32T;K131R;H194D;M311F;M314R;D321K;E393Q;A413E;V415I;A420T,2.1805206693510994,0.005073678493499756,-0.002908945083618164,0.20206435546874965,0.08890831640624919,0.002420675754547119,17.912500041723252,-15.824916571378708,3.3335139751434326,3,-5.3
PH20_RAW_00110,S23T;E32V;H194D;M314R;D321K;E325K;A372E;Q394T;A413E;A420S,2.1770658099183007,0.004280030727386475,-0.003529071807861328,0.20529738515624985,0.08890831640624963,0.0015875816345214844,21.575000095367432,-12.172480631619692,4.1033875942230225,3,-5.3
PH20_RAW_00111,S23T;E32V;K131R;H194D;V238L;M311F;M314R;D321K;A413E;A420S,2.176784906269225,0.004376602172851562,-0.0033245086669921875,0.20853041484374996,0.09699089062499944,0.0013735055923461913,17.412500143051147,-9.542137861251831,7.2304651737213135,2,-5.7
PH20_RAW_00112,S23T;E32T;K131R;H194D;M311F;D321K;E325K;Q394T;A413E;T418V,2.176312931557347,0.004648089408874512,-0.0026979446411132812,0.2117634445312498,0.11315603906249949,0.0020765423774719237,17.700000035762788,-11.624062802642584,1.7663028240203857,3,-5.3
PH20_RAW_00113,S23T;E32I;H194D;V238L;M311F;D321K;E325K;A413E;D417E;A420S,2.1719721651861614,0.004622423648834228,-0.0033245086669921875,0.20691389999999998,0.10507346484374969,0.0010777831077575684,17.675000059604645,-11.088621445000172,3.328334093093872,3,-5.7
PH20_RAW_00114,E32V;K131R;H194D;M311F;D321K;E325K;Q394T;A413E;V415I;A420S,2.1686571844420826,0.004822742938995361,-0.0031135082244873047,0.22146253359374973,0.10507346484374924,0.0019403815269470215,17.25000004172325,-13.725249592214823,3.065169095993042,3,-5.3
PH20_RAW_00115,S23T;E32V;H194D;M311F;M314R;D321K;Q350R;A413E;V415I;A420S,2.168251568685853,0.004595649242401123,-0.0033245086669921875,0.2182295039062498,0.12123861328124974,0.0015873074531555175,17.637500154972077,-14.125406380742788,6.29929780960083,3,-5.3
PH20_RAW_00116,S23T;E32I;H194D;V238L;M314R;D321K;E325K;A372E;A413E;V415I,2.167961745945471,0.00419243574142456,-0.003740072250366211,0.20529738515624993,0.08890831640625008,0.0009654283523559571,19.650000083446503,-8.425250317901373,5.4635701179504395,3,-5.7
PH20_RAW_00117,S23T;E32V;H194D;I310L;D321K;E325K;Q394T;A413E;V415I;A420T,2.167580726812774,0.0041598320007324215,-0.003529071807861328,0.20691389999999962,0.08890831640624963,0.0021105408668518066,17.812500047683717,-5.073263842612505,5.906355381011963,3,-5.3
PH20_RAW_00118,E32V;Q144N;H194D;M311F;D321K;E325K;Q394T;A413E;V415I;A420S,2.167023069317221,0.004907798767089844,-0.003529071807861328,0.20206435546874985,0.08890831640624963,0.0017654061317443847,19.13750005364418,-16.190696142613888,3.061441659927368,3,-5.3
PH20_RAW_00119,S23T;E32T;H194D;V238L;M311F;M314R;D321K;A372T;V415I;D419E,2.164713748297404,0.004897451400756836,-0.003766477108001709,0.20529738515624993,0.10507346484374658,0.0018309473991394043,17.862500083446502,-16.077840127050877,4.4813127517700195,3,-0.40000000000000036
PH20_RAW_00120,S23T;E32I;H194D;I310L;M314R;D321K;E325K;A372E;A413E;D417E,2.1641131541,0.0040790319442749025,-0.0033245086669921875,0.20206435546874985,0.07274316796874958,0.001315939426422119,21.312500059604645,-8.570029947906733,5.535858869552612,3,-5.3
PH20_RAW_00121,S23T;E32T;K131R;H194D;M311F;M314R;D321K;E393Q;A413E;A420T,2.1593315394429715,0.004539680480957031,-0.002908945083618164,0.20529738515624976,0.09699089062499944,0.0021825194358825683,18.712500059604643,-12.282175116240978,4.436799764633179,3,-5.3
PH20_RAW_00122,E32I;K131R;H194D;V238L;M311F;D321K;E325K;A413E;V415I;D419E,2.158436072313813,0.004802489280700683,-0.0033245086669921875,0.21337995937499982,0.09699089062499944,0.0013410210609436034,15.775000029802323,-10.454604104161263,3.7981765270233154,3,-5.7
PH20_RAW_00123,S23T;E32V;H194D;V238L;I310L;M314R;D321K;A372T;V415I;A420S,2.1553968767116274,0.00414276123046875,-0.004182040691375732,0.20044784062499996,0.07274316796874958,0.0014341115951538087,17.700000083446504,-5.2184152491390705,9.922669649124146,3,-0.40000000000000036
PH20_RAW_00124,S23T;E32I;H194D;M311F;D321K;E325K;A372E;E393Q;A413E;T418V,2.1547782471627612,0.00398329496383667,-0.003740072250366211,0.21984601874999976,0.10507346484374969,0.0010575652122497559,19.724999952316285,-7.790309876203537,4.298013687133789,3,-5.3
PH20_RAW_00125,S23T;E32T;K131R;H194D;M311F;D321K;E325K;A413E;D417E;A420T,2.1502953230679944,0.0047661781311035155,-0.0024933815002441406,0.2085304148437496,0.10507346484374924,0.0024434685707092284,17.550000035762785,-13.23735160753131,1.5361950397491455,3,-5.3
PH20_RAW_00126,S23T;E32T;K131R;H194D;M311F;D321K;E325K;A372E;Q394T;V415I,2.1474830391440625,0.004538905620574951,-0.0026979446411132812,0.2182295039062498,0.12123861328124974,0.002426767349243164,19.174999988079072,-15.270860858261585,2.0429160594940186,3,0.0
PH20_RAW_00127,S23T;E32V;K131R;H194D;M311F;D321K;E325K;A413E;V415I;A420T,2.147428567391697,0.004167580604553222,-0.0033245086669921875,0.2376276820312495,0.11315603906249949,0.001959371566772461,16.525000059604643,-7.071995284408331,5.944594144821167,3,-5.3
PH20_RAW_00128,S23T;E32T;H194D;V238L;M311F;D321K;E325K;Q394T;A413E;A420T,2.1466598614424464,0.004667174816131592,-0.0031135082244873047,0.20206435546874985,0.12123861328124974,0.0020688772201538086,18.600000047683714,-14.840874664485455,0.8671314716339111,3,-5.7
PH20_RAW_00129,S23T;E32T;H194D;M311F;D321K;E325K;A372T;Q394T;A413E;D419E,2.146151626059569,0.004876935482025146,-0.003555476665496826,0.2036808703124998,0.11315603906249949,0.00198441743850708,19.175,-17.5422625541687,-0.3209269046783447,3,-5.3
PH20_RAW_00130,S23T;E32V;Q144N;H194D;M311F;D321K;E325K;A372E;A413E;T418V,2.1459246512108603,0.00404902696609497,-0.003740072250366211,0.20529738515624968,0.08890831640624963,0.0014392614364624023,20.187500023841856,-9.800631403923035,5.295812606811523,2,-5.3
PH20_RAW_00131,S23T;E32V;K131R;H194D;V238L;I310L;D321K;E325K;A372T;A413E,2.141644423459431,0.003857111930847168,-0.003766477108001709,0.2004478406249998,0.08082574218749938,0.0011959552764892578,17.26249998807907,-0.8050211928784847,7.612368822097778,3,-5.7
PH20_RAW_00132,S23T;E32V;H194D;M314R;D321K;E325K;A372E;Q394T;A413E;V415I,2.141239225471048,0.004135334491729736,-0.003529071807861328,0.21337995937499973,0.09699089062499988,0.0015875816345214844,20.85000009536743,-11.692199364304543,4.441876649856567,3,-5.3
PH20_RAW_00133,E32V;K131R;H194D;M311F;M314R;D321K;A372E;E393Q;V415I;A420S,2.1410456651365766,0.0044433832168579105,-0.0033245086669921875,0.21984601874999976,0.08890831640624919,0.0018764734268188477,19.362500017881395,-13.822753716260195,6.830841302871704,3,0.0
PH20_RAW_00134,S23T;E32V;K131R;H194D;V238L;M311F;M314R;D321K;A413E;D419E,2.1409668771039567,0.00429924726486206,-0.0033245086669921875,0.20853041484374985,0.09699089062499944,0.0013962984085083008,17.13750014305115,-9.487277626991272,6.941779136657715,2,-5.7
PH20_RAW_00135,S23T;E32V;H194D;M311F;D321K;E325K;Q394T;A413E;D417E;A420S,2.140191165402657,0.004565322399139404,-0.0031135082244873047,0.2149964742187498,0.11315603906249949,0.0016999363899230957,18.875000071525573,-14.585501369088888,2.306640625,3,-5.3
PH20_RAW_00136,S23T;E32V;H194D;M311F;D321K;E325K;A372E;Q394T;V415I;D419E,2.138499008053891,0.004284226894378662,-0.003529071807861328,0.2295451078124997,0.12123861328124974,0.0019631743431091308,19.425000023841857,-13.881597962230444,3.9623258113861084,3,0.0
PH20_RAW_00137,S23T;E32V;H194D;M314R;D321K;E325K;A372E;Q394T;A413E;D419E,2.137471579266445,0.0042026758193969725,-0.003529071807861328,0.20529738515624976,0.08890831640624963,0.0016103744506835937,21.30000009536743,-12.289265919476748,3.814701557159424,3,-5.3
PH20_RAW_00138,S23T;E32V;K131R;H194D;D321K;E325K;Q394T;A413E;V415I;D419E,2.134698298759975,0.004416048526763916,-0.0031135082244873047,0.2036808703124997,0.08890831640624963,0.0019002676010131836,16.350000059604646,-6.589156478643417,4.438304901123047,3,-5.3
PH20_RAW_00139,S23T;E32V;K131R;H194D;M311V;D321K;E325K;A372E;V415I;D419E,2.1344807956583876,0.004437971115112305,-0.0033245086669921875,0.20368087031249962,0.07274316796874958,0.0017187952995300292,16.92500001192093,-7.4557133466005325,6.65277361869812,3,0.0
PH20_RAW_00140,S23T;E32V;H194D;M311F;M314R;D321K;A372S;E393Q;A413E;A420S,2.134346057732365,0.004529774188995361,-0.003740072250366211,0.20044784062499987,0.08082574218749983,0.0012627363204956055,18.67500009536743,-12.453486789017916,6.65925407409668,3,-5.3
PH20_RAW_00141,S23T;E32V;H194D;M311F;M314R;D321K;Q350R;A413E;V415I;D419E,2.134114033590638,0.004518294334411621,-0.0033245086669921875,0.2182295039062497,0.12123861328124974,0.001610100269317627,17.362500154972075,-13.994160052388906,6.0106117725372314,3,-5.3
PH20_RAW_00142,S23T;E32V;H194D;M311I;D321K;E325K;A372T;A413E;V415I;A420S,2.133494661751319,0.004439151287078858,-0.004182040691375732,0.2117634445312496,0.08082574218749938,0.001138615608215332,16.96250002384186,-7.247886676341295,3.822469472885132,3,-5.3
PH20_RAW_00143,S23T;E32V;H194D;I310L;D321K;E325K;A372T;A413E;V415I;A420T,2.131786655533243,0.0040010809898376465,-0.004182040691375732,0.2117634445312495,0.08082574218749938,0.0018447279930114747,17.4875,-3.7999889962375164,6.89656925201416,3,-5.3
PH20_RAW_00144,E32V;Q144N;H194D;M311F;D321K;E325K;Q394T;A413E;V415I;D419E,2.1270023612331146,0.0048304438591003414,-0.003529071807861328,0.20206435546874973,0.08890831640624963,0.0017881989479064941,18.86250005364418,-16.326866768300533,2.7727556228637695,3,-5.3
PH20_RAW_00145,S23T;E32V;Q144N;H194D;V238L;M311F;M314R;D321K;V415I;D419E,2.1263202717184977,0.004316961765289307,-0.003740072250366211,0.20691389999999998,0.08890831640625008,0.0013965725898742675,18.350000154972076,-11.231297515332699,8.67828106880188,3,-0.40000000000000036
PH20_RAW_00146,S23T;E32V;H194D;M311F;M314R;D321K;E325K;A372E;A413E;T418S,2.1257492932886186,0.004303109645843506,-0.0033245086669921875,0.23116162265624976,0.10507346484374969,0.0012360811233520508,21.52500009536743,-16.55384961888194,2.921661615371704,3,-5.3
PH20_RAW_00147,E32V;K131R;H194D;M311F;M314R;D321K;A372E;E393K;A413E;V415I,2.124203244404993,0.004576170444488525,-0.0033245086669921875,0.21337995937499965,0.10507346484374658,0.001762557029724121,19.287500029802324,-16.796397920697927,5.323429584503174,3,-5.3
PH20_RAW_00148,S23T;E32V;K131R;H194D;M311L;D321K;E325K;A372E;A413E;V415I,2.1217685482978763,0.004071664810180664,-0.0033245086669921875,0.20691389999999962,0.08890831640624963,0.0018992662429809571,17.08750001192093,-5.380947045981884,4.610438823699951,2,-5.3
PH20_RAW_00149,S23T;E32V;H194D;V238L;I310L;M314R;D321K;A372T;V415I;D419E,2.1192296241710395,0.004065406322479248,-0.004182040691375732,0.20044784062499987,0.07274316796874958,0.001456904411315918,17.425000083446502,-5.179428804665804,9.633983612060547,3,-0.40000000000000036
PH20_RAW_00150,E32V;K131R;H194D;I310L;D321K;E325K;A372E;Q394T;V415I;D419E,2.1177289054484345,0.0043081998825073246,-0.0031135082244873047,0.20206435546874965,0.07274316796874913,0.002313673496246338,18.387499970197677,-8.589143604040146,5.465126037597656,3,0.0
PH20_RAW_00151,S23T;E32I;K131R;H194D;V238L;I310L;D321K;E325K;A372E;V415I,2.1171974784780314,0.0037639617919921877,-0.0033245086669921875,0.20529738515624993,0.08082574218749983,0.0014305710792541504,17.53749997615814,-1.6293167173862457,8.217280387878418,3,-0.40000000000000036
PH20_RAW_00152,S23T;E32I;H194D;V238L;M311F;M314R;D321K;A413E;V415I;D419E,2.1168861659054707,0.004476785659790039,-0.003740072250366211,0.20691389999999998,0.09699089062499988,0.001165771484375,16.962500143051148,-12.079999171197414,5.810022830963135,2,-5.7
PH20_RAW_00153,S23T;E32V;H194D;M311F;M314R;D321K;E325K;A372E;Q394T;A413E,2.1160843923263424,0.003930675983428955,-0.003529071807861328,0.23439465234374976,0.12123861328124974,0.0014123320579528809,22.27500009536743,-15.326443504542112,3.88334059715271,3,-5.3
PH20_RAW_00154,E32I;K131R;H194D;M311F;D321K;E325K;A372E;E393Q;A413E;V415I,2.1159976799432862,0.004335272312164307,-0.0033245086669921875,0.2182295039062497,0.09699089062499944,0.001407790184020996,18.74999992251396,-11.420936692506075,3.388784170150757,3,-5.3
PH20_RAW_00155,E32V;K131R;H194D;M311F;D321K;E325K;A372S;A413E;V415I;D419E,2.1126622842230307,0.004936337471008301,-0.0033245086669921875,0.21014692968749954,0.08082574218749938,0.0017869234085083007,15.612500041723251,-12.734257951378822,4.22849178314209,3,-5.3
PH20_RAW_00156,S23T;E32I;H194D;I310L;D321K;E325K;A372E;Q394T;V415I;A420S,2.110745113707819,0.00402909517288208,-0.003529071807861328,0.20368087031249998,0.08082574218749983,0.001822197437286377,19.28749998807907,-7.581801190972328,5.725341558456421,3,0.0
PH20_RAW_00157,E32V;K131R;H194D;M311F;M314R;D321K;A372E;E393K;A413E;A420S,2.1105619401975377,0.004720866680145264,-0.0033245086669921875,0.20529738515624976,0.07274316796874691,0.001762557029724121,20.01250002980232,-17.32088115811348,4.984940528869629,3,-5.3
PH20_RAW_00158,S23T;E32V;K131R;H194D;M311I;M314R;D321K;E393Q;A413E;A420S,2.1104988173877204,0.004145705699920654,-0.0033245086669921875,0.2004478406249998,0.06466059374999933,0.0011023640632629394,17.7500000834465,-5.061507117003202,6.515370845794678,3,-5.3
PH20_RAW_00159,E32V;K131R;Q144N;H194D;M311F;D321K;E325K;A372E;A413E;V415I,2.1098308293965826,0.004401004314422608,-0.0033245086669921875,0.20368087031249962,0.08082574218749938,0.0017894864082336425,19.212499994039536,-13.309133429080248,4.386583089828491,2,-5.3
PH20_RAW_00160,S23T;E32V;H194D;V238L;M314R;D321K;E325K;A372E;A413E;A420T,2.107698556103441,0.0038341641426086425,-0.003740072250366211,0.20853041484374968,0.08890831640624963,0.0014290213584899902,20.40000009536743,-8.064020786434412,5.992973804473877,3,-5.7
PH20_RAW_00161,S23T;E32V;K131R;H194D;M314R;D321K;A372E;E393Q;V415I;D419E,2.1075464643032547,0.0040366888046264645,-0.0033245086669921875,0.20206435546874973,0.07274316796874958,0.0018363595008850098,18.462500035762787,-6.6657658368349075,8.203977108001709,3,0.0
PH20_RAW_00162,S23T;E32V;H194D;M311L;D321K;E325K;A372T;A413E;V415I;D419E,2.1070782395658605,0.004342353343963623,-0.004182040691375732,0.21014692968749965,0.08890831640624963,0.0016321659088134766,16.412500023841858,-6.946667779237032,3.9868252277374268,3,-5.3
PH20_RAW_00163,S23T;E32V;K131R;H194D;I310L;M314R;D321K;E393Q;A413E;A420T,2.1058522065763676,0.0037076354026794435,-0.0033245086669921875,0.2004478406249997,0.06466059374999933,0.001808476448059082,18.275000059604643,-1.747182372957468,9.589470624923706,3,-5.3
PH20_RAW_00164,S23T;E32V;K131R;H194D;M311F;D321K;E325K;Q394T;A413E;D419E,2.105535043002125,0.004211390018463134,-0.0031135082244873047,0.22469556328124973,0.11315603906249949,0.00172501802444458,17.775000059604643,-10.405601646751165,3.8797688484191895,3,-5.3
PH20_RAW_00165,S23T;E32V;Q144N;H194D;M311F;D321K;E325K;Q394T;A413E;V415I,2.105214207159489,0.004229104518890381,-0.003529071807861328,0.21337995937499982,0.10507346484375013,0.001527249813079834,19.212500071525575,-12.385543774813414,4.503216505050659,3,-5.3
PH20_RAW_00166,S23T;E32V;H194D;V238L;M311F;D321K;E325K;Q350R;A372E;A413E,2.1038338916335917,0.00405813455581665,-0.0033245086669921875,0.21337995937499973,0.12932118749999644,0.0011716008186340332,19.20000002384186,-12.105346817523241,4.185000896453857,3,-5.7
PH20_RAW_00167,S23T;E32V;K131R;H194D;M311F;M314R;E325K;A413E;V415I;A420S,2.1022213386936675,0.004013621807098388,-0.0033245086669921875,0.2117634445312498,0.10507346484374924,0.001699650287628174,16.52500015795231,-6.336578655987978,5.188288450241089,2,-5.3
PH20_RAW_00168,S23T;E32V;K131R;Q144N;H194D;M311F;D321K;E325K;A413E;T418V,2.1021560852169627,0.003908848762512207,-0.0033245086669921875,0.2182295039062497,0.08890831640624963,0.0013763546943664552,17.862500059604645,-5.502849821001291,6.953485012054443,3,-5.3
PH20_RAW_00169,E32V;Q144N;H194D;M311F;M314R;D321K;A372E;E393Q;V415I;D419E,2.101702109065136,0.004451084136962891,-0.003740072250366211,0.2004478406249998,0.07274316796874958,0.0017242908477783203,20.975000029802324,-16.319313295185566,6.538427829742432,3,0.0
PH20_RAW_00170,S23T;E32V;H194D;M311F;M314R;D321K;A372S;E393Q;A413E;V415I,2.099810298175249,0.004385077953338623,-0.003740072250366211,0.20853041484374976,0.08890831640625008,0.0012627363204956055,17.950000095367432,-11.914531663060188,6.997743129730225,3,-5.3
PH20_RAW_00171,S23T;E32V;K131R;H194D;D321K;E325K;A372T;A413E;V415I;D419E,2.0996516605468116,0.004257297515869141,-0.003766477108001709,0.2085304148437496,0.08082574218749938,0.0016344547271728515,16.02500001192093,-5.28190740197897,5.428518772125244,3,-5.3
PH20_RAW_00172,S23T;E32V;K131R;H194D;M311F;M314R;E325K;E393Q;A413E;V415I,2.0983058242626633,0.0037107110023498536,-0.0033245086669921875,0.21661298906249976,0.11315603906249949,0.0013735055923461913,17.400000098347665,-3.690933685749769,5.657007455825806,3,-5.3
PH20_RAW_00173,E32V;Q144N;H194D;M311I;M314R;D321K;E325K;A372E;A413E;V415I,2.09765184122624,0.004356610774993897,-0.003740072250366211,0.2004478406249996,0.056578019531249524,0.001138889789581299,21.075000077486038,-12.732131998986006,4.084452867507935,3,-5.3
PH20_RAW_00174,E32V;K131R;H194D;I310L;M314R;D321K;E325K;A372E;A413E;T418S,2.0973941231725584,0.004327082633972168,-0.002908945083618164,0.2036808703124997,0.05657801953124908,0.001586580276489258,20.48750004172325,-11.606171056628227,4.424461841583252,3,-5.3
PH20_RAW_00175,S23T;E32V;K131R;H194D;V238L;D321K;E325K;A413E;V415I;A420T,2.0973060381740276,0.004047536849975586,-0.0033245086669921875,0.20691389999999962,0.08890831640624963,0.00171891450881958,15.450000059604644,-2.7102403193712234,6.6165771484375,3,-5.7
PH20_RAW_00176,S23T;E32V;H194D;I310L;D321K;E325K;A372T;Q394T;A413E;V415I,2.096699018615479,0.003977549076080322,-0.00397104024887085,0.2069138999999997,0.08890831640624963,0.0015875816345214844,18.2875,-6.398426927626133,5.458919048309326,3,-5.3
PH20_RAW_00177,S23T;E32V;K131R;H194D;I310L;D321K;E325K;A372E;Q394T;V415I,2.0963020072589793,0.0037068605422973635,-0.0031135082244873047,0.21337995937499973,0.08890831640624963,0.0020527243614196777,18.737499988079072,-4.631399888545275,7.195586919784546,3,0.0
PH20_RAW_00178,E32V;Q144N;H194D;M311F;D321K;E325K;A372T;A413E;V415I;D419E,2.096108218404168,0.004671692848205566,-0.004182040691375732,0.20691389999999962,0.08082574218749938,0.0015223860740661622,18.537500005960464,-14.830867901444435,3.762969493865967,3,-5.3
PH20_RAW_00179,S23T;E32T;K131R;H194D;M311F;M314R;D321K;Q394T;A413E;V415I,2.095142637067713,0.004674363136291504,-0.0026979446411132812,0.20368087031249987,0.10507346484374969,0.0022515177726745604,17.91250011920929,-16.918258361518383,2.868919610977173,2,-5.3
PH20_RAW_00180,S23T;E32V;H194D;M311F;M314R;D321K;A372S;E393Q;A413E;D419E,2.0947583731010173,0.004452419281005859,-0.003740072250366211,0.2004478406249998,0.08082574218749983,0.0012855291366577148,18.40000009536743,-12.569974530488253,6.370568037033081,3,-5.3
PH20_RAW_00181,S23T;E32V;K131R;H194D;I310L;D321K;E325K;A413E;D417E;A420T,2.09417430638448,0.003934133052825928,-0.002908945083618164,0.20368087031249954,0.07274316796874913,0.002069425582885742,17.112500035762785,-2.822435401380062,6.688865900039673,3,-5.3
PH20_RAW_00182,S23T;E32I;K131R;H194D;V238L;I310L;M314R;D321K;V415I;A420S,2.0932838035782195,0.003976774215698242,-0.0033245086669921875,0.20044784062500015,0.06466059374999977,0.0014305710792541504,16.32500010728836,-2.7804491445422173,10.445024251937866,3,-0.40000000000000036
PH20_RAW_00183,S23T;E32V;K131R;H194D;M311L;M314R;D321K;A413E;V415I;A420S,2.09258578584504,0.004284477233886719,-0.0033245086669921875,0.20206435546874985,0.07274316796874958,0.0018992662429809571,15.875000143051148,-6.771583452820778,6.838182687759399,2,-5.3
PH20_RAW_00184,S23T;E32V;K131R;H194D;I310L;D321K;E325K;A372E;Q394T;D419E,2.0924646076459443,0.0037742018699645995,-0.0031135082244873047,0.20529738515624976,0.08082574218749938,0.002075517177581787,19.18749998807907,-5.231637053191662,6.568411827087402,3,0.0
PH20_RAW_00185,S23T;E32V;K131R;H194D;M311F;M314R;E325K;E393Q;A413E;D419E,2.0918877294973455,0.0037780523300170897,-0.0033245086669921875,0.20853041484374976,0.10507346484374924,0.0013962984085083008,17.850000098347664,-4.408475175499916,5.029832363128662,3,-5.3
PH20_RAW_00186,S23T;E32V;H194D;V238L;I310L;D321K;E325K;A372E;Q394T;T418V,2.089510675365805,0.003564178943634033,-0.003529071807861328,0.20206435546874985,0.08890831640624963,0.001524949073791504,19.2625,-3.4288976415991783,7.114977598190308,3,-0.40000000000000036
PH20_RAW_00187,S23T;E32V;K131R;H194D;I310L;M314R;D321K;Q350R;A413E;V415I,2.0893632717903254,0.0039409279823303224,-0.002908945083618164,0.20206435546874973,0.08890831640624963,0.001699650287628174,16.67500011920929,-4.8600420244038105,9.243872880935669,3,-5.3
PH20_RAW_00188,S23T;E32V;K131R;H194D;I310L;D321K;E325K;A372T;A413E;T418V,2.088908981437433,0.0036572933197021483,-0.003766477108001709,0.2117634445312496,0.07274316796874913,0.0014366865158081054,16.93749998807907,0.26917997002601624,7.90918755531311,3,-5.3
PH20_RAW_00189,S23T;E32T;H194D;V238L;M311F;M314R;D321K;A372E;E393Q;A420T,2.088752310303286,0.004287815093994141,-0.0033245086669921875,0.20044784062499987,0.08890831640624697,0.002004969120025635,20.71250002384186,-14.84591219574213,4.632803678512573,3,-0.40000000000000036
PH20_RAW_00190,E32V;K131R;H194D;I310L;M314R;D321K;E325K;A372E;Q394T;A413E,2.08857958856427,0.003954648971557617,-0.0031135082244873047,0.2069138999999997,0.07274316796874913,0.001762831211090088,21.23750004172325,-10.340111926198006,5.386140823364258,3,-5.3
PH20_RAW_00191,E32V;K131R;H194D;V238L;M314R;D321K;E325K;A372E;A413E;T418V,2.0883799480243477,0.004024374485015869,-0.0033245086669921875,0.20529738515624968,0.07274316796874913,0.0012591361999511718,19.050000065565108,-7.429868906736374,5.902306318283081,3,-5.7
PH20_RAW_00192,E32I;K131R;H194D;M311F;M314R;D321K;E393Q;A413E;V415I;A420S,2.0875618902897513,0.004548084735870361,-0.0033245086669921875,0.21337995937499993,0.08082574218749938,0.001407790184020996,17.53750005364418,-12.777619790285826,5.616528034210205,3,-5.3
PH20_RAW_00193,S23T;E32V;K131R;H194D;M311L;M314R;D321K;E325K;A372E;A413E,2.0875237100837034,0.003718113899230957,-0.0033245086669921875,0.22146253359374973,0.08890831640624963,0.00154646635055542,19.712500083446503,-6.4764363914728165,5.644507884979248,3,-5.3
PH20_RAW_00194,S23T;E32V;K131R;H194D;M311I;M314R;D321K;E393Q;A413E;V415I,2.0815090137269827,0.004001009464263916,-0.0033245086669921875,0.20853041484374968,0.07274316796874958,0.0011023640632629394,17.025000083446503,-4.270463086664677,6.853859901428223,3,-5.3
PH20_RAW_00195,S23T;E32V;K131R;H194D;I310L;M314R;D321K;A413E;V415I;A420T,2.0795623218628534,0.00386584997177124,-0.0033245086669921875,0.20368087031249962,0.06466059374999933,0.0021346211433410645,16.67500011920929,-3.657037653028965,9.459240674972534,2,-5.3
PH20_RAW_00196,S23T;E32V;Q144N;H194D;M311F;M314R;D321K;A372E;E393Q;D419E,2.079536929733791,0.003917086124420166,-0.003740072250366211,0.20368087031249987,0.08082574218749983,0.0014861345291137696,21.775000047683715,-12.820937722921371,7.641713619232178,3,0.0
PH20_RAW_00197,S23T;E32T;K131R;H194D;M311F;D321K;E325K;A372T;A413E;D417E,2.0788971611277183,0.004583895206451416,-0.002935349941253662,0.20853041484374968,0.10507346484374924,0.0019205093383789062,18.02499998807907,-14.585989862680435,1.0887587070465088,3,-5.3
PH20_RAW_00198,E32T;K131R;H194D;V238L;M311F;D321K;E325K;A372T;A413E;T418V,2.0787121130826196,0.004698634147644043,-0.0033509135246276855,0.2036808703124997,0.08890831640624697,0.0016331791877746582,16.92499997019768,-12.782080691307783,1.7666778564453125,3,-5.7
PH20_RAW_00199,S23T;E32V;K131R;Q144N;H194D;M314R;D321K;E325K;A372E;A413E,2.076818720366559,0.003718113899230957,-0.0033245086669921875,0.2004478406249998,0.06466059374999977,0.0013737797737121582,21.212500083446503,-7.351863272488117,7.082473993301392,3,-5.3
PH20_RAW_00200,S23T;E32V;Q144N;H194D;M311I;M314R;D321K;E325K;A372E;A413E,2.0767732224303264,0.003822612762451172,-0.003740072250366211,0.2036808703124997,0.06466059374999977,0.000900733470916748,21.875000095367433,-9.175276402384043,5.187738656997681,3,-5.3
PH20_RAW_00201,S23T;E32T;H194D;M311F;D321K;E325K;A372E;Q394T;A413E;A420T,2.0761814237723932,0.004425513744354248,-0.0031135082244873047,0.20206435546874965,0.11315603906249949,0.002484583854675293,20.425,-18.22242519631982,-0.2996659278869629,2,-5.3
PH20_RAW_00202,S23T;E32I;H194D;M311F;M314R;D321K;A372E;E393K;A413E;D419E,2.074289534483303,0.004287052154541016,-0.003740072250366211,0.2069138999999999,0.10507346484374702,0.001316666603088379,20.362500047683717,-16.48327286541462,4.667783975601196,3,-5.3
PH20_RAW_00203,S23T;E32V;Q144N;H194D;M311F;D321K;E325K;A372T;A413E;V415I,2.0740387873892425,0.004070353507995605,-0.004182040691375732,0.2182295039062497,0.09699089062499988,0.001261436939239502,18.88750002384186,-10.902330223470926,5.4934303760528564,3,-5.3
PH20_RAW_00204,S23T;E32V;Q144N;H194D;V238L;M311F;D321K;E325K;A413E;A420T,2.0739244955193135,0.003927934169769287,-0.003740072250366211,0.20853041484374976,0.09699089062499988,0.0013686895370483398,18.762500071525572,-8.655048936605453,6.054313659667969,3,-5.7
PH20_RAW_00205,S23T;E32V;V238L;M311F;D321K;E325K;A372E;A413E;V415I;A420T,2.0736252584883132,0.004852294921875,-0.004155635833740234,0.20529738515624968,0.08890831640624963,0.0013532161712646485,14.062499991059303,-10.730438683182001,3.53922438621521,3,-5.7
PH20_RAW_00206,S23T;E32V;K131R;H194D;M314R;D321K;E325K;A372E;A413E;D417E,2.0733668044858082,0.003909635543823242,-0.002908945083618164,0.21014692968749965,0.08082574218749938,0.00154646635055542,20.150000083446503,-9.189825493842363,5.224387168884277,3,-5.3
PH20_RAW_00207,S23T;E32I;H194D;M311F;M314R;E325K;E393Q;A413E;V415I;D419E,2.0728071603963323,0.0039555907249450685,-0.003740072250366211,0.2069138999999999,0.10507346484374969,0.001165771484375,17.675000098347663,-6.773917533457279,3.898076057434082,3,-5.3
PH20_RAW_00208,S23T;E32V;H194D;V238L;M311F;D321K;E325K;A413E;D417E;A420T,2.0727373689814437,0.004119455814361572,-0.0033245086669921875,0.21822950390624962,0.11315603906249949,0.0015413761138916016,17.700000071525572,-10.39006618782878,4.1962268352508545,3,-5.7
PH20_RAW_00209,E32V;K131R;H194D;M311F;M314R;D321K;A372E;E393K;A413E;D419E,2.0722536301656467,0.0046435117721557615,-0.0033245086669921875,0.20529738515624968,0.07274316796874691,0.0017853498458862305,19.737500029802323,-17.379215508699417,4.69625449180603,3,-5.3
PH20_RAW_00210,S23T;E32V;K131R;H194D;M311F;M314R;D321K;A372E;A413E;V415I,2.0706881556553687,0.00399024486541748,-0.0033245086669921875,0.21661298906249965,0.09699089062499944,0.0017892122268676758,18.512500095367432,-12.43394023925066,6.402156829833984,1,-5.3
PH20_RAW_00211,S23T;E32V;H194D;V238L;M311L;D321K;E325K;Q394T;A413E;V415I,2.069678515517392,0.0041090607643127445,-0.003529071807861328,0.20368087031249987,0.10507346484375013,0.0014594793319702148,16.637500071525572,-6.9719142988324165,3.7372334003448486,3,-5.7
PH20_RAW_00212,S23T;E32V;H194D;M311F;M314R;D321K;A372S;A413E;V415I;D419E,2.0691259884161135,0.004610633850097657,-0.003740072250366211,0.2036808703124997,0.08082574218749983,0.0016116738319396974,16.800000154972075,-14.449943445622921,6.240338087081909,2,-5.3
PH20_RAW_00213,S23T;E32V;K131R;H194D;M311F;M314R;E325K;A413E;V415I;D419E,2.067740559761096,0.003936266899108887,-0.0033245086669921875,0.21176344453124968,0.10507346484374924,0.0017224431037902832,16.250000157952307,-6.220934320241213,4.89960241317749,2,-5.3
PH20_RAW_00214,S23T;E32V;K131R;Q144N;H194D;M311I;D321K;E325K;A413E;V415I,2.0668069013144965,0.004035985469818116,-0.0033245086669921875,0.20206435546874965,0.06466059374999977,0.001190626621246338,16.925000059604645,-3.8021233528852463,5.811342000961304,3,-5.3
PH20_RAW_00215,S23T;E32V;H194D;V238L;M311F;D321K;E325K;A372E;Q394T;V415I,2.0666179363625194,0.003892183303833008,-0.003529071807861328,0.22792859296874984,0.1293211875,0.001524674892425537,19.32500002384186,-12.573900379240513,4.7029478549957275,3,-0.40000000000000036
PH20_RAW_00216,S23T;E32V;H194D;V238L;M314R;D321K;E325K;A372E;Q394T;A413E,2.066337595768966,0.0038106322288513185,-0.003529071807861328,0.20368087031249987,0.09699089062499988,0.001171875,21.200000095367432,-10.947609782218933,4.555323600769043,3,-5.7
PH20_RAW_00217,S23T;E32I;K131R;H194D;M311F;M314R;D321K;E393Q;A413E;A420S,2.0661549189948296,0.0040140867233276365,-0.0033245086669921875,0.2166129890625,0.08890831640624963,0.0011696338653564454,18.337500071525575,-9.244780216366053,6.719813823699951,3,-5.3
PH20_RAW_00218,S23T;E32I;Q144N;H194D;M311F;D321K;E325K;A372E;A413E;V415I,2.0648158844539095,0.004044544696807861,-0.003740072250366211,0.20529738515624985,0.08890831640625008,0.001320803165435791,19.83750001192093,-12.347527328878641,4.358112573623657,2,-5.3
PH20_RAW_00219,S23T;E32V;H194D;V238L;M311F;D321K;E325K;A372E;Q394T;D419E,2.0641315976167935,0.003959524631500244,-0.003529071807861328,0.21984601874999984,0.12123861328124974,0.0015474677085876465,19.77500002384186,-13.11272568628192,4.075772762298584,3,-0.40000000000000036
PH20_RAW_00220,S23T;E32V;H194D;V238L;M311F;M314R;D321K;Q350R;A413E;A420S,2.063992080921022,0.004270946979522705,-0.0033245086669921875,0.20853041484374996,0.10507346484374702,0.0011716008186340332,17.987500154972075,-13.24570594355464,6.412744760513306,3,-5.7
PH20_RAW_00221,E32V;K131R;H194D;M311F;D321K;Q350R;E393Q;A413E;V415I;A420S,2.0638614141627154,0.004618442058563233,-0.002908945083618164,0.2004478406249997,0.10507346484374924,0.0017892122268676758,15.662499994039536,-12.864045031368732,4.8964948654174805,3,-5.3
PH20_RAW_00222,E32I;K131R;H194D;I310L;M314R;D321K;E325K;A372E;A413E;T418V,2.0625403400027253,0.003811931610107422,-0.0033245086669921875,0.21014692968749973,0.05657801953124908,0.0013814091682434082,19.71250002980232,-6.000158399343491,6.704653024673462,3,-5.3
PH20_RAW_00223,S23T;E32V;K131R;H194D;V238L;D321K;E325K;Q394T;A413E;V415I,2.061397899809539,0.004024004936218262,-0.0031135082244873047,0.20206435546874985,0.09699089062499988,0.00146176815032959,16.250000059604645,-5.345973771065474,5.178926944732666,3,-5.7
PH20_RAW_00224,S23T;E32V;K131R;H194D;M311L;M314R;D321K;A413E;V415I;D419E,2.061055596807717,0.004207122325897217,-0.0033245086669921875,0.20206435546874973,0.07274316796874958,0.0019220590591430664,15.600000143051147,-6.521821394562721,6.549496650695801,2,-5.3
PH20_RAW_00225,S23T;E32V;H194D;V238L;I310L;D321K;E325K;A372T;A413E;A420T,2.0610303129872665,0.0036763787269592286,-0.004182040691375732,0.20206435546874965,0.08082574218749938,0.0014290213584899902,17.8375,-2.866977270692587,7.010016202926636,3,-5.7
PH20_RAW_00226,S23T;E32I;K131R;M311F;D321K;E325K;A372E;A413E;V415I;A420S,2.06021303639018,0.004973423480987549,-0.003740072250366211,0.2069138999999999,0.07274316796874958,0.0012424230575561524,13.537499967217446,-10.440036281943321,3.1622066497802734,3,-5.3
PH20_RAW_00227,S23T;E32V;H194D;V238L;M311I;D321K;E325K;Q394T;A413E;V415I,2.0598290254084635,0.004128503799438477,-0.003529071807861328,0.20529738515624976,0.09699089062499988,0.0009887218475341797,16.912500071525574,-7.238631285727024,3.284191608428955,3,-5.7
PH20_RAW_00228,S23T;E32I;K131R;H194D;V238L;I310L;M314R;D321K;V415I;D419E,2.05855221712192,0.0038994193077087403,-0.0033245086669921875,0.20044784062500004,0.06466059374999977,0.0014533638954162599,16.050000107288362,-2.676205150783062,10.156338214874268,3,-0.40000000000000036
PH20_RAW_00229,E32V;K131R;H194D;V238L;M311F;D321K;E325K;Q394T;A413E;V415I,2.0579191197907343,0.004353344440460205,-0.0031135082244873047,0.21984601874999976,0.11315603906249949,0.001524674892425537,16.87500004172325,-12.500826492905617,3.5171051025390625,3,-5.7
PH20_RAW_00230,S23T;E32V;K131R;H194D;M311F;M314R;D321K;A372E;V415I;D419E,2.0568862932971466,0.00399024486541748,-0.0033245086669921875,0.2263120781249997,0.09699089062499944,0.0019872546195983886,18.28750009536743,-12.174204036593437,7.51521110534668,2,0.0
PH20_RAW_00231,S23T;E32V;H194D;V238L;M311F;M314R;D321K;A372E;A413E;T418V,2.0568635390980345,0.0038475632667541505,-0.003740072250366211,0.20529738515624976,0.09699089062499677,0.001261436939239502,19.03750010728836,-11.551132749766111,6.321547508239746,1,-5.7
PH20_RAW_00232,S23T;E32V;K131R;H194D;V238L;M311I;D321K;E325K;A413E;T418V,2.0562149270750982,0.003808248043060303,-0.0033245086669921875,0.21014692968749965,0.08082574218749938,0.0008378267288208008,15.562500059604645,-0.38120898604393005,5.734460115432739,3,-5.7
PH20_RAW_00233,E32V;K131R;H194D;V238L;M311F;D321K;E325K;Q394T;A413E;D419E,2.0548952336950785,0.004420685768127442,-0.0031135082244873047,0.2117634445312498,0.10507346484374924,0.0015474677085876465,17.32500004172325,-13.064085770398378,2.889930009841919,3,-5.7
PH20_RAW_00234,S23T;E32I;K131R;H194D;M314R;D321K;E325K;A372E;A413E;V415I,2.0545453263307447,0.003810596466064453,-0.0033245086669921875,0.2182295039062498,0.08082574218749983,0.0013182282447814942,19.150000071525575,-7.471265446394682,5.954445123672485,3,-5.3
PH20_RAW_00235,E32V;Q144N;H194D;V238L;M311F;D321K;E325K;Q394T;A413E;V415I,2.0543574088120677,0.0044384002685546875,-0.003529071807861328,0.20044784062499987,0.09699089062499988,0.0013496994972229004,18.76250005364418,-15.05389103665948,3.5133776664733887,3,-5.7
PH20_RAW_00236,S23T;E32V;K131R;H194D;M311I;M314R;D321K;A413E;V415I;D419E,2.05318162015704,0.004226565361022949,-0.0033245086669921875,0.20368087031249962,0.06466059374999933,0.0014513015747070312,15.875000143051148,-6.698742315173149,6.096454858779907,2,-5.3
PH20_RAW_00237,S23T;E32V;H194D;V238L;M311F;M314R;D321K;Q394T;A413E;A420S,2.053169806866662,0.004172337055206299,-0.003529071807861328,0.20529738515625,0.10507346484374969,0.0013494253158569335,18.787500154972076,-14.562229689210653,5.190462350845337,2,-5.7
PH20_RAW_00238,S23T;E32I;K131R;H194D;M314R;D321K;E325K;A372E;A413E;D419E,2.05287697264285,0.0038779377937316895,-0.0033245086669921875,0.21014692968749982,0.07274316796874958,0.0013410210609436034,19.600000071525574,-7.972909614443779,5.327270030975342,3,-5.3
PH20_RAW_00239,S23T;E32I;H194D;I310L;M314R;D321K;E325K;A372E;A413E;T418S,2.0525834974685475,0.003970623016357422,-0.0033245086669921875,0.20529738515624993,0.06466059374999977,0.0011178970336914063,21.112500059604645,-10.635277718305588,4.395991325378418,3,-5.3
PH20_RAW_00240,S23T;E32V;Q144N;H194D;M311F;M314R;D321K;A372E;V415I;D419E,2.0524345280925584,0.004075300693511963,-0.003740072250366211,0.20691389999999982,0.08082574218749983,0.001812279224395752,20.175000107288362,-14.767725590616465,7.511483669281006,2,0.0
PH20_RAW_00241,S23T;E32I;H194D;M311I;M314R;D321K;E325K;A372E;A413E;D419E,2.0508476318568865,0.003982436656951904,-0.003740072250366211,0.21337995937499973,0.07274316796874958,0.0008679747581481934,20.262500083446504,-9.886497419327497,3.432534694671631,3,-5.3
PH20_RAW_00242,S23T;E32T;K131R;H194D;V238L;M311F;M314R;D321K;Q394T;A420S,2.048131461777963,0.004427015781402588,-0.0026979446411132812,0.20368087031250015,0.10507346484374969,0.0020110607147216797,18.31250011920929,-15.70177973806858,4.384106874465942,3,-0.40000000000000036
PH20_RAW_00243,S23T;E32T;K131R;H194D;M311F;M314R;D321K;A372T;V415I;D419E,2.0470293180663814,0.004515612125396728,-0.0033509135246276855,0.2182295039062498,0.09699089062499944,0.0021837472915649412,17.362500071525574,-15.31785573810339,4.972187757492065,3,0.0
PH20_RAW_00244,E32V;K131R;H194D;V238L;M311I;D321K;E325K;A372E;V415I;D419E,2.04633926146169,0.004300403594970703,-0.0033245086669921875,0.20529738515624957,0.07274316796874913,0.0014490008354187012,16.687499994039534,-8.09814491122961,4.280612468719482,3,-0.40000000000000036
PH20_RAW_00245,S23T;E32V;H194D;V238L;M311F;M314R;D321K;Q394T;V415I;A420S,2.044859103362579,0.004104995727539062,-0.003529071807861328,0.22307904843750004,0.11315603906249994,0.001524674892425537,18.112500154972075,-13.627085447311401,6.930691719055176,3,-0.40000000000000036
PH20_RAW_00246,S23T;E32I;H194D;I310L;M314R;D321K;E325K;A372E;Q394T;A413E,2.0448005485536194,0.003598189353942871,-0.003529071807861328,0.20853041484374996,0.08082574218749983,0.0012941479682922364,21.862500059604645,-9.322328329086304,5.357670307159424,3,-5.3
PH20_RAW_00247,E32V;K131R;H194D;V238L;M311F;M314R;D321K;A372E;E393Q;A413E,2.044446785186665,0.00404132604598999,-0.0033245086669921875,0.2004478406249998,0.08890831640624741,0.0012855172157287599,19.662500017881392,-13.268543895334005,5.542547941207886,2,-5.7
PH20_RAW_00248,S23T;E32I;K131R;H194D;M311I;D321K;E325K;A413E;V415I;D419E,2.04399448899423,0.004195809364318848,-0.0033245086669921875,0.21176344453124968,0.07274316796874958,0.0011578679084777832,15.312500047683717,-4.371836267411709,4.056138038635254,3,-5.3
PH20_RAW_00249,E32V;K131R;H194D;V238L;I310L;D321K;E325K;A372E;Q394T;V415I,2.043902561549803,0.00391615629196167,-0.0031135082244873047,0.2004478406249998,0.08082574218749938,0.0018751740455627442,18.28749997019768,-7.369867485016584,6.205748081207275,3,-0.40000000000000036
PH20_RAW_00250,S23T;E32T;K131R;H194D;M311F;D321K;A372E;E393K;V415I;A420T,2.0429693260009203,0.004469668865203858,-0.002908945083618164,0.20206435546874965,0.11315603906249594,0.002771902084350586,17.562499952316283,-15.752271935343742,3.983938217163086,3,0.0
PH20_RAW_00251,E32V;K131R;H194D;M311L;D321K;E325K;A372E;E393Q;A413E;T418V,2.0409269827992897,0.0039229273796081545,-0.0033245086669921875,0.20206435546874957,0.07274316796874913,0.0016363024711608886,17.91249993443489,-5.22611103951931,4.047648668289185,3,-5.3
PH20_RAW_00252,S23T;E32I;K131R;H194D;I310L;D321K;E325K;Q394T;A413E;V415I,2.040112551803405,0.0038115620613098145,-0.0031135082244873047,0.2069138999999999,0.08082574218749983,0.0015840411186218261,16.912500023841858,-3.709251444786787,5.981273651123047,3,-5.3
PH20_RAW_00253,S23T;E32I;K131R;H194D;V238L;D321K;E325K;A372E;V415I;A420S,2.040046766936519,0.003916800022125244,-0.0033245086669921875,0.20368087031249998,0.08082574218749983,0.0014305710792541504,16.925,-5.238034855574369,6.435563325881958,3,-0.40000000000000036
PH20_RAW_00254,S23T;E32V;K131R;H194D;V238L;M314R;D321K;A372E;E393Q;V415I,2.037846048806569,0.0036446452140808105,-0.0033245086669921875,0.20044784062499987,0.08082574218749983,0.001397860050201416,18.362500035762785,-5.258947517722845,8.944599151611328,3,-0.40000000000000036
PH20_RAW_00255,S23T;E32V;K131R;H194D;V238L;M311F;M314R;D321K;A413E;A420K,2.0370851052516596,0.004218053817749023,-0.002908945083618164,0.21176344453124987,0.09699089062499944,0.0014592051506042481,17.13750014305115,-11.276205904781818,5.647533178329468,3,-5.7
PH20_RAW_00256,S23T;E32V;K131R;H194D;I310L;M314R;D321K;Q394T;V415I;D419E,2.0367734553736176,0.003842318058013916,-0.0031135082244873047,0.20853041484374985,0.07274316796874958,0.002075517177581787,17.25000011920929,-5.718437891453505,9.134644746780396,3,0.0
PH20_RAW_00257,S23T;E32V;K131R;H194D;I310L;M314R;D321K;A372T;E393Q;A413E,2.035578643616041,0.0035253524780273437,-0.003766477108001709,0.2004478406249998,0.06466059374999933,0.0012855172157287599,18.75000001192093,-3.0447024926543236,9.14203429222107,3,-5.3
PH20_RAW_00258,S23T;E32T;H194D;M311F;M314R;D321K;Q350R;A413E;V415I;A420T,2.0339694692662023,0.004592239856719971,-0.002908945083618164,0.20853041484374968,0.11315603906249638,0.0023067593574523926,17.687500131130218,-18.00671250373125,3.488849401473999,3,-5.3
PH20_RAW_00259,S23T;E32V;K131R;H194D;D321K;E325K;Q350R;A372E;A413E;V415I,2.032429031750874,0.003880953788757324,-0.002908945083618164,0.20529738515624957,0.10507346484374969,0.001699650287628174,17.27500001192093,-7.485682435333729,5.234411954879761,3,-5.3
PH20_RAW_00260,E32V;K131R;H194D;V238L;M311F;M314R;D321K;A372E;E393Q;D419E,2.031168402528531,0.00404132604598999,-0.0033245086669921875,0.21014692968749982,0.08890831640624741,0.0014835596084594727,19.437500017881394,-12.985013160854578,6.655602216720581,3,-0.40000000000000036
PH20_RAW_00261,S23T;E32I;H194D;M311F;M314R;D321K;E325K;A372E;A413E;D417E,2.0297462036469502,0.0038825154304504396,-0.0033245086669921875,0.2295451078124998,0.10507346484374969,0.0011406898498535155,21.400000083446503,-15.161566473543644,3.53409481048584,3,-5.3
PH20_RAW_00262,S23T;E32V;H194D;V238L;M311F;D321K;E325K;Q394T;A413E;D417E,2.0293777611955686,0.004095923900604248,-0.0031135082244873047,0.21337995937499982,0.12123861328124974,0.0012842297554016113,18.500000071525573,-13.364502795040607,2.7585766315460205,3,-5.7
PH20_RAW_00263,S23T;E32T;H194D;M311L;D321K;E325K;A372T;A413E;V415I;A420T,2.029268267047843,0.0044162988662719725,-0.003766477108001709,0.2004478406249996,0.08890831640624963,0.002328824996948242,16.7375,-10.678790986537933,1.4650628566741943,3,-5.3
PH20_RAW_00264,S23T;E32V;K131R;Q144N;H194D;M311F;M314R;D321K;A413E;V415I,2.0272106444813724,0.003935122489929199,-0.0033245086669921875,0.21014692968749982,0.08082574218749983,0.0015513300895690918,18.07500014305115,-10.514097481966019,8.05610179901123,2,-5.3
PH20_RAW_00265,S23T;E32V;K131R;H194D;D321K;E325K;A372E;A413E;V415I;A420T,2.0268278732548293,0.003805875778198242,-0.0033245086669921875,0.20691389999999946,0.08082574218749938,0.0021346211433410645,17.27500001192093,-6.091778453439474,5.449779748916626,2,-5.3
PH20_RAW_00266,S23T;E32T;H194D;M311F;D321K;E325K;Q394T;A413E;D417E;A420T,2.0262730302431144,0.004561913013458252,-0.0026979446411132812,0.20529738515624968,0.11315603906249949,0.0024193882942199706,18.925000047683717,-18.275952227413654,-0.503807783126831,3,-5.3
PH20_RAW_00267,E32V;Q144N;H194D;M311F;D321K;E325K;A372E;A413E;V415I;A420T,2.0258096109751618,0.004220271110534668,-0.003740072250366211,0.20529738515624948,0.08082574218749938,0.002022552490234375,19.787500005960464,-15.52595805004239,3.7842304706573486,2,-5.3
PH20_RAW_00268,S23T;E32V;H194D;M311F;D321K;E325K;Q394T;A413E;V415I;A420T,2.0246019015409225,0.003963315486907959,-0.003529071807861328,0.2343946523437496,0.12123861328124974,0.001935291290283203,17.900000071525575,-12.056249223649502,3.9045913219451904,3,-5.3
PH20_RAW_00269,S23T;E32V;K131R;Q144N;H194D;M311F;M314R;D321K;A413E;D419E,2.0245202041731467,0.004002463817596435,-0.0033245086669921875,0.20206435546874985,0.07274316796874958,0.0015741229057312013,18.525000143051148,-11.062200132757425,7.428926706314087,2,-5.3
PH20_RAW_00270,S23T;E32V;H194D;V238L;M311F;M314R;D321K;A372T;A413E;A420S,2.024235601848613,0.004013586044311524,-0.004182040691375732,0.2101469296874999,0.09699089062499944,0.0010836124420166016,18.46250010728836,-12.977142740041018,6.180676221847534,2,-5.7
PH20_RAW_00271,E32I;K131R;H194D;I310L;D321K;E325K;A372T;A413E;V415I;D419E,2.023905712227543,0.004254150390625,-0.003766477108001709,0.2004478406249997,0.05657801953124908,0.0015791773796081543,16.23749995827675,-6.477341517806053,5.2410266399383545,3,-5.3
PH20_RAW_00272,S23T;E32V;H194D;V238L;M311F;M314R;E325K;A372E;V415I;D419E,2.0231233749806226,0.003684401512145996,-0.003740072250366211,0.20691389999999982,0.11315603906249949,0.0015448927879333496,18.250000122189523,-9.074137423187494,5.095606327056885,2,-0.40000000000000036
PH20_RAW_00273,E32V;K131R;Q144N;H194D;V238L;M311F;D321K;E325K;A372E;D419E,2.0223878685233365,0.0040763020515441895,-0.0033245086669921875,0.2036808703124998,0.08082574218749938,0.001571822166442871,19.337499994039536,-12.247510772198439,5.613084316253662,3,-0.40000000000000036
PH20_RAW_00274,E32V;K131R;Q144N;H194D;V238L;M311F;D321K;E325K;A372E;V415I,2.0208820605386393,0.004008960723876953,-0.0033245086669921875,0.2117634445312498,0.08890831640624963,0.0015490293502807618,18.887499994039537,-11.890146680176258,6.240259408950806,3,-0.40000000000000036
PH20_RAW_00275,S23T;E32V;K131R;H194D;V238L;I310L;D321K;E325K;A372E;Q394T,2.019947091505147,0.003382158279418945,-0.0031135082244873047,0.20368087031249987,0.08890831640624963,0.0016370177268981933,19.08749998807907,-3.952868763357401,7.3090338706970215,3,-0.40000000000000036
PH20_RAW_00276,S23T;E32I;H194D;V238L;M311F;M314R;D321K;E393Q;A413E;T418V,2.0197728467896865,0.0037267088890075685,-0.003740072250366211,0.213379959375,0.09699089062499988,0.0006418585777282715,18.137500083446504,-7.733094695955515,6.977693557739258,3,-5.7
PH20_RAW_00277,S23T;E32V;H194D;V238L;M311F;M314R;D321K;Q394T;A413E;V415I,2.019347146550803,0.004027640819549561,-0.003529071807861328,0.21337995937499993,0.11315603906249994,0.0013494253158569335,18.062500154972078,-13.99086096137762,5.528951406478882,2,-5.7
PH20_RAW_00278,S23T;E32I;K131R;H194D;V238L;M311F;D321K;E325K;A372E;A420S,2.01897127424973,0.003712141513824463,-0.0033245086669921875,0.22469556328125,0.10507346484374969,0.0012553215026855468,18.35,-8.686854429543018,5.877027273178101,3,-0.40000000000000036
PH20_RAW_00279,S23T;E32I;K131R;H194D;I310L;M314R;D321K;A372E;V415I;A420S,2.018392333138009,0.0037351131439208986,-0.0033245086669921875,0.20044784062499996,0.056578019531249524,0.0018462777137756349,18.150000059604643,-6.362592075020075,9.278226852416992,2,0.0
PH20_RAW_00280,E32V;K131R;H194D;V238L;M311F;M314R;D321K;A372E;A413E;V415I,2.018214212246455,0.0041995406150817875,-0.0033245086669921875,0.2036808703124997,0.08890831640624919,0.0016116619110107422,18.06250007748604,-15.175794094800949,5.412317991256714,1,-5.7
PH20_RAW_00281,S23T;E32V;H194D;D321K;E325K;A372T;Q394T;A413E;V415I;A420S,2.017278096807853,0.0041303873062133786,-0.00397104024887085,0.20529738515624976,0.08890831640624963,0.0015875816345214844,17.675000023841857,-10.110336441546679,3.677201986312866,3,-5.3
PH20_RAW_00282,S23T;E32I;K131R;H194D;V238L;M311L;D321K;E325K;A413E;A420S,2.017243324008546,0.003929018974304199,-0.0033245086669921875,0.20044784062500004,0.08082574218749983,0.0011901259422302246,15.662500047683716,-3.302528776228428,4.911312818527222,3,-5.7
PH20_RAW_00283,S23T;E32T;K131R;H194D;M311F;D321K;E325K;A372S;A413E;A420T,2.0163054373415488,0.004476284980773926,-0.002908945083618164,0.20368087031249962,0.08890831640624963,0.0022454261779785156,16.737500035762785,-12.803537178784609,2.8100152015686035,3,-5.3
PH20_RAW_00284,S23T;E32I;Q144N;H194D;M311F;D321K;E325K;A413E;D417E;D419E,2.0149562717124434,0.004248285293579101,-0.0033245086669921875,0.20044784062499987,0.08082574218749983,0.0012784004211425781,18.787500059604646,-12.824646960943937,3.5267956256866455,3,-5.3
PH20_RAW_00285,S23T;E32V;H194D;V238L;M311F;D321K;E325K;A372S;A413E;D417E,2.0145383358777162,0.00428687334060669,-0.0033245086669921875,0.20206435546874973,0.09699089062499988,0.0011079788208007812,17.137500071525572,-12.185760218650103,4.210585355758667,3,-5.7
PH20_RAW_00286,E32V;K131R;H194D;M311F;M314R;D321K;A372E;E393Q;A413E;A420K,2.014440308143567,0.004352176189422607,-0.002908945083618164,0.20529738515624968,0.08082574218749716,0.0017869234085083007,19.762500017881393,-16.274523250758648,3.5076799392700195,3,-5.3
PH20_RAW_00287,S23T;E32I;K131R;H194D;V238L;M311F;D321K;E393Q;V415I;A420S,2.014113490401459,0.003975594043731689,-0.0033245086669921875,0.2101469296875001,0.09699089062499988,0.0012819766998291016,15.3875,-6.609281301498413,7.539421081542969,3,-0.40000000000000036
PH20_RAW_00288,S23T;E32I;H194D;V238L;M311F;M314R;D321K;A413E;V415I;A420K,2.013803779600811,0.004395592212677002,-0.0033245086669921875,0.21014692968749998,0.09699089062499988,0.0012286782264709472,16.962500143051148,-13.832591742277145,4.515776872634888,3,-5.7
PH20_RAW_00289,S23T;E32I;H194D;V238L;M311F;D321K;E325K;Q394T;A413E;V415I,2.0136074498133474,0.003996884822845459,-0.003529071807861328,0.22146253359374998,0.12123861328125018,0.0010559916496276855,17.500000059604645,-11.507253348827362,3.4886345863342285,3,-5.7
PH20_RAW_00290,E32I;K131R;H194D;V238L;M311F;D321K;E325K;A372E;A413E;D419E,2.0135497469308143,0.0042361259460449215,-0.0033245086669921875,0.2036808703124998,0.08890831640624919,0.0013410210609436034,17.949999982118605,-13.069122236222029,2.744826078414917,2,-5.7
PH20_RAW_00291,S23T;E32V;K131R;H194D;V238L;M311F;M314R;D321K;A372E;E393Q,2.012805532363753,0.0034399867057800294,-0.0033245086669921875,0.2214625335937499,0.10507346484374969,0.0012226104736328125,19.787500035762786,-8.887995444238186,8.38606309890747,3,-0.40000000000000036
PH20_RAW_00292,S23T;E32V;Q144N;H194D;V238L;M311F;M314R;D321K;A372E;E393Q,2.0118007898356325,0.003525042533874512,-0.003740072250366211,0.20206435546875,0.08890831640625008,0.0010476350784301759,21.675000047683717,-11.324834149330854,8.382335662841797,3,-0.40000000000000036
PH20_RAW_00293,S23T;E32V;H194D;I310L;D321K;E325K;A372E;Q394T;V415I;A420T,2.01175628894437,0.0035261273384094237,-0.003529071807861328,0.21499647421874962,0.08890831640624963,0.00228579044342041,19.3125,-6.8720654137432575,6.593234300613403,3,0.0
PH20_RAW_00294,S23T;E32I;K131R;H194D;I310L;M314R;D321K;A372E;E393Q;V415I,2.011358156588094,0.0034322023391723635,-0.0033245086669921875,0.20529738515624993,0.06466059374999977,0.0015201330184936523,19.025,-3.858704473823309,9.746945858001709,3,0.0
PH20_RAW_00295,S23T;E32V;K131R;H194D;I310L;M314R;D321K;A372T;A413E;V415I,2.009831679968811,0.0036835670471191406,-0.003766477108001709,0.2036808703124997,0.06466059374999933,0.0016116619110107422,17.150000071525575,-4.929879542440176,9.011804342269897,2,-5.3
PH20_RAW_00296,S23T;E32V;K131R;H194D;M311F;D321K;Q350R;E393Q;A413E;V415I,2.0092192328178182,0.0039397478103637695,-0.002908945083618164,0.21176344453124968,0.12123861328124974,0.001551055908203125,15.737500011920929,-8.733134444803,6.3382697105407715,3,-5.3
PH20_RAW_00297,S23T;E32V;K131R;H194D;M311F;D321K;E325K;Q350R;A372E;A413E,2.00860110004202,0.003676295280456543,-0.002908945083618164,0.2263120781249996,0.12932118749999955,0.0015244007110595704,18.700000011920928,-11.05961287394166,4.675875902175903,3,-5.3
PH20_RAW_00298,S23T;E32V;H194D;V238L;M311F;M314R;D321K;Q394T;V415I;D419E,2.007574925582428,0.004027640819549561,-0.003529071807861328,0.22307904843749995,0.11315603906249994,0.0015474677085876465,17.837500154972076,-13.63886833190918,6.642005681991577,3,-0.40000000000000036
PH20_RAW_00299,S23T;E32V;K131R;H194D;V238L;M311F;M314R;E325K;E393Q;A413E,2.0067273471618234,0.0033860087394714357,-0.0033245086669921875,0.2069138999999999,0.10507346484374924,0.0009577989578247071,17.750000098347662,-2.9696031473577023,5.770454406738281,3,-5.7
PH20_RAW_00300,E32V;K131R;H194D;M311F;M314R;D321K;Q350R;A413E;V415I;A420S,2.0037509971508607,0.004423105716705322,-0.002908945083618164,0.2182295039062497,0.10507346484374924,0.001762557029724121,16.687500125169755,-15.85010302439332,5.8003339767456055,3,-5.3
PH20_RAW_00301,S23T;E32I;K131R;H194D;M311F;M314R;D321K;A413E;V415I;D419E,2.002177473722996,0.004094946384429932,-0.0033245086669921875,0.21984601874999984,0.08890831640624963,0.0015185713768005372,16.46250013113022,-11.184753961861134,6.300897836685181,2,-5.3
PH20_RAW_00302,S23T;E32V;H194D;M311F;D321K;E325K;Q350R;A372E;A413E;D417E,2.0021546166228497,0.00395287275314331,-0.002908945083618164,0.21661298906249957,0.12932118749999955,0.0015221118927001953,19.52500002384186,-15.424860391765833,2.8140616416931152,3,-5.3
PH20_RAW_00303,S23T;E32V;K131R;H194D;V238L;M311L;D321K;E325K;A413E;D417E,2.0014516810227843,0.00388336181640625,-0.002908945083618164,0.2004478406249998,0.08890831640624963,0.0014183640480041504,15.937500059604645,-4.485650133341551,4.519743919372559,3,-5.7
PH20_RAW_00304,S23T;E32V;K131R;H194D;V238L;M311I;M314R;D321K;V415I;A420S,2.000387418302347,0.0039118766784667965,-0.0033245086669921875,0.21176344453124987,0.07274316796874958,0.001188051700592041,15.825000143051147,-5.319318626075983,8.23881721496582,3,-0.40000000000000036
PH20_RAW_00305,S23T;E32V;H194D;I310L;M314R;D321K;Q350R;A413E;V415I;A420T,1.9997408365758431,0.0037601947784423827,-0.0033245086669921875,0.20368087031249962,0.08890831640624963,0.0019327163696289062,17.250000131130218,-7.331467408686876,8.641520261764526,3,-5.3
PH20_RAW_00306,S23T;E32I;K131R;H194D;I310L;D321K;E325K;A372E;D417E;D419E,1.9997197085802758,0.003726041316986084,-0.002908945083618164,0.2004478406249998,0.06466059374999933,0.0018038749694824219,18.312499976158144,-5.3579741306602955,6.219166040420532,3,0.0
PH20_RAW_00307,S23T;E32V;K131R;H194D;I310L;M314R;D321K;A372T;V415I;D419E,1.9997196436222466,0.0036835670471191406,-0.003766477108001709,0.21337995937499973,0.06466059374999933,0.001809704303741455,16.925000071525574,-4.5024239756166935,10.124858617782593,3,0.0
PH20_RAW_00308,S23T;E32V;K131R;H194D;V238L;I310L;M314R;D321K;V415I;A420T,1.9994745673710603,0.003473806381225586,-0.0033245086669921875,0.2117634445312498,0.07274316796874958,0.0018941640853881836,16.35000011920929,-1.8352775238454342,11.312916994094849,3,-0.40000000000000036
PH20_RAW_00309,S23T;E32I;Q144N;H194D;M311F;M314R;D321K;A413E;V415I;D419E,1.9986861088613486,0.004180002212524414,-0.003740072250366211,0.20044784062499996,0.07274316796875002,0.0013435959815979003,18.350000143051147,-13.734620954841375,6.297170400619507,2,-5.3
PH20_RAW_00310,E32I;K131R;H194D;I310L;M314R;D321K;E325K;A372E;A413E;D417E,1.9980236095196584,0.0039064884185791016,-0.002908945083618164,0.20206435546874973,0.05657801953124908,0.0014911890029907227,20.362500029802323,-10.366952639073133,5.036895036697388,3,-5.3
PH20_RAW_00311,E32I;Q144N;H194D;V238L;M311F;D321K;E325K;A372E;V415I;D419E,1.99773436479479,0.004253840446472168,-0.003740072250366211,0.20206435546874993,0.08082574218749983,0.0013412952423095704,19.162499994039536,-14.866268340498209,4.481328010559082,3,-0.40000000000000036
PH20_RAW_00312,S23T;E32V;K131R;H194D;M311L;D321K;E325K;A372E;A413E;T418V,1.995149648957105,0.0035471439361572264,-0.0033245086669921875,0.2085304148437496,0.08082574218749938,0.0017242908477783203,17.11250001192093,-3.5158757381141186,5.020704507827759,2,-5.3
PH20_RAW_00313,S23T;E32I;H194D;V238L;M311F;D321K;E325K;A372S;A413E;V415I,1.9950075769933588,0.0041878342628479,-0.003740072250366211,0.2101469296874999,0.09699089062500033,0.0008797407150268555,16.137500059604644,-10.49944020435214,4.940643310546875,3,-5.7
PH20_RAW_00314,S23T;E32V;H194D;M311I;M314R;D321K;E393Q;A413E;V415I;A420T,1.992541899156879,0.0038202762603759765,-0.003740072250366211,0.21014692968749954,0.07274316796874958,0.0013354301452636718,17.60000009536743,-6.7121011689305305,6.25150728225708,3,-5.3
PH20_RAW_00315,S23T;E32V;Q144N;H194D;M314R;D321K;E325K;A372E;A413E;A420T,1.9921512083050004,0.0035373806953430177,-0.003740072250366211,0.20206435546874965,0.06466059374999977,0.0016068458557128907,21.78750009536743,-9.598064877092838,6.480121374130249,3,-5.3
PH20_RAW_00316,S23T;E32V;K131R;H194D;V238L;M311F;M314R;E325K;A413E;D419E,1.991980554271279,0.0036115646362304688,-0.0033245086669921875,0.20206435546874985,0.10507346484374924,0.001306736469268799,16.60000015795231,-5.515361819416285,5.013049364089966,2,-5.7
PH20_RAW_00317,S23T;E32V;K131R;H194D;M314R;D321K;E393Q;A413E;V415I;A420T,1.9918686881011067,0.003715777397155762,-0.0033245086669921875,0.20691389999999962,0.07274316796874958,0.001808476448059082,16.9375000834465,-4.921356629580259,8.146242618560791,3,-5.3
PH20_RAW_00318,S23T;E32V;H194D;M311F;D321K;E325K;A372E;Q394T;D417E;A420S,1.9862485353383603,0.003931617736816407,-0.0031135082244873047,0.22307904843749976,0.11315603906249949,0.0018751859664916993,20.375000023841856,-16.29876622185111,2.9935195446014404,3,0.0
PH20_RAW_00319,S23T;E32V;K131R;H194D;V238L;M311F;M314R;D321K;A372E;V415I,1.985480298519608,0.0035982012748718263,-0.0033245086669921875,0.22469556328124982,0.10507346484374969,0.0015487551689147949,18.187500095367433,-10.84491204842925,8.255833148956299,2,-0.40000000000000036
PH20_RAW_00320,S23T;E32V;K131R;H194D;M311I;D321K;E325K;A372E;A413E;T418V,1.9851270066398476,0.003566586971282959,-0.0033245086669921875,0.21014692968749946,0.07274316796874913,0.0012535333633422851,17.387500011920928,-3.7904632799327374,4.567662715911865,2,-5.3
PH20_RAW_00321,E32V;K131R;H194D;M311L;M314R;D321K;A372E;E393Q;V415I;A420S,1.984565597011424,0.004026556015014648,-0.0033245086669921875,0.2036808703124998,0.06466059374999933,0.001986527442932129,18.175000017881395,-10.188487816601992,6.552005767822266,3,0.0
PH20_RAW_00322,E32I;Q144N;H194D;V238L;M311F;M314R;D321K;E325K;A372E;A413E,1.9836273703078577,0.003900289535522461,-0.003740072250366211,0.20691389999999998,0.08082574218749983,0.0007904529571533203,22.01250006556511,-15.933494735509157,4.402342796325684,3,-5.7
PH20_RAW_00323,S23T;E32V;K131R;H194D;V238L;M311F;M314R;D321K;A372E;D419E,1.983509212364062,0.0036655426025390624,-0.0033245086669921875,0.21661298906249984,0.09699089062499944,0.0015715479850769043,18.637500095367432,-11.360316783189774,7.628658056259155,2,-0.40000000000000036
PH20_RAW_00324,E32V;K131R;H194D;M311F;D321K;E325K;A372E;Q394T;A413E;D419E,1.9832374318206192,0.004179024696350097,-0.0031135082244873047,0.2117634445312496,0.096990890624999,0.0019631743431091308,19.149999994039536,-16.499243766069412,1.723132610321045,2,-5.3
PH20_RAW_00325,S23T;E32V;K131R;H194D;M311V;D321K;E325K;A372T;A413E;A420S,1.9828575792198382,0.00407947301864624,-0.003766477108001709,0.2004478406249997,0.06466059374999933,0.0011679530143737793,16.60000001192093,-7.557217422872782,5.8091137409210205,3,-5.3
PH20_RAW_00326,S23T;E32T;K131R;H194D;M311I;D321K;E325K;A372E;Q394T;V415I,1.982245423220314,0.004141521453857422,-0.0026979446411132812,0.2036808703124997,0.08890831640624963,0.0020660638809204103,18.26249998807907,-11.853678204119205,1.3110387325286865,3,0.0
PH20_RAW_00327,S23T;E32I;H194D;M311F;D321K;E325K;Q350R;A372E;A413E;D419E,1.982221256842956,0.0039211750030517575,-0.0033245086669921875,0.21661298906249976,0.12123861328124974,0.001316666603088379,18.97500001192093,-14.182650327682495,2.9169445037841797,3,-5.3
PH20_RAW_00328,E32V;K131R;Q144N;H194D;M311F;D321K;E325K;A372E;A413E;T418V,1.9816573288633372,0.00387648344039917,-0.0033245086669921875,0.20529738515624957,0.07274316796874913,0.0016145110130310059,19.237499994039535,-11.514725811779499,4.796848773956299,2,-5.3
PH20_RAW_00329,S23T;E32V;K131R;H194D;V238L;M311F;M314R;E325K;V415I;D419E,1.9816548408871302,0.0035442233085632322,-0.0033245086669921875,0.21984601874999984,0.11315603906249949,0.0014819860458374023,15.925000157952308,-4.671808935701847,6.753278732299805,3,-0.40000000000000036
PH20_RAW_00330,S23T;E32V;K131R;H194D;V238L;M311I;M314R;D321K;A413E;V415I,1.9815565618590703,0.003834521770477295,-0.0033245086669921875,0.20206435546874973,0.07274316796874958,0.0010128021240234375,15.775000143051148,-5.37940775975585,6.837076902389526,2,-5.7
PH20_RAW_00331,S23T;E32V;K131R;H194D;M311V;D321K;E325K;Q394T;A413E;V415I,1.981214979730286,0.004093527793884277,-0.0031135082244873047,0.2036808703124997,0.08082574218749983,0.0014337658882141112,16.200000059604644,-8.423396743834019,5.157388925552368,3,-5.3
PH20_RAW_00332,S23T;E32I;K131R;H194D;V238L;M314R;D321K;E325K;A372E;A413E,1.9808774274216623,0.003485894203186035,-0.0033245086669921875,0.20853041484374996,0.08082574218749983,0.0009025216102600097,19.500000071525573,-6.670597191900015,6.067892074584961,3,-5.7
PH20_RAW_00333,S23T;E32V;K131R;H194D;M311F;D321K;E325K;Q394T;A413E;T418V,1.9803596877026426,0.003619527816772461,-0.0031135082244873047,0.23439465234374968,0.11315603906249949,0.001527249813079834,17.350000059604646,-8.049104791134596,4.917209625244141,3,-5.3
PH20_RAW_00334,S23T;E32V;Q144N;H194D;M311F;M314R;D321K;Q350R;A413E;A420S,1.9792570639655527,0.00397416353225708,-0.0033245086669921875,0.20206435546874993,0.09699089062499677,0.0013494253158569335,19.375000154972078,-14.848748490214348,6.899892330169678,3,-5.3
PH20_RAW_00335,S23T;E32V;K131R;Q144N;H194D;D321K;E325K;A413E;V415I;A420T,1.9790585709994046,0.0037507534027099608,-0.0033245086669921875,0.2004478406249996,0.06466059374999977,0.0018967390060424805,16.837500059604643,-4.367017108947039,7.103724718093872,3,-5.3
PH20_RAW_00336,S23T;E32V;K131R;H194D;D321K;E325K;A372E;Q394T;V415I;D419E,1.978357664163817,0.003782343864440918,-0.0031135082244873047,0.21176344453124968,0.08890831640624963,0.002075517177581787,17.85000001192093,-8.411421537399292,5.125183820724487,3,0.0
PH20_RAW_00337,S23T;E32V;Q144N;H194D;V238L;M311F;M314R;E325K;V415I;D419E,1.9781253905648202,0.0036292791366577147,-0.003740072250366211,0.20044784062499996,0.09699089062499988,0.0013070106506347656,17.81250016987324,-7.223407085984945,6.749551296234131,3,-0.40000000000000036
PH20_RAW_00338,S23T;E32V;H194D;D321K;E325K;A372T;Q394T;A413E;V415I;D419E,1.9779320799240032,0.004053032398223877,-0.00397104024887085,0.20529738515624968,0.08890831640624963,0.0016103744506835937,17.40000002384186,-10.21583928540349,3.3885159492492676,3,-5.3
PH20_RAW_00339,S23T;E32V;H194D;V238L;D321K;E325K;Q394T;A413E;V415I;A420T,1.9768677833683268,0.0038432717323303224,-0.003529071807861328,0.2036808703124997,0.09699089062499988,0.0016948342323303222,16.825000071525572,-7.585930120199919,4.576574325561523,3,-5.7
PH20_RAW_00340,E32V;K131R;H194D;M314R;D321K;E325K;A372E;Q394T;A413E;V415I,1.9759071362396747,0.003962790966033936,-0.0031135082244873047,0.21337995937499965,0.08082574218749938,0.001762831211090088,19.90000006556511,-13.454692266881466,3.9429128170013428,3,-5.3
PH20_RAW_00341,S23T;E32V;K131R;H194D;I310L;D321K;E325K;Q394T;A413E;A420T,1.9751042392902478,0.0034532904624938964,-0.0031135082244873047,0.21014692968749965,0.08082574218749938,0.0020476341247558593,17.662500035762786,-3.563709307461977,6.510677337646484,3,-5.3
PH20_RAW_00342,S23T;E32T;K131R;H194D;M311F;M314R;D321K;A372E;V415I;A420T,1.9746174658654176,0.00406419038772583,-0.002908945083618164,0.21661298906249965,0.09699089062499944,0.002683913707733154,18.612500071525574,-16.109002467244864,4.993448734283447,2,0.0
PH20_RAW_00343,E32V;K131R;H194D;M311L;D321K;E325K;Q394T;A413E;V415I;D419E,1.9735539822999388,0.0043285608291625975,-0.0031135082244873047,0.20529738515624968,0.08082574218749938,0.002073228359222412,15.787500041723252,-10.163628224283457,2.497647523880005,3,-5.3
PH20_RAW_00344,E32V;K131R;H194D;M314R;D321K;E325K;A372E;Q394T;A413E;D419E,1.9727054139642857,0.0040301322937011715,-0.0031135082244873047,0.20529738515624968,0.07274316796874913,0.0017856240272521972,20.35000006556511,-14.026035007089376,3.315737724304199,3,-5.3
PH20_RAW_00345,S23T;E32V;K131R;H194D;M314R;D321K;Q350R;A413E;V415I;D419E,1.9725417600397674,0.004016411304473877,-0.002908945083618164,0.2004478406249997,0.08890831640624963,0.0017224431037902832,15.787500143051147,-8.589025884866714,7.17346978187561,3,-5.3
PH20_RAW_00346,S23T;E32V;H194D;M311I;M314R;D321K;Q350R;A413E;V415I;D419E,1.971429570228077,0.0041209101676940914,-0.0033245086669921875,0.20368087031249962,0.08890831640624963,0.0012493968009948731,16.450000154972077,-10.46092500910163,5.278734445571899,3,-5.3
PH20_RAW_00347,S23T;E32I;K131R;H194D;V238L;M311I;D321K;E325K;A413E;V415I,1.9710288209073654,0.0038037657737731933,-0.0033245086669921875,0.21014692968749982,0.08082574218749983,0.0007193684577941895,15.212500047683715,-3.11343852058053,4.796760082244873,3,-5.7
PH20_RAW_00348,E32V;K131R;H194D;M311F;M314R;D321K;Q350R;A413E;V415I;D419E,1.9705822258839232,0.004345750808715821,-0.002908945083618164,0.21822950390624962,0.10507346484374924,0.0017853498458862305,16.412500125169753,-15.674821976572275,5.511647939682007,3,-5.3
PH20_RAW_00349,E32V;Q144N;H194D;M311F;D321K;E325K;A372E;Q394T;V415I;D419E,1.9694831859303223,0.004196739196777344,-0.003529071807861328,0.21014692968749973,0.08890831640624963,0.0019634485244750975,20.362500005960463,-18.20270185917616,3.45963454246521,3,0.0
PH20_RAW_00350,S23T;E32I;H194D;M314R;D321K;E325K;A372E;A413E;V415I;A420T,1.96927494571221,0.0036298632621765137,-0.003740072250366211,0.21984601874999968,0.08082574218749983,0.0015512943267822266,19.725000083446503,-9.7448701672256,5.352092504501343,3,-5.3
PH20_RAW_00351,E32V;K131R;H194D;M311I;D321K;E325K;Q394T;A413E;V415I;D419E,1.966104960659676,0.00434800386428833,-0.0031135082244873047,0.20691389999999954,0.07274316796874913,0.001602470874786377,16.06250004172325,-10.321233008056879,2.0446057319641113,3,-5.3
PH20_RAW_00352,E32V;K131R;H194D;I310L;D321K;E325K;A372T;A413E;V415I;A420T,1.9644941052814004,0.0038285374641418455,-0.003766477108001709,0.21176344453124943,0.06466059374999888,0.002019977569580078,16.53749997019768,-5.651593763381243,6.3976054191589355,3,-5.3
PH20_RAW_00353,S23T;E32V;H194D;M311F;D321K;E325K;A372S;Q394T;A413E;D419E,1.9628855524423237,0.0041980743408203125,-0.003529071807861328,0.21014692968749973,0.09699089062499988,0.0015246868133544922,17.787500071525574,-14.437631163746119,3.2917747497558594,3,-5.3
PH20_RAW_00354,S23T;E32V;K131R;H194D;M314R;D321K;E325K;A372E;A413E;T418S,1.9623792768941202,0.0038012266159057617,-0.002908945083618164,0.21337995937499973,0.07274316796874958,0.001348423957824707,19.950000083446504,-11.230431035161018,4.084519624710083,3,-5.3
PH20_RAW_00355,S23T;E32V;H194D;M311I;M314R;D321K;Q394T;A413E;V415I;A420S,1.9606765895525422,0.004099655151367188,-0.003529071807861328,0.2004478406249998,0.07274316796874958,0.0014044284820556641,17.525000154972076,-11.987692575901747,4.345138072967529,2,-5.3
PH20_RAW_00356,S23T;E32V;H194D;M311I;M314R;D321K;E325K;A372E;A413E;T418S,1.9604160414739098,0.0039057254791259764,-0.0033245086669921875,0.21661298906249965,0.07274316796874958,0.0008753776550292969,20.61250009536743,-13.14101405069232,2.189784288406372,3,-5.3
PH20_RAW_00357,S23T;E32V;K131R;Q144N;H194D;M311F;D321K;E325K;A413E;A420T,1.9603421017644205,0.0035460948944091796,-0.0033245086669921875,0.22146253359374962,0.08890831640624963,0.001721489429473877,18.262500059604644,-7.708608344197273,6.545188665390015,3,-5.3
PH20_RAW_00358,E32V;K131R;H194D;M311F;M314R;D321K;Q394T;A413E;V415I;A420S,1.9598364180313403,0.004324495792388916,-0.0031135082244873047,0.2149964742187498,0.08890831640624919,0.0019403815269470215,17.487500125169753,-17.20126350596547,4.578051567077637,2,-5.3
PH20_RAW_00359,E32V;Q144N;H194D;M311F;M314R;D321K;E325K;A372E;A413E;T418S,1.959513715038647,0.004215621948242187,-0.0033245086669921875,0.2117634445312498,0.07274316796874958,0.0012363553047180175,22.462500077486037,-20.748578794300556,2.4189703464508057,3,-5.3
PH20_RAW_00360,E32I;Q144N;H194D;M311F;D321K;E325K;Q394T;A413E;V415I;A420S,1.9589194214117909,0.004378795623779297,-0.003529071807861328,0.20368087031249998,0.08082574218749983,0.0014719724655151366,18.81250004172325,-16.889610841870308,2.5340073108673096,3,-5.3
PH20_RAW_00361,S23T;E32I;K131R;H194D;V238L;M311F;M314R;D321K;E393Q;A413E,1.958901540241308,0.0035446882247924805,-0.0033245086669921875,0.21499647421875007,0.09699089062499988,0.0007539272308349609,17.962500071525575,-7.861962303519249,7.171749830245972,3,-5.7
PH20_RAW_00362,S23T;E32V;K131R;H194D;M311F;M314R;E325K;A372E;A413E;A420S,1.957213817517517,0.003447258472442627,-0.0033245086669921875,0.20206435546874973,0.096990890624999,0.001699650287628174,18.700000110268594,-8.956605687737465,4.13493800163269,1,-5.3
PH20_RAW_00363,S23T;E32I;K131R;H194D;M311V;D321K;E325K;A372E;V415I;A420S,1.9570728450605437,0.003986322879791259,-0.0033245086669921875,0.20529738515624985,0.06466059374999977,0.001402568817138672,16.875,-8.442321546375751,6.41402530670166,3,0.0
PH20_RAW_00364,E32V;K131R;H194D;V238L;I310L;M314R;D321K;A372T;V415I;D419E,1.9519910772770837,0.0038928627967834474,-0.003766477108001709,0.2004478406249998,0.05657801953124908,0.0016321539878845215,16.47500005364418,-7.028578873723745,9.135019779205322,3,-0.40000000000000036
PH20_RAW_00365,S23T;E32V;K131R;H194D;M314R;D321K;E325K;A372E;Q394T;A413E,1.951661408145055,0.003428792953491211,-0.0031135082244873047,0.21661298906249976,0.08890831640624963,0.001524674892425537,20.700000083446504,-10.05088709294796,5.046198606491089,3,-5.3
PH20_RAW_00366,S23T;E32V;K131R;Q144N;H194D;M311F;D321K;A372E;E393K;V415I,1.9512873869102971,0.0037068963050842286,-0.0033245086669921875,0.2036808703124998,0.10507346484374969,0.001814568042755127,18.524999976158142,-12.165978897362947,7.73347020149231,3,0.0
PH20_RAW_00367,S23T;E32V;K131R;H194D;M311F;M314R;D321K;Q350R;A413E;V415I,1.9504247232842962,0.0037444114685058595,-0.002908945083618164,0.2295451078124997,0.12123861328124974,0.0015244007110595704,16.76250014305115,-11.659378461539745,7.2421088218688965,3,-5.3
PH20_RAW_00368,E32V;K131R;H194D;M311F;M314R;D321K;E325K;A372E;Q394T;A413E,1.9502807509614095,0.0037581324577331543,-0.0031135082244873047,0.23439465234374968,0.10507346484374924,0.0015875816345214844,21.32500006556511,-17.110370595008135,3.3843767642974854,3,-5.3
PH20_RAW_00369,S23T;E32V;K131R;H194D;M311F;D321K;E325K;A372T;A413E;T418V,1.9487574731650168,0.0034607768058776854,-0.003766477108001709,0.23924419687499957,0.10507346484374924,0.001261436939239502,17.02500001192093,-6.585291001945734,5.907423496246338,3,-5.3
PH20_RAW_00370,S23T;E32V;K131R;H194D;M311I;D321K;E325K;A372T;A413E;A420S,1.9466473833895972,0.003732609748840332,-0.003766477108001709,0.21499647421874962,0.07274316796874913,0.0010757088661193849,16.81250001192093,-5.482458997517824,4.426791429519653,3,-5.3
PH20_RAW_00371,S23T;E32V;K131R;H194D;I310L;D321K;E325K;Q394T;A413E;T418S,1.946127663293599,0.003802192211151123,-0.0026979446411132812,0.20206435546874985,0.07274316796874958,0.0016142368316650391,17.712500035762787,-7.5510915368795395,4.1113481521606445,3,-5.3
PH20_RAW_00372,S23T;E32V;K131R;H194D;M311F;M314R;D321K;Q350R;A413E;D419E,1.9455804193076236,0.0038117527961730956,-0.002908945083618164,0.22146253359374973,0.11315603906249683,0.0015471935272216796,17.212500143051148,-12.305384006351233,6.614933729171753,3,-5.3
PH20_RAW_00373,S23T;E32V;H194D;M311F;M314R;E325K;Q394T;A413E;V415I;D419E,1.9454195897301756,0.003732001781463623,-0.003529071807861328,0.20853041484374976,0.11315603906249949,0.0016983628273010253,17.62500016987324,-11.182202085852623,2.8595995903015137,2,-5.3
PH20_RAW_00374,S23T;E32I;K131R;H194D;V238L;M311F;D321K;E325K;A413E;D417E,1.9451661203751198,0.003771185874938965,-0.002908945083618164,0.2182295039062499,0.10507346484374969,0.001014876365661621,16.800000047683717,-9.030738953500986,4.2711451053619385,3,-5.7
PH20_RAW_00375,S23T;E32V;K131R;H194D;D321K;E325K;A372T;A413E;D417E;A420S,1.9441004671395998,0.003904688358306885,-0.0033509135246276855,0.20206435546874965,0.07274316796874913,0.00154646635055542,16.97500001192093,-7.849108420312405,4.459712505340576,3,-5.3
PH20_RAW_00376,S23T;E32T;K131R;H194D;M311F;M314R;D321K;A372T;A413E;A420K,1.9440719520744996,0.004501760005950928,-0.002935349941253662,0.2036808703124998,0.08082574218749672,0.0020714044570922852,18.037500071525574,-17.642889585345984,1.9377124309539795,3,-5.3
PH20_RAW_00377,E32I;K131R;H194D;I310L;D321K;E325K;A372E;Q394T;V415I;A420S,1.943288208774007,0.003856551647186279,-0.0031135082244873047,0.20368087031249987,0.06466059374999933,0.0019974470138549804,18.337499958276748,-9.440876625478268,5.226377725601196,3,0.0
PH20_RAW_00378,E32V;K131R;H194D;V238L;M314R;D321K;E325K;A372E;A413E;A420T,1.942085698716016,0.003661620616912842,-0.0033245086669921875,0.2085304148437496,0.07274316796874913,0.0016042709350585938,19.45000006556511,-9.839275877922773,5.494009971618652,3,-5.7
PH20_RAW_00379,S23T;E32V;K131R;H194D;V238L;D321K;E325K;A372E;V415I;A420T,1.941714262029713,0.003413832187652588,-0.0033245086669921875,0.21499647421874962,0.08890831640624963,0.0018941640853881836,16.950000011920928,-4.498466357588768,7.30345606803894,3,-0.40000000000000036
PH20_RAW_00380,S23T;E32V;H194D;M311I;D321K;E325K;A372T;A413E;D417E;A420S,1.941525955092802,0.0040091872215271,-0.003766477108001709,0.20529738515624957,0.07274316796874913,0.0010734200477600098,17.63750002384186,-9.787476737052202,2.5649771690368652,3,-5.3
PH20_RAW_00381,S23T;E32V;K131R;H194D;M311F;M314R;D321K;A413E;V415I;A420T,1.9414347639288008,0.003669333457946777,-0.0033245086669921875,0.23116162265624957,0.09699089062499944,0.001959371566772461,16.76250014305115,-10.419510882347822,7.457476615905762,2,-5.3
PH20_RAW_00382,S23T;E32V;K131R;H194D;M311I;D321K;E325K;Q394T;A413E;D419E,1.9410188530885086,0.0038140058517456056,-0.0031135082244873047,0.21014692968749965,0.08082574218749938,0.0013643145561218263,16.862500059604645,-6.955626901239157,3.1478915214538574,3,-5.3
PH20_RAW_00383,S23T;E32V;K131R;H194D;M311L;M314R;E325K;E393Q;A413E;V415I,1.9406836040665116,0.0032938838005065916,-0.0033245086669921875,0.2004478406249998,0.08890831640624963,0.0014835596084594727,16.212500098347665,-0.10858378931879997,5.378171920776367,3,-5.3
PH20_RAW_00384,E32V;K131R;Q144N;H194D;M311F;D321K;E325K;Q394T;A413E;V415I,1.9401822120557701,0.00405656099319458,-0.0031135082244873047,0.21337995937499973,0.08890831640624963,0.0017024993896484375,18.26250004172325,-14.1343960352242,4.004252672195435,3,-5.3
PH20_RAW_00385,S23T;E32V;K131R;H194D;M311I;M314R;D321K;A372E;E393K;A413E,1.9397949965169958,0.0036447882652282716,-0.0033245086669921875,0.20206435546874965,0.08082574218749672,0.0011636972427368163,19.175000047683717,-9.744723904877901,5.694838047027588,3,-5.3
PH20_RAW_00386,S23T;E32T;K131R;H194D;M311F;M314R;D321K;A413E;D417E;A420T,1.9391437537397724,0.00426793098449707,-0.0024933815002441406,0.20206435546874965,0.08890831640624919,0.0024434685707092284,17.78750011920929,-16.81931110844016,3.0490775108337402,2,-5.3
PH20_RAW_00387,S23T;E32I;H194D;M311F;D321K;E325K;A372E;Q394T;A413E;D419E,1.938414023542909,0.0038225650787353516,-0.003529071807861328,0.21337995937499982,0.10507346484374969,0.0014944911003112794,19.77500001192093,-15.528931453824043,1.694662094116211,2,-5.3
PH20_RAW_00388,S23T;E32V;K131R;H194D;V238L;M311F;M314R;D321K;D417E;D419E,1.93830815764475,0.0038019418716430664,-0.002908945083618164,0.21984601874999984,0.09699089062499944,0.0015063524246215821,17.13750014305115,-11.199873868376017,7.424516201019287,3,-0.40000000000000036
PH20_RAW_00389,S23T;E32T;K131R;H194D;M311F;M314R;D321K;A372E;Q394T;V415I,1.9381848249851363,0.004040658473968506,-0.0026979446411132812,0.21176344453124987,0.10507346484374969,0.002426767349243164,19.412500071525574,-18.768576942384243,3.5557985305786133,2,0.0
PH20_RAW_00390,S23T;E32V;H194D;V238L;I310L;D321K;E325K;A372E;Q394T;A420T,1.9381443432995236,0.003201425075531006,-0.003529071807861328,0.20529738515624976,0.08890831640624963,0.0018700838088989257,19.6625,-6.0688538290560246,6.706681251525879,3,-0.40000000000000036
PH20_RAW_00391,E32V;K131R;Q144N;H194D;M311F;D321K;E325K;Q394T;A413E;D419E,1.9375424850482499,0.004123902320861817,-0.0031135082244873047,0.20529738515624976,0.08082574218749938,0.0017252922058105468,18.712500041723253,-14.680193535983562,3.377077579498291,3,-5.3
PH20_RAW_00392,S23T;E32T;K131R;H194D;M311F;M314R;E325K;Q394T;V415I;D419E,1.9365483345805943,0.003986680507659912,-0.0026979446411132812,0.2069138999999999,0.11315603906249949,0.0023599982261657713,17.15000013411045,-12.495975319296122,2.053244113922119,3,0.0
PH20_RAW_00393,S23T;E32V;K131R;H194D;M311F;D321K;A372T;E393K;A413E;D419E,1.9362577511534955,0.003959870338439942,-0.003766477108001709,0.20853041484374968,0.10507346484374658,0.0015471935272216796,16.637499976158143,-11.934079013764858,5.37335467338562,3,-5.3
PH20_RAW_00394,S23T;E32V;K131R;H194D;M311F;M314R;D321K;Q394T;A413E;A420S,1.9358723419104442,0.0037904977798461914,-0.0031135082244873047,0.2182295039062499,0.09699089062499944,0.0017022252082824706,18.287500143051147,-13.784655969589949,5.681337356567383,2,-5.3
PH20_RAW_00395,S23T;E32V;H194D;M311I;D321K;E325K;Q394T;A413E;D417E;D419E,1.935210034941097,0.004090583324432373,-0.0031135082244873047,0.2004478406249996,0.08082574218749938,0.0013620257377624512,17.687500071525573,-11.291889633983374,1.2860772609710693,3,-5.3
PH20_RAW_00396,S23T;E32V;Q144N;H194D;M311F;M314R;D321K;E393Q;A413E;T418S,1.934971675273261,0.003945076465606689,-0.0033245086669921875,0.20044784062499996,0.07274316796875002,0.0010248541831970215,20.30000009536743,-15.059860847890377,5.18464994430542,3,-5.3
PH20_RAW_00397,E32V;K131R;H194D;M311F;M314R;D321K;A372S;E393Q;A413E;V415I,1.9344226569381082,0.004212534427642823,-0.0033245086669921875,0.20853041484374968,0.07274316796874958,0.001437985897064209,17.00000006556511,-13.679549656808376,6.498779296875,3,-5.3
PH20_RAW_00398,S23T;E32I;K131R;H194D;I310L;D321K;E325K;Q350R;A372E;A413E,1.9331768484686223,0.003343808650970459,-0.002908945083618164,0.2004478406249998,0.08890831640624963,0.0014062166213989259,18.28749997615814,-5.243698053061962,6.150205612182617,3,-5.3
PH20_RAW_00399,S23T;E32V;K131R;H194D;V238L;M311F;D321K;Q350R;V415I;A420S,1.9313500025054877,0.0038506150245666503,-0.002908945083618164,0.21499647421874987,0.12123861328124974,0.0016367435455322266,14.537500071525574,-9.634155206382275,7.723227024078369,3,-0.40000000000000036
PH20_RAW_00400,S23T;E32V;H194D;V238L;M311I;D321K;E325K;Q394T;A413E;T418V,1.9313176390185893,0.0036039829254150392,-0.003529071807861328,0.2069138999999997,0.08890831640624963,0.000813746452331543,16.937500071525573,-5.45958211645484,3.6944572925567627,3,-5.7
PH20_RAW_00401,S23T;E32I;K131R;H194D;M314R;D321K;A372E;E393Q;V415I;A420S,1.9309959269973416,0.00358504056930542,-0.0033245086669921875,0.20368087031249998,0.06466059374999977,0.0015201330184936523,18.412500023841858,-7.6134007051587105,7.965228796005249,3,0.0
PH20_RAW_00402,S23T;E32I;K131R;H194D;I310L;D321K;E325K;A372E;A413E;A420T,1.9306795710932594,0.0032687306404113768,-0.0033245086669921875,0.20206435546874965,0.06466059374999933,0.0018411874771118164,18.28749997615814,-3.7087085656821728,6.365573406219482,2,-5.3
PH20_RAW_00403,S23T;E32V;H194D;M311F;M314R;D321K;A372E;Q394T;V415I;D419E,1.930669795903403,0.0037859797477722166,-0.003529071807861328,0.22307904843749976,0.10507346484374969,0.0019631743431091308,19.66250010728836,-17.312541227787733,5.475208282470703,2,0.0
PH20_RAW_00404,S23T;E32V;K131R;Q144N;H194D;M311F;D321K;A372E;E393Q;V415I,1.929871736635229,0.0034967541694641115,-0.0033245086669921875,0.2004478406249998,0.08082574218749983,0.00175323486328125,18.549999964237212,-9.400699559599161,7.839141607284546,2,0.0
PH20_RAW_00405,S23T;E32V;H194D;I310L;M314R;D321K;Q350R;A372T;A413E;V415I,1.9297310420500413,0.0035779118537902833,-0.003766477108001709,0.2036808703124997,0.08890831640624963,0.001409757137298584,17.725000083446503,-8.616998054087162,8.19408392906189,3,-5.3
PH20_RAW_00406,S23T;E32V;K131R;H194D;M311F;D321K;A372T;E393Q;A413E;D419E,1.929093891581252,0.0037497282028198242,-0.003766477108001709,0.20529738515624968,0.08890831640624919,0.0014858603477478026,16.662499964237213,-9.255770482122898,5.4790260791778564,2,-5.3
PH20_RAW_00407,E32V;K131R;H194D;I310L;D321K;E325K;A372T;Q394T;A413E;V415I,1.9285171733816793,0.0038050055503845216,-0.003555476665496826,0.20691389999999962,0.07274316796874913,0.001762831211090088,17.337499970197676,-8.2904541939497,4.959955215454102,3,-5.3
PH20_RAW_00408,S23T;E32I;K131R;H194D;V238L;M311F;M314R;D321K;A413E;D419E,1.9285133094025366,0.0037702441215515135,-0.0033245086669921875,0.21014692968749998,0.08890831640624963,0.0011028647422790527,16.812500131130218,-10.383915953338146,6.414344787597656,2,-5.7
PH20_RAW_00409,S23T;E32V;K131R;H194D;I310L;M314R;D321K;Q350R;A372E;D419E,1.9284457628077198,0.0033745646476745607,-0.002908945083618164,0.20206435546874973,0.08082574218749672,0.0018976926803588867,18.625000071525573,-7.31615673750639,9.303576707839966,3,0.0
PH20_RAW_00410,S23T;E32I;H194D;M311L;D321K;E325K;Q394T;A413E;V415I;D419E,1.92665335990041,0.003972101211547852,-0.003529071807861328,0.2069138999999999,0.08890831640625008,0.0016045451164245605,16.412500059604646,-9.287734735757113,2.469177007675171,3,-5.3
PH20_RAW_00411,S23T;E32I;H194D;M314R;D321K;E325K;A372E;Q394T;A413E;D419E,1.9265414693306033,0.0036736726760864258,-0.003529071807861328,0.2069138999999999,0.08082574218749983,0.0013169407844543456,20.975000083446503,-13.11665616557002,3.2872672080993652,3,-5.3
PH20_RAW_00412,S23T;E32V;H194D;M311I;M314R;D321K;Q394T;A413E;V415I;D419E,1.926535658184668,0.0040223002433776855,-0.003529071807861328,0.2004478406249997,0.07274316796874958,0.0014272212982177734,17.250000154972078,-11.856600623577833,4.056452035903931,2,-5.3
PH20_RAW_00413,E32I;Q144N;H194D;M311F;M314R;D321K;E325K;A372E;A413E;T418V,1.9259965526764617,0.0037004709243774413,-0.003740072250366211,0.2182295039062498,0.07274316796874958,0.001031184196472168,21.68750006556511,-15.081810645759106,4.699161529541016,3,-5.3
PH20_RAW_00414,E32V;K131R;Q144N;H194D;M311F;D321K;E325K;A372S;A413E;V415I,1.9257665891137117,0.004247510433197021,-0.0033245086669921875,0.20206435546874965,0.06466059374999977,0.0015262484550476075,16.900000041723253,-12.936389714479446,5.456261396408081,3,-5.3
PH20_RAW_00415,S23T;E32T;H194D;V238L;M311F;M314R;D321K;Q394T;V415I;A420T,1.9256493236298249,0.00410158634185791,-0.0031135082244873047,0.21337995937499993,0.11315603906249994,0.002244126796722412,18.16250013113022,-17.558065604418516,4.120243310928345,3,-0.40000000000000036
PH20_RAW_00416,E32V;Q144N;H194D;V238L;M311F;D321K;E325K;Q394T;A413E;T418V,1.9251892855714547,0.00391387939453125,-0.003529071807861328,0.20206435546874985,0.08890831640624963,0.0011747241020202636,18.78750005364418,-13.304693542420864,3.9236433506011963,3,-5.7
PH20_RAW_00417,S23T;E32V;K131R;Q144N;H194D;M311F;M314R;D321K;A413E;A420K,1.9247444289295828,0.0039212703704833984,-0.002908945083618164,0.20529738515624985,0.07274316796874958,0.0016370296478271484,18.525000143051148,-12.664492201060057,6.13468074798584,3,-5.3
PH20_RAW_00418,S23T;E32V;K131R;H194D;I310L;M314R;E325K;Q394T;V415I;A420S,1.9247271800434576,0.0032319903373718263,-0.0031135082244873047,0.20206435546874993,0.08082574218749938,0.001963162422180176,16.98750013411045,-1.7503814846277237,7.494601011276245,3,0.0
PH20_RAW_00419,S23T;E32I;Q144N;H194D;M314R;D321K;E325K;A372E;A413E;T418V,1.9245804724276276,0.003371131420135498,-0.003740072250366211,0.20044784062499987,0.05657801953124997,0.0009682774543762207,21.0625000834465,-8.149451572448015,6.360983371734619,3,-5.3
PH20_RAW_00420,S23T;E32V;H194D;I310L;M314R;D321K;A372T;A413E;V415I;A420T,1.9241837203765064,0.0035028338432312013,-0.004182040691375732,0.20529738515624957,0.06466059374999933,0.0018447279930114747,17.725000083446503,-7.220646943897009,8.409451723098755,2,-5.3
PH20_RAW_00421,E32T;K131R;H194D;V238L;M311F;M314R;D321K;A372E;V415I;A420T,1.9241342129262453,0.0042734861373901365,-0.002908945083618164,0.2036808703124997,0.08890831640624919,0.002506363391876221,18.16250005364418,-18.760370392352343,4.003609895706177,2,-0.40000000000000036
PH20_RAW_00422,S23T;E32V;H194D;V238L;M311L;M314R;D321K;A372E;E393Q;T418V,1.9241331239936132,0.0032051801681518555,-0.003740072250366211,0.20368087031249987,0.08082574218749983,0.0012205958366394043,18.775000047683715,-4.809573154896498,7.913171291351318,3,-0.40000000000000036
PH20_RAW_00423,E32V;K131R;H194D;M311F;M314R;D321K;Q394T;A413E;V415I;D419E,1.9241304396377858,0.004247140884399414,-0.0031135082244873047,0.2149964742187497,0.08890831640624919,0.0019631743431091308,17.212500125169754,-17.141310054808855,4.289365530014038,2,-5.3
PH20_RAW_00424,S23T;E32V;K131R;H194D;I310L;M314R;D321K;A372E;V415I;A420T,1.9236951329206118,0.0032321453094482423,-0.0033245086669921875,0.2117634445312496,0.06466059374999933,0.002309870719909668,18.175000071525574,-5.457782454788685,10.146119594573975,2,0.0
PH20_RAW_00425,S23T;E32V;K131R;H194D;I310L;M314R;D321K;A372E;E393Q;T418S,1.9222646717533671,0.003422832489013672,-0.002908945083618164,0.20044784062499987,0.056578019531249524,0.0015503287315368653,19.825000011920928,-7.478208035230637,7.877020359039307,3,0.0
PH20_RAW_00426,S23T;E32I;K131R;H194D;M311I;D321K;E325K;A372E;V415I;A420S,1.9220810063164844,0.0036394596099853516,-0.0033245086669921875,0.21984601874999976,0.07274316796874958,0.0013103246688842773,17.0875,-6.312183253467083,5.031702995300293,3,0.0
PH20_RAW_00427,S23T;E32I;K131R;H194D;D321K;E325K;Q394T;A413E;V415I;D419E,1.922014878143744,0.0038870453834533693,-0.0031135082244873047,0.20529738515624985,0.08082574218749983,0.0016068339347839356,16.025000047683715,-7.496242664754391,3.9108705520629883,3,-5.3
PH20_RAW_00428,S23T;E32I;Q144N;H194D;M311I;D321K;E325K;A372E;V415I;A420S,1.9210506960183593,0.003724515438079834,-0.003740072250366211,0.20044784062499987,0.05657801953124997,0.0011353492736816406,18.97500001192093,-8.750184129923582,5.027975559234619,3,0.0
PH20_RAW_00429,S23T;E32V;K131R;H194D;M311I;D321K;E325K;A372E;A413E;D417E,1.920639206105588,0.003661143779754639,-0.002908945083618164,0.20206435546874948,0.07274316796874913,0.0013633131980895995,18.03750001192093,-8.155942521989346,2.899904727935791,2,-5.3
PH20_RAW_00430,E32V;Q144N;H194D;M311F;M314R;D321K;A372T;E393Q;A413E;V415I,1.9205848119749585,0.003947889804840088,-0.004182040691375732,0.20529738515624976,0.07274316796874958,0.0011734485626220704,19.925000029802323,-15.652695022523403,6.033257007598877,3,-5.3
PH20_RAW_00431,S23T;E32I;H194D;M311F;M314R;D321K;Q350R;A413E;V415I;D419E,1.9203102599909327,0.003989291191101074,-0.0033245086669921875,0.21984601874999984,0.11315603906249994,0.001316666603088379,17.037500143051147,-14.952171374112368,5.483177423477173,3,-5.3
PH20_RAW_00432,E32I;K131R;H194D;M311F;D321K;E325K;Q394T;A413E;V415I;D419E,1.9195269469046174,0.004216384887695312,-0.0031135082244873047,0.22307904843749976,0.09699089062499944,0.0016697406768798827,16.65000002980232,-14.606056805700064,2.2490487098693848,3,-5.3
PH20_RAW_00433,S23T;E32V;K131R;H194D;M311L;D321K;E325K;A372E;D417E;D419E,1.9186785051800717,0.003641700744628906,-0.002908945083618164,0.21014692968749965,0.08082574218749938,0.0020321130752563475,17.53750001192093,-7.538958817720413,4.46600079536438,3,0.0
PH20_RAW_00434,S23T;E32I;K131R;V238L;M311F;M314R;D321K;A413E;V415I;A420S,1.9183420931284638,0.004716837406158447,-0.003740072250366211,0.20044784062500015,0.06466059374999977,0.000826716423034668,11.950000098347664,-10.694891232997179,5.841886520385742,3,-5.7
PH20_RAW_00435,S23T;E32V;K131R;Q144N;H194D;M311F;D321K;E325K;Q394T;A413E,1.9176680480061028,0.0035225629806518556,-0.0031135082244873047,0.21661298906249984,0.09699089062499988,0.0014643430709838866,19.062500059604645,-10.651883404701948,5.107538461685181,3,-5.3
PH20_RAW_00436,S23T;E32V;K131R;H194D;I310L;M314R;D321K;Q394T;A413E;T418V,1.9170317672451338,0.0033177971839904786,-0.0031135082244873047,0.2004478406249998,0.06466059374999933,0.0017024993896484375,17.50000011920929,-4.427859656512737,8.431856155395508,2,-5.3
PH20_RAW_00437,S23T;E32I;K131R;H194D;V238L;M311F;M314R;D321K;V415I;D419E,1.9169476181817793,0.0037029027938842774,-0.0033245086669921875,0.22792859296875,0.09699089062499988,0.0012781143188476563,16.137500131130217,-9.596725698560476,8.154574155807495,3,-0.40000000000000036
PH20_RAW_00438,E32V;K131R;H194D;V238L;M311F;M314R;E325K;E393Q;A413E;T418V,1.9168247540502097,0.003395485877990723,-0.0033245086669921875,0.20529738515624976,0.096990890624999,0.0010209798812866211,16.97500008046627,-4.6762720271945,5.077434301376343,3,-5.7
PH20_RAW_00439,E32I;Q144N;H194D;M311F;D321K;E325K;Q394T;A413E;V415I;D419E,1.9167091612589735,0.004301440715789795,-0.003529071807861328,0.20368087031249987,0.08082574218749983,0.001494765281677246,18.537500041723252,-17.12530656158924,2.245321273803711,3,-5.3
PH20_RAW_00440,S23T;E32T;K131R;H194D;M311F;M314R;E325K;A372T;A413E;V415I,1.916552773374854,0.0038279294967651367,-0.0033509135246276855,0.20206435546874973,0.10507346484374924,0.0018961429595947266,17.050000086426735,-11.391679961234331,1.930403709411621,2,-5.3
PH20_RAW_00441,S23T;E32V;Q144N;H194D;V238L;M311F;D321K;E393Q;V415I;A420T,1.9154790956925158,0.0035576820373535156,-0.003740072250366211,0.20206435546874985,0.08890831640625008,0.001570594310760498,17.300000023841857,-8.27460365742445,8.403586387634277,3,-0.40000000000000036
PH20_RAW_00442,S23T;E32V;K131R;H194D;M311F;D321K;E325K;Q394T;A413E;D417E,1.914381379804109,0.0037140846252441406,-0.0026979446411132812,0.2263120781249997,0.11315603906249949,0.0016370296478271484,18.000000059604645,-12.48233436793089,3.2494516372680664,3,-5.3
PH20_RAW_00443,S23T;E32V;K131R;H194D;M311F;M314R;D321K;A372S;E393Q;A413E,1.9136837967290778,0.0036785364151000976,-0.0033245086669921875,0.2117634445312498,0.08082574218749983,0.0011998295783996582,17.800000083446502,-10.116341397166252,7.602065086364746,3,-5.3
PH20_RAW_00444,S23T;E32I;Q144N;H194D;V238L;M311F;M314R;D321K;V415I;D419E,1.9130355744661431,0.00378795862197876,-0.003740072250366211,0.20853041484375012,0.08082574218750027,0.0011031389236450194,18.025000143051148,-12.165714457631111,8.150846719741821,3,-0.40000000000000036
PH20_RAW_00445,E32V;K131R;Q144N;H194D;M311I;M314R;D321K;E325K;A372E;A413E,1.9128682076313261,0.003650069236755371,-0.0033245086669921875,0.20368087031249962,0.048495445312499275,0.0010759830474853516,20.925000065565108,-10.872902285307646,4.688774824142456,3,-5.3
PH20_RAW_00446,S23T;E32V;H194D;V238L;M311L;D321K;E325K;A372E;Q394T;V415I,1.9126976900814678,0.0034753561019897463,-0.003529071807861328,0.21176344453124987,0.10507346484375013,0.0016347289085388184,18.13750002384186,-8.823278941214085,4.424112319946289,3,-0.40000000000000036
PH20_RAW_00447,S23T;E32I;K131R;H194D;I310L;D321K;E325K;Q394T;A413E;T418V,1.9122391008135404,0.003287041187286377,-0.0031135082244873047,0.20853041484374985,0.07274316796874958,0.0014090657234191895,16.937500023841856,-1.9012052118778229,6.3915393352508545,3,-5.3
PH20_RAW_00448,S23T;E32V;Q144N;H194D;M311F;D321K;E325K;Q394T;A413E;D417E,1.910721717174823,0.003799140453338623,-0.0031135082244873047,0.20691389999999982,0.09699089062499988,0.0014620542526245118,19.887500071525572,-15.039851259440184,3.2457242012023926,3,-5.3
PH20_RAW_00449,E32T;K131R;H194D;M311F;D321K;E325K;A372E;Q394T;A413E;A420T,1.9105045774609424,0.004252970218658447,-0.0026979446411132812,0.20206435546874957,0.096990890624999,0.0026598334312438964,19.47499997019768,-20.00058887526393,-0.7986297607421875,2,-5.3
PH20_RAW_00450,S23T;E32V;H194D;V238L;M311L;M314R;D321K;Q350R;A413E;V415I,1.9101196480675557,0.0037094235420227053,-0.0033245086669921875,0.20044784062499987,0.10507346484375013,0.0012816548347473144,16.075000154972077,-8.853707738220692,6.472398281097412,3,-5.7
PH20_RAW_00451,S23T;E32V;H194D;M311F;M314R;N322K;A372E;E393K;V415I;A420S,1.9094510957955264,0.0038690447807312013,-0.003740072250366211,0.20044784062499996,0.10507346484374658,0.00210796594619751,18.300000050663947,-14.608477886766195,5.129507303237915,3,-0.3999999999999999
PH20_RAW_00452,S23T;E32V;K131R;Q144N;H194D;M311I;D321K;E325K;A372E;D419E,1.9094039287126645,0.0034696221351623534,-0.0033245086669921875,0.20206435546874965,0.056578019531249524,0.0013886690139770508,18.87500001192093,-6.098486412316561,5.871045827865601,3,0.0
PH20_RAW_00453,S23T;E32V;H194D;D321K;E325K;Q350R;A372E;Q394T;A413E;V415I,1.909314327884733,0.0036766886711120605,-0.0031135082244873047,0.20206435546874965,0.11315603906249994,0.001675570011138916,18.65000002384186,-12.483029011636972,3.194409132003784,3,-5.3
PH20_RAW_00454,S23T;E32I;K131R;H194D;M311L;D321K;E325K;A372E;A413E;D419E,1.9092674750874246,0.0036100029945373537,-0.0033245086669921875,0.2004478406249998,0.07274316796874958,0.0016286253929138183,17.2125,-6.705554623156786,3.455829381942749,2,-5.3
PH20_RAW_00455,E32V;K131R;H194D;V238L;M311F;D321K;E325K;A372E;Q394T;A413E,1.9092434458054406,0.0037869811058044434,-0.0031135082244873047,0.21014692968749973,0.10507346484374924,0.001524674892425537,19.049999994039535,-15.287587743252516,2.463754653930664,2,-5.7
PH20_RAW_00456,S23T;E32V;K131R;Q144N;H194D;D321K;E325K;A372T;A413E;V415I,1.90899527403315,0.0035684704780578613,-0.003766477108001709,0.2004478406249997,0.06466059374999977,0.0013737797737121582,17.31250001192093,-5.654979683458805,6.656288385391235,3,-5.3
PH20_RAW_00457,S23T;E32V;K131R;Q144N;H194D;M311F;M314R;E325K;E393Q;A413E,1.9081543077950087,0.0030892252922058105,-0.0033245086669921875,0.20044784062499987,0.08890831640624963,0.0011356234550476073,19.137500098347665,-4.466867238283157,6.257601976394653,3,-5.3
PH20_RAW_00458,S23T;E32V;K131R;H194D;M311F;M314R;E325K;A372E;V415I;D419E,1.9078530992791656,0.003302562236785889,-0.0033245086669921875,0.21984601874999968,0.10507346484374924,0.0018976926803588867,17.750000110268594,-8.204418737441301,5.586481332778931,2,0.0
PH20_RAW_00459,S23T;E32I;H194D;M311F;M314R;D321K;E325K;A372E;Q394T;A413E,1.9072027462119125,0.003401672840118408,-0.003529071807861328,0.2360111671874999,0.11315603906249994,0.0011188983917236328,21.950000083446504,-16.06072175875306,3.3559062480926514,3,-5.3
PH20_RAW_00460,E32V;K131R;H194D;M311I;M314R;D321K;E325K;A372E;A413E;D417E,1.9070530000101586,0.003841590881347656,-0.002908945083618164,0.21337995937499948,0.06466059374999888,0.0012486696243286133,19.862500065565108,-12.81828685849905,2.830687999725342,3,-5.3
PH20_RAW_00461,S23T;E32V;H194D;V238L;D321K;E325K;A372T;Q394T;A413E;V415I,1.9066969058595078,0.0036609888076782225,-0.00397104024887085,0.2036808703124998,0.09699089062499988,0.001171875,17.300000023841857,-8.878782719373703,4.129137992858887,3,-5.7
PH20_RAW_00462,S23T;E32V;K131R;Q144N;H194D;M311F;D321K;E325K;A372S;A413E,1.9066745093955564,0.003713512420654297,-0.0033245086669921875,0.20529738515624976,0.07274316796875002,0.0012880921363830566,17.700000059604644,-9.298327796161175,6.559547185897827,3,-5.3
PH20_RAW_00463,E32V;K131R;H194D;M311F;D321K;E325K;A372T;A413E;D417E;D419E,1.9052287060683961,0.004156672954559326,-0.0033509135246276855,0.21984601874999948,0.08890831640624874,0.0016321659088134766,17.324999994039537,-14.929780539125204,2.509204626083374,3,-5.3
PH20_RAW_00464,S23T;E32V;H194D;V238L;M311F;M314R;D321K;Q350R;A372E;V415I,1.9051035633031623,0.0034925460815429686,-0.0033245086669921875,0.22469556328124982,0.12932118749999644,0.0013468503952026368,18.76250010728836,-14.544580437242985,7.438112735748291,3,-0.40000000000000036
PH20_RAW_00465,S23T;E32V;K131R;H194D;V238L;D321K;E325K;A372E;Q394T;V415I,1.9046867567809933,0.003390300273895264,-0.0031135082244873047,0.21014692968749982,0.09699089062499988,0.0016370177268981933,17.75000001192093,-7.185080122202635,5.8658058643341064,3,-0.40000000000000036
PH20_RAW_00466,S23T;E32V;K131R;H194D;M311F;M314R;D321K;Q394T;A413E;V415I,1.9043752025868648,0.003645801544189453,-0.0031135082244873047,0.2263120781249998,0.10507346484374969,0.0017022252082824706,17.562500143051146,-13.107581742107868,6.019826412200928,2,-5.3
PH20_RAW_00467,S23T;E32V;K131R;H194D;V238L;D321K;E325K;A372E;Q394T;D419E,1.903079024593114,0.0034576416015625,-0.0031135082244873047,0.20206435546874985,0.08890831640624963,0.0016598105430603027,18.200000011920928,-7.683968767523766,5.238630771636963,3,-0.40000000000000036
PH20_RAW_00468,S23T;E32V;K131R;H194D;I310L;D321K;E325K;A372E;Q394T;D417E,1.9016860450605688,0.0032768964767456053,-0.0026979446411132812,0.2069138999999997,0.08082574218749938,0.0019875288009643553,19.41249998807907,-7.2913197465240955,5.938094615936279,3,0.0
PH20_RAW_00469,S23T;E32I;K131R;H194D;M311F;M314R;D321K;A413E;V415I;A420K,1.9007787102554028,0.004013752937316895,-0.002908945083618164,0.22307904843749987,0.08890831640624963,0.0015814781188964843,16.46250013113022,-12.860818222165108,5.006651878356934,3,-5.3
PH20_RAW_00470,S23T;E32V;H194D;V238L;M311I;M314R;D321K;Q350R;A413E;V415I,1.900490695382714,0.0037288665771484375,-0.0033245086669921875,0.20206435546874973,0.09699089062499988,0.0008108973503112793,16.350000154972076,-9.110400296747684,6.0193564891815186,3,-5.7
PH20_RAW_00471,E32V;K131R;H194D;V238L;M314R;D321K;E325K;A372E;Q394T;A413E,1.8998354866725573,0.0036380887031555176,-0.0031135082244873047,0.2036808703124998,0.08082574218749938,0.0013471245765686035,20.25000006556511,-12.763285405933857,4.056359767913818,3,-5.7
PH20_RAW_00472,S23T;E32V;H194D;I310L;D321K;E325K;A372T;Q394T;A413E;D417E,1.899816717115005,0.0035475850105285644,-0.003555476665496826,0.2004478406249997,0.08082574218749938,0.0015223860740661622,18.9625,-9.161362208425999,4.20142674446106,3,-5.3
PH20_RAW_00473,E32V;K131R;H194D;M311I;D321K;E325K;Q350R;A372E;A413E;A420S,1.8994341875731497,0.003957605361938477,-0.002908945083618164,0.2004478406249995,0.08082574218749672,0.0014018535614013672,17.712499994039536,-11.70840798318386,2.5022237300872803,3,-5.3
PH20_RAW_00474,E32V;K131R;H194D;V238L;M311F;M314R;D321K;Q350R;A413E;V415I,1.898496942480668,0.003953707218170166,-0.002908945083618164,0.21661298906249976,0.11315603906249949,0.0013468503952026368,16.312500125169755,-14.376406744122505,6.252269983291626,3,-5.7
PH20_RAW_00475,E32V;K131R;H194D;V238L;M311F;M314R;D321K;Q350R;A413E;A420S,1.8983214921435994,0.0040984034538269045,-0.002908945083618164,0.20853041484374985,0.08890831640624741,0.0013468503952026368,17.037500125169753,-15.023585189133883,5.913780927658081,3,-5.7
PH20_RAW_00476,S23T;E32V;H194D;V238L;M311F;M314R;D321K;A372E;Q394T;A420S,1.8969668721129571,0.003538632392883301,-0.003529071807861328,0.213379959375,0.10507346484374969,0.001524674892425537,20.28750010728836,-16.378235664218664,5.877341270446777,2,-0.40000000000000036
PH20_RAW_00477,S23T;E32I;Q144N;H194D;M311F;D321K;E325K;Q394T;A413E;V415I,1.8959247696689443,0.003700101375579834,-0.003529071807861328,0.21499647421874996,0.09699089062500033,0.001233816146850586,18.887500059604644,-13.138358000665903,3.9757821559906006,3,-5.3
PH20_RAW_00478,S23T;E32V;H194D;V238L;M311F;D321K;A372T;E393K;A413E;T418V,1.8950869842080573,0.003749847412109375,-0.004182040691375732,0.20529738515624976,0.09699089062499677,0.0009966254234313964,16.71249998807907,-10.398909501731396,5.919920444488525,3,-5.7
PH20_RAW_00479,S23T;E32V;H194D;M311V;D321K;E325K;Q394T;A413E;V415I;A420T,1.8943469819623986,0.003912794589996338,-0.003529071807861328,0.20529738515624957,0.08082574218749983,0.0016668319702148437,16.775000071525575,-10.769620425999165,4.555036306381226,3,-5.3
PH20_RAW_00480,S23T;E32I;Q144N;H194D;M311F;D321K;E325K;Q394T;A413E;D419E,1.8927728821217964,0.00376744270324707,-0.003529071807861328,0.20691389999999998,0.08890831640625008,0.0012566089630126954,19.337500059604643,-13.70743552595377,3.348607063293457,3,-5.3
PH20_RAW_00481,E32V;K131R;H194D;V238L;I310L;D321K;E325K;A372T;A413E;A420T,1.8925676995974159,0.0035038352012634276,-0.003766477108001709,0.20206435546874957,0.06466059374999888,0.0016042709350585938,16.887499970197677,-4.771766725927591,6.511052370071411,3,-5.7
PH20_RAW_00482,E32V;K131R;H194D;V238L;M311I;D321K;E325K;Q394T;A413E;V415I,1.8922688842762267,0.003955960273742676,-0.0031135082244873047,0.20529738515624968,0.08082574218749938,0.0011639714241027832,15.962500041723251,-9.10239927470684,2.7852277755737305,3,-5.7
PH20_RAW_00483,S23T;E32V;K131R;H194D;M311F;M314R;D321K;Q394T;V415I;D419E,1.8907022648368732,0.003645801544189453,-0.0031135082244873047,0.23601116718749982,0.10507346484374969,0.0019002676010131836,17.337500143051148,-12.841985329985619,7.132880687713623,3,0.0
PH20_RAW_00484,S23T;E32T;K131R;H194D;M311F;D321K;Q350R;Q394T;V415I;A420S,1.8896973192885511,0.00429307222366333,-0.002282381057739258,0.20206435546874993,0.12123861328124974,0.0025147557258605956,15.762500047683716,-17.301329631358385,3.0231924057006836,3,0.0
PH20_RAW_00485,S23T;E32V;K131R;H194D;I310L;M314R;E325K;Q394T;V415I;D419E,1.889458699265717,0.0031546354293823242,-0.0031135082244873047,0.20206435546874985,0.08082574218749938,0.0019859552383422853,16.71250013411045,-1.6705417782068253,7.2059149742126465,3,0.0
PH20_RAW_00486,S23T;E32V;H194D;I310L;M314R;D321K;A372T;Q394T;A413E;V415I,1.8893437005842535,0.003479301929473877,-0.00397104024887085,0.2004478406249998,0.07274316796874958,0.0015875816345214844,18.525000083446503,-9.807829551398754,6.971801519393921,2,-5.3
PH20_RAW_00487,S23T;E32V;H194D;M311F;E325K;Q350R;A372E;E393Q;V415I;D419E,1.8881416887541336,0.0033922433853149415,-0.0033245086669921875,0.20206435546874965,0.12932118749999644,0.0017224431037902832,17.299999991059302,-8.892806056886911,3.864921808242798,3,0.0
PH20_RAW_00488,S23T;E32I;K131R;H194D;M311I;D321K;E325K;A413E;D417E;A420S,1.8878559476027044,0.0038432002067565916,-0.002908945083618164,0.20529738515624976,0.06466059374999933,0.0010698795318603515,16.262500047683716,-6.965734921395779,3.087331771850586,3,-5.3
PH20_RAW_00489,S23T;E32I;K131R;H194D;V238L;M311F;D321K;E393K;A413E;T418V,1.8863778174810564,0.003583860397338867,-0.0033245086669921875,0.20529738515624993,0.11315603906249949,0.0009930849075317383,15.337500011920929,-7.737831529229879,6.442275047302246,3,-5.7
PH20_RAW_00490,S23T;E32I;H194D;V238L;M311F;D321K;E325K;Q394T;A413E;T418V,1.8861080871108364,0.0034723639488220214,-0.003529071807861328,0.22307904843749995,0.11315603906249994,0.0008810162544250488,17.525000059604643,-9.682203102856874,3.898900270462036,3,-5.7
PH20_RAW_00491,S23T;E32V;Q144N;H194D;M311F;M314R;D321K;Q394T;V415I;D419E,1.884842019464896,0.0037308573722839356,-0.003529071807861328,0.21661298906249993,0.08890831640625008,0.0017252922058105468,19.225000154972076,-15.499528709799051,7.129153251647949,3,0.0
PH20_RAW_00492,S23T;E32T;K131R;H194D;M311F;M314R;D321K;Q394T;D417E;D419E,1.8846434428726373,0.004244399070739746,-0.002282381057739258,0.2069138999999999,0.09699089062499944,0.002384364604949951,18.36250011920929,-19.4130497276783,2.7244815826416016,3,0.0
PH20_RAW_00493,S23T;E32I;H194D;M311F;M314R;D321K;A372S;E393Q;A413E;D419E,1.8838850189463496,0.0039234161376953125,-0.003740072250366211,0.20206435546874993,0.07274316796875002,0.0009920954704284667,18.075000083446504,-13.394784968346357,5.8431336879730225,3,-5.3
PH20_RAW_00494,S23T;E32I;K131R;H194D;I310L;D321K;E325K;A372E;Q394T;V415I,1.8832821641993587,0.0031778573989868163,-0.0031135082244873047,0.21499647421874987,0.08082574218749983,0.0017592906951904297,18.41249997615814,-5.553778003901243,6.668152570724487,3,0.0
PH20_RAW_00495,S23T;E32V;K131R;Q144N;H194D;M311I;M314R;D321K;V415I;A420S,1.882409689921097,0.0036150932312011717,-0.0033245086669921875,0.20529738515624985,0.04849544531249972,0.0013658761978149413,17.212500143051148,-6.963834561407566,8.725964784622192,3,0.0
PH20_RAW_00496,S23T;E32I;K131R;H194D;M311F;M314R;E325K;E393Q;A413E;D419E,1.8820738524335134,0.003249049186706543,-0.0033245086669921875,0.2101469296874999,0.09699089062499944,0.0011028647422790527,17.525000086426736,-5.185127563774586,4.5023980140686035,3,-5.3
PH20_RAW_00497,S23T;E32V;K131R;H194D;V238L;M314R;D321K;Q394T;V415I;A420S,1.8812952660147115,0.003603112697601318,-0.0031135082244873047,0.20529738515625,0.08082574218749983,0.0016370177268981933,16.537500143051147,-8.31247690692544,8.093549728393555,3,-0.40000000000000036
PH20_RAW_00498,S23T;E32I;Q144N;H194D;M311F;D321K;E325K;A372S;A413E;V415I,1.8809375501044185,0.0038910508155822754,-0.003740072250366211,0.20368087031249987,0.07274316796875047,0.0010575652122497559,17.525000059604643,-11.966333344578743,5.427790880203247,3,-5.3
PH20_RAW_00499,S23T;E32I;Q144N;H194D;M311F;M314R;D321K;A372E;V415I;A420S,1.8805175059061983,0.003623652458190918,-0.003740072250366211,0.20853041484375004,0.07274316796875002,0.0014960527420043944,20.125000095367433,-15.50474613532424,7.272735357284546,2,0.0
PH20_RAW_00500,S23T;E32I;H194D;V238L;D321K;E325K;A372E;Q394T;V415I;D419E,1.8804356107388351,0.0036351799964904783,-0.003529071807861328,0.20044784062499996,0.08890831640625008,0.001429283618927002,18.02500001192093,-10.211358614265919,4.106874465942383,3,-0.40000000000000036
PH20_RAW_00501,S23T;E32I;H194D;I310L;D321K;E325K;A372T;Q394T;A413E;D419E,1.8799457149992196,0.003515887260437012,-0.00397104024887085,0.20044784062499987,0.07274316796874958,0.0013169407844543456,18.41249998807907,-7.916317705065012,4.304309606552124,3,-5.3
PH20_RAW_00502,S23T;E32V;K131R;H194D;V238L;M311I;D321K;E325K;A413E;T418S,1.879062309701637,0.003794395923614502,-0.002908945083618164,0.20529738515624976,0.07274316796874958,0.0007495641708374024,16.012500059604644,-6.863534189760685,2.9268345832824707,3,-5.7
PH20_RAW_00503,S23T;E32I;K131R;H194D;I310L;M314R;D321K;A372E;V415I;A420K,1.8782140641791596,0.0035765647888183595,-0.002908945083618164,0.20368087031249987,0.056578019531249524,0.0019319772720336914,17.875000059604645,-8.118408661335707,7.6952948570251465,3,0.0
PH20_RAW_00504,E32I;K131R;H194D;I310L;M314R;D321K;E325K;A372E;Q394T;A413E,1.8777464861414752,0.0034256458282470705,-0.0031135082244873047,0.20853041484374985,0.06466059374999933,0.00146939754486084,20.912500029802324,-11.163092739880085,4.858706474304199,3,-5.3
PH20_RAW_00505,E32I;K131R;H194D;V238L;M314R;D321K;E325K;A372E;A413E;T418V,1.8772959934935505,0.003495371341705322,-0.0033245086669921875,0.20691389999999982,0.06466059374999933,0.0009657025337219238,18.72500005364418,-8.264252088963985,5.3748719692230225,3,-5.7
PH20_RAW_00506,S23T;E32V;K131R;H194D;V238L;M311F;D321K;E325K;A372E;Q394T,1.8768927444065517,0.0031856417655944822,-0.0031135082244873047,0.23116162265624984,0.12123861328124974,0.00146176815032959,19.17500001192093,-10.939286954700947,5.307269811630249,3,-0.40000000000000036
PH20_RAW_00507,S23T;E32I;H194D;V238L;I310L;D321K;E325K;A372E;Q394T;T418V,1.8759159180891893,0.0030351758003234865,-0.003529071807861328,0.20368087031249998,0.08082574218749983,0.001231515407562256,18.93749998807907,-4.377408221364021,6.587543249130249,3,-0.40000000000000036
PH20_RAW_00508,S23T;E32I;K131R;Q144N;H194D;I310L;D321K;E325K;A372E;T418V,1.8749093169520705,0.002942657470703125,-0.0033245086669921875,0.20044784062499987,0.04849544531249972,0.001433420181274414,18.949999976158143,-1.3038310632109642,9.114693641662598,3,0.0
PH20_RAW_00509,S23T;E32V;K131R;H194D;V238L;M311F;M314R;D321K;Q350R;A413E,1.874803980709132,0.0034197092056274412,-0.002908945083618164,0.21984601874999984,0.12123861328124708,0.001108694076538086,17.112500143051147,-10.947475828230381,7.355555772781372,3,-5.7
PH20_RAW_00510,S23T;E32V;H194D;V238L;M311F;M314R;E325K;Q394T;A413E;V415I,1.8746137386236732,0.0033399581909179686,-0.003529071807861328,0.2069138999999999,0.12123861328124974,0.0012598633766174316,17.525000169873238,-9.825630839914083,3.600221633911133,2,-5.7
PH20_RAW_00511,S23T;E32I;K131R;H194D;I310L;M314R;D321K;Q350R;A413E;V415I,1.8746117571589724,0.0034119248390197753,-0.002908945083618164,0.20368087031249987,0.08082574218749983,0.0014062166213989259,16.35000010728836,-5.861132483929396,8.71643853187561,3,-5.3
PH20_RAW_00512,S23T;E32V;K131R;H194D;I310L;M314R;D321K;Q394T;D417E;A420S,1.8741983740937098,0.00348970890045166,-0.0026979446411132812,0.20206435546874993,0.06466059374999933,0.0019875288009643553,18.20000011920929,-8.604906540364027,8.165838479995728,3,0.0
PH20_RAW_00513,S23T;E32V;H194D;V238L;M311F;M314R;E325K;A372S;V415I;A420S,1.8739643637893961,0.003608262538909912,-0.003740072250366211,0.20529738515624993,0.09699089062499988,0.0012588620185852051,16.212500169873238,-8.79774485528469,6.453970670700073,3,-0.40000000000000036
PH20_RAW_00514,E32V;K131R;Q144N;H194D;V238L;M311F;D321K;E325K;A413E;T418S,1.8739214349875652,0.004104292392730713,-0.002908945083618164,0.20044784062499987,0.07274316796874958,0.001110541820526123,17.86250004172325,-14.663760218769312,3.1560206413269043,3,-5.7
PH20_RAW_00515,S23T;E32V;H194D;V238L;M311F;D321K;E325K;A372E;Q394T;D417E,1.8735452929125826,0.00346221923828125,-0.0031135082244873047,0.22146253359374982,0.12123861328124974,0.0014594793319702148,20.000000023841856,-15.163669385015965,3.445455551147461,3,-0.40000000000000036
PH20_RAW_00516,S23T;E32V;K131R;H194D;M311F;M314R;N322K;E393Q;A413E;V415I,1.8728470818086476,0.0034413695335388183,-0.0033245086669921875,0.20044784062499987,0.10507346484374969,0.001808476448059082,15.950000074505805,-7.654796399176121,5.491110801696777,2,-5.699999999999999
PH20_RAW_00517,E32I;K131R;H194D;V238L;M311F;D321K;E325K;A372S;A413E;A420S,1.8705226889790283,0.004159986972808838,-0.0033245086669921875,0.20206435546874993,0.07274316796874958,0.001054990291595459,15.912500029802322,-12.51400452107191,4.1031904220581055,3,-5.7
PH20_RAW_00518,E32V;K131R;H194D;V238L;M311L;D321K;E325K;A372T;A413E;D419E,1.8703175241390662,0.003845107555389404,-0.003766477108001709,0.2004478406249997,0.07274316796874913,0.0013917088508605957,15.812499994039536,-7.806707303971052,3.6013083457946777,3,-5.7
PH20_RAW_00519,S23T;E32I;K131R;H194D;M311L;M314R;D321K;E393Q;A413E;D419E,1.8698785118346422,0.003519904613494873,-0.0033245086669921875,0.20044784062499996,0.06466059374999977,0.001302480697631836,16.875000071525573,-5.736486349254847,6.152292251586914,3,-5.3
PH20_RAW_00520,S23T;E32V;K131R;H194D;V238L;M311F;D321K;A372S;V415I;A420S,1.869209728021881,0.003942954540252686,-0.0033245086669921875,0.20044784062499987,0.08082574218749983,0.001638317108154297,13.975000071525574,-9.960494477301836,7.952953338623047,2,-0.40000000000000036
PH20_RAW_00521,S23T;E32V;K131R;H194D;V238L;M311F;M314R;D321K;A413E;A420T,1.8686441052006872,0.0033446311950683593,-0.0033245086669921875,0.22146253359374973,0.09699089062499944,0.0015436649322509766,17.112500143051147,-9.578968074172735,7.570923566818237,2,-5.7
PH20_RAW_00522,S23T;E32V;K131R;Q144N;H194D;M311F;M314R;D321K;A372E;D419E,1.8685286277282347,0.0033687591552734376,-0.0033245086669921875,0.21014692968749982,0.07274316796874958,0.0017493724822998046,20.02500009536743,-12.86859891191125,8.115805625915527,2,0.0
PH20_RAW_00523,S23T;E32V;K131R;H194D;V238L;M311I;D321K;E325K;Q394T;A413E,1.8684915638125268,0.003421962261199951,-0.0031135082244873047,0.20853041484374976,0.08890831640624963,0.0009258151054382324,16.762500059604644,-5.677302844822407,3.8885135650634766,3,-5.7
PH20_RAW_00524,S23T;E32I;H194D;V238L;M311F;M314R;E325K;A413E;V415I;A420K,1.8681803436738034,0.0037079095840454102,-0.0033245086669921875,0.20368087031249998,0.10507346484374969,0.0011391162872314454,16.425000157952308,-9.707817438989878,2.5870471000671387,3,-5.7
PH20_RAW_00525,S23T;E32V;H194D;M311F;D321K;E325K;A372E;Q394T;V415I;A420T,1.8680192189196339,0.003329610824584961,-0.003529071807861328,0.24247722656249956,0.12123861328124974,0.0021105408668518066,19.40000002384186,-13.889516465365887,4.591470241546631,3,0.0
PH20_RAW_00526,S23T;E32V;H194D;V238L;M311F;M314R;D321K;Q350R;A413E;D417E,1.867671914413756,0.003696286678314209,-0.002908945083618164,0.21014692968749982,0.12123861328124708,0.001106405258178711,17.937500154972078,-15.343886204063892,5.493741512298584,3,-5.7
PH20_RAW_00527,S23T;E32I;H194D;V238L;M314R;D321K;E325K;A372E;A413E;T418S,1.8669591854156253,0.0036540627479553223,-0.0033245086669921875,0.20206435546875,0.07274316796875002,0.0007021903991699218,20.1250000834465,-12.91664256900549,3.0662102699279785,3,-5.7
PH20_RAW_00528,S23T;E32I;K131R;H194D;I310L;M314R;D321K;A413E;V415I;A420T,1.8667121691737927,0.0033368468284606934,-0.0033245086669921875,0.20529738515624976,0.056578019531249524,0.0018411874771118164,16.35000010728836,-4.571702569723129,8.931806325912476,2,-5.3
PH20_RAW_00529,E32V;K131R;H194D;M311I;D321K;E325K;Q350R;A372E;A413E;V415I,1.8657185321382002,0.0038129091262817383,-0.002908945083618164,0.2085304148437494,0.08890831640624919,0.0014018535614013672,16.987499994039535,-11.132175397127867,2.840712785720825,3,-5.3
PH20_RAW_00530,S23T;E32V;H194D;V238L;M311F;M314R;D321K;Q350R;A372E;A413E,1.8651851469685323,0.003559887409210205,-0.0033245086669921875,0.20691389999999982,0.09699089062499677,0.0011716008186340332,19.43750010728836,-15.467618975788355,5.697883367538452,2,-5.7
PH20_RAW_00531,E32V;K131R;Q144N;H194D;V238L;M311F;D321K;E325K;Q394T;A413E,1.8644704388829247,0.003731858730316162,-0.0031135082244873047,0.20368087031249987,0.08890831640624963,0.001286792755126953,18.61250004172325,-13.426631156355143,4.11769962310791,3,-5.7
PH20_RAW_00532,S23T;E32V;H194D;M311F;D321K;Q350R;A372E;E393Q;D417E;A420S,1.8642113155236175,0.0037273168563842773,-0.002908945083618164,0.20206435546874973,0.10507346484374658,0.0017240166664123536,18.78749997615814,-15.486484438180923,4.824845314025879,3,0.0
PH20_RAW_00533,S23T;E32I;K131R;Q144N;H194D;M311L;D321K;E325K;A413E;V415I,1.8640241220828295,0.0034875392913818358,-0.0033245086669921875,0.20206435546874993,0.06466059375000022,0.001367950439453125,16.325000047683716,-4.440167494118214,5.736949443817139,3,-5.3
PH20_RAW_00534,S23T;E32V;K131R;H194D;V238L;M311L;M314R;D321K;A413E;T418V,1.864002272704362,0.003290557861328125,-0.0033245086669921875,0.20206435546874985,0.07274316796874958,0.001308584213256836,15.525000143051148,-3.283295825123787,7.7003843784332275,2,-5.7
PH20_RAW_00535,E32V;K131R;H194D;M311I;D321K;E325K;Q350R;A372E;A413E;D419E,1.8638359195410752,0.0038802504539489748,-0.002908945083618164,0.20044784062499943,0.08082574218749672,0.0014246463775634765,17.437499994039534,-11.643558606505394,2.2135376930236816,3,-5.3
PH20_RAW_00536,S23T;E32I;K131R;H194D;M314R;D321K;E325K;A372E;A413E;D417E,1.8638338450664773,0.0033806324005126952,-0.002908945083618164,0.2117634445312498,0.07274316796874958,0.001253032684326172,19.825000071525572,-9.95370889827609,4.696952819824219,3,-5.3
PH20_RAW_00537,S23T;E32I;K131R;H194D;M311I;M314R;D321K;E393Q;A413E;D419E,1.8629187199926962,0.0035393476486206056,-0.0033245086669921875,0.20206435546874985,0.056578019531249524,0.0008317232131958008,17.150000071525575,-5.871853414922953,5.6992504596710205,3,-5.3
PH20_RAW_00538,S23T;E32V;K131R;H194D;D321K;E325K;A372E;Q394T;A413E;T418V,1.862870771348215,0.0032578229904174803,-0.0031135082244873047,0.20368087031249962,0.08082574218749938,0.0017024993896484375,18.10000001192093,-6.927443515509367,4.4223952293396,2,-5.3
PH20_RAW_00539,S23T;E32V;H194D;M311V;D321K;E325K;A372T;A413E;V415I;A420T,1.862357340571593,0.0037540435791015626,-0.004182040691375732,0.21014692968749946,0.07274316796874958,0.0014010190963745118,16.45000002384186,-9.323416948318481,5.545250177383423,3,-5.3
PH20_RAW_00540,S23T;E32V;K131R;H194D;V238L;M311F;D321K;A372S;E393Q;V415I,1.8620906525232959,0.0036400437355041506,-0.0033245086669921875,0.20529738515624985,0.08890831640625008,0.0013121724128723144,14.85000001192093,-7.460465919226408,8.421672344207764,3,-0.40000000000000036
PH20_RAW_00541,S23T;E32I;K131R;H194D;M311L;D321K;E325K;A413E;D417E;D419E,1.8608622062720432,0.0037464022636413572,-0.002908945083618164,0.2036808703124998,0.07274316796874958,0.001563429832458496,15.712500047683715,-6.690757803618908,3.251687526702881,3,-5.3
PH20_RAW_00542,S23T;E32V;K131R;H194D;D321K;E325K;Q394T;A413E;V415I;A420T,1.8600332395546881,0.0034614324569702147,-0.0031135082244873047,0.21661298906249957,0.08890831640624963,0.0020476341247558593,16.325000059604644,-6.787314530462027,5.067449331283569,3,-5.3
PH20_RAW_00543,E32V;K131R;H194D;V238L;M311F;M314R;E325K;A372E;V415I;D419E,1.8584449908693366,0.003511857986450195,-0.0033245086669921875,0.2069138999999997,0.096990890624999,0.0017201423645019532,17.3000000923872,-10.806916456669569,4.59664249420166,2,-0.40000000000000036
PH20_RAW_00544,E32V;K131R;H194D;M311F;D321K;E325K;Q394T;A413E;V415I;A420T,1.8582176732657416,0.003790771961212158,-0.0031135082244873047,0.2343946523437495,0.10507346484374924,0.0021105408668518066,16.95000004172325,-13.866566628217697,3.405627489089966,3,-5.3
PH20_RAW_00545,S23T;E32T;H194D;V238L;M311F;M314R;D321K;A372T;Q394T;V415I,1.8579405523488806,0.0039193034172058105,-0.003555476665496826,0.213379959375,0.11315603906249994,0.00172116756439209,18.637500083446504,-18.739004284143448,3.672806978225708,3,-0.40000000000000036
PH20_RAW_00546,S23T;E32V;K131R;H194D;V238L;M311F;D321K;A372T;V415I;A420S,1.8576863437188709,0.003593254089355469,-0.003766477108001709,0.21661298906249984,0.09699089062499944,0.0015487551689147949,15.012500023841858,-9.437268495559692,7.491158485412598,2,-0.40000000000000036
PH20_RAW_00547,S23T;E32I;K131R;Q144N;H194D;M311F;D321K;E393Q;V415I;D419E,1.8571390681706452,0.0036014556884765626,-0.0033245086669921875,0.20368087031249998,0.07274316796875002,0.0014825940132141113,16.5,-8.343421760946512,7.737882614135742,3,0.0
PH20_RAW_00548,S23T;E32I;K131R;H194D;I310L;M314R;D321K;Q394T;V415I;A420S,1.8571381819589254,0.003390669822692871,-0.0031135082244873047,0.2101469296875001,0.06466059374999977,0.0017592906951904297,17.20000010728836,-6.8062880374491215,8.895896434783936,3,0.0
PH20_RAW_00549,S23T;E32V;K131R;H194D;V238L;I310L;M314R;D321K;Q350R;A372E,1.8570894637603914,0.0029825210571289063,-0.002908945083618164,0.20044784062499987,0.08890831640624697,0.001459193229675293,18.525000071525575,-5.984605852514505,10.044198751449585,3,-0.40000000000000036
PH20_RAW_00550,S23T;E32V;H194D;M311F;D321K;Q350R;Q394T;A413E;V415I;D419E,1.8569965748882669,0.003961038589477539,-0.0031135082244873047,0.2036808703124997,0.12123861328124974,0.001875913143157959,15.962500083446503,-16.194240272045135,3.5408618450164795,2,-5.3
PH20_RAW_00551,S23T;E32I;K131R;Q144N;H194D;M311I;D321K;E325K;A413E;V415I,1.8569011990038533,0.0035069823265075684,-0.0033245086669921875,0.2036808703124998,0.05657801953124997,0.0008971929550170898,16.600000047683714,-4.582949616014957,5.283907651901245,3,-5.3
PH20_RAW_00552,S23T;E32I;H194D;V238L;M314R;D321K;E325K;A372E;Q394T;A413E,1.8557996438645887,0.0032816290855407714,-0.003529071807861328,0.20529738515625,0.08890831640625008,0.0008784413337707519,20.8750000834465,-11.757174663245678,4.027889251708984,3,-5.7
PH20_RAW_00553,S23T;E32T;K131R;H194D;M311F;M314R;D321K;A372T;D417E;D419E,1.8550644338537343,0.004085648059844971,-0.002935349941253662,0.2117634445312498,0.08890831640624919,0.0021185517311096192,18.037500071525574,-17.857272051274776,3.714695453643799,3,0.0
PH20_RAW_00554,S23T;E32I;H194D;V238L;M311F;D321K;E325K;A372E;Q394T;V415I,1.8549379058200646,0.003363180160522461,-0.003529071807861328,0.22954510781249998,0.12123861328125018,0.001231241226196289,19.00000001192093,-13.435377925634384,4.175513505935669,3,-0.40000000000000036
PH20_RAW_00555,E32T;K131R;H194D;M311F;D321K;E325K;A372T;Q394T;A413E;T418V,1.854668231764462,0.004112529754638672,-0.0031399130821228027,0.21337995937499965,0.096990890624999,0.0019618988037109373,17.79999997019768,-16.992619954049587,0.21755003929138184,3,-5.3
PH20_RAW_00556,S23T;E32V;Q144N;H194D;M311F;M314R;D321K;A372T;V415I;D419E,1.8544503178037806,0.00357210636138916,-0.004182040691375732,0.22146253359374982,0.08082574218749983,0.0014594793319702148,18.90000010728836,-13.980691608041525,8.119367122650146,3,0.0
PH20_RAW_00557,S23T;E32V;K131R;H194D;V238L;M311F;D321K;Q394T;V415I;D419E,1.852583210241665,0.0036746501922607423,-0.0031135082244873047,0.21176344453124987,0.10507346484374969,0.0018373608589172363,15.062500071525573,-10.886554725468159,6.212258577346802,2,-0.40000000000000036
PH20_RAW_00558,S23T;E32V;K131R;H194D;M311L;D321K;E325K;Q350R;A372E;A413E,1.852271996892225,0.0032594680786132814,-0.002908945083618164,0.21014692968749965,0.10507346484374969,0.0016344547271728515,17.512500011920928,-7.418484929949045,4.397040367126465,3,-5.3
PH20_RAW_00559,S23T;E32I;K131R;H194D;M311I;D321K;E325K;A413E;D417E;D419E,1.85174927984567,0.00376584529876709,-0.002908945083618164,0.20529738515624968,0.06466059374999933,0.001092672348022461,15.987500047683715,-6.9239946231245995,2.7986457347869873,3,-5.3
PH20_RAW_00560,S23T;E32T;K131R;H194D;M311F;D321K;Q350R;Q394T;V415I;D419E,1.8508595473960034,0.004215717315673828,-0.002282381057739258,0.20206435546874985,0.12123861328124974,0.002537548542022705,15.487500047683715,-17.383730430155993,2.734506368637085,3,0.0
PH20_RAW_00561,E32V;K131R;H194D;D321K;E325K;A372T;Q394T;A413E;V415I;A420S,1.8506976898579743,0.0039578437805175785,-0.003555476665496826,0.20529738515624968,0.07274316796874913,0.001762831211090088,16.724999994039536,-11.929571058601141,3.1782381534576416,3,-5.3
PH20_RAW_00562,S23T;E32I;H194D;V238L;I310L;D321K;E325K;A372T;A413E;A420T,1.8500640740536227,0.0031473755836486815,-0.004182040691375732,0.2036808703124998,0.07274316796874958,0.0011355876922607422,17.51249998807907,-3.6960097439587116,6.482581853866577,3,-5.7
PH20_RAW_00563,S23T;E32V;K131R;H194D;M311V;D321K;E325K;Q394T;A413E;T418V,1.8499417181878248,0.00356900691986084,-0.0031135082244873047,0.20529738515624968,0.07274316796874958,0.0012587904930114746,16.225000059604646,-6.76988735422492,5.567654609680176,3,-5.3
PH20_RAW_00564,S23T;E32V;K131R;H194D;I310L;M314R;E325K;A372T;V415I;D419E,1.8490695195963314,0.0029958844184875487,-0.003766477108001709,0.2069138999999997,0.07274316796874913,0.0017201423645019532,16.387500086426734,-0.6061354950070381,8.196128845214844,3,0.0
PH20_RAW_00565,S23T;E32V;K131R;H194D;M314R;D321K;Q350R;A372E;V415I;A420S,1.8489757035380925,0.0034600615501403807,-0.002908945083618164,0.20853041484374976,0.08890831640624963,0.0018748998641967773,17.562500095367433,-10.604489862918854,8.14903473854065,3,0.0
PH20_RAW_00566,S23T;E32V;H194D;V238L;M311F;D321K;Q350R;E393Q;A413E;A420T,1.8487033990642754,0.003434312343597412,-0.0033245086669921875,0.2036808703124997,0.12123861328124708,0.001368415355682373,16.662500023841858,-10.277777921408415,5.8493640422821045,3,-5.7
PH20_RAW_00567,E32V;K131R;H194D;V238L;M311F;M314R;D321K;A372T;E393Q;A413E,1.8486969341622643,0.0035381317138671875,-0.003766477108001709,0.2149964742187498,0.08890831640624919,0.0009327173233032226,18.387500017881393,-12.379948128014803,6.150431394577026,3,-5.7
PH20_RAW_00568,E32V;K131R;H194D;M311F;M314R;D321K;Q350R;A372E;V415I;A420S,1.8472231820355938,0.003789401054382324,-0.002908945083618164,0.2263120781249997,0.10507346484374658,0.0019378066062927246,18.18750007748604,-17.680876288563013,6.487212896347046,3,0.0
PH20_RAW_00569,S23T;E32I;K131R;H194D;M311L;M314R;D321K;A413E;V415I;D419E,1.8471500504228247,0.00367811918258667,-0.0033245086669921875,0.20368087031249987,0.06466059374999977,0.0016286253929138183,15.275000131130218,-7.48445875197649,6.022062301635742,2,-5.3
PH20_RAW_00570,S23T;E32V;K131R;H194D;V238L;M314R;D321K;Q394T;V415I;D419E,1.8467505453649924,0.0035257577896118165,-0.0031135082244873047,0.20529738515624993,0.08082574218749983,0.0016598105430603027,16.26250014305115,-8.199739012867212,7.804863691329956,3,-0.40000000000000036
PH20_RAW_00571,E32V;K131R;H194D;M314R;D321K;E325K;A372E;Q394T;A413E;T418V,1.8464202773995448,0.003438270092010498,-0.0031135082244873047,0.21499647421874962,0.07274316796874913,0.0015878558158874511,19.925000065565108,-11.719982754439116,4.35317850112915,3,-5.3
PH20_RAW_00572,E32I;K131R;H194D;V238L;M311F;M314R;E325K;A413E;V415I;A420S,1.8446918404598436,0.0036939144134521484,-0.0033245086669921875,0.20044784062499996,0.08890831640624919,0.001228666305541992,15.750000128149987,-9.638797525316477,3.6710152626037598,2,-5.7
PH20_RAW_00573,E32I;Q144N;H194D;V238L;M311F;D321K;E325K;Q394T;A413E;V415I,1.8444564586605434,0.003909397125244141,-0.003529071807861328,0.20206435546875,0.08890831640625008,0.0010562658309936524,18.43750004172325,-15.834501292556524,2.98594331741333,3,-5.7
PH20_RAW_00574,S23T;E32V;H194D;V238L;M311I;M314R;D321K;Q394T;V415I;D419E,1.8440650919081303,0.003630256652832031,-0.003529071807861328,0.20853041484374985,0.08082574218749983,0.0011867642402648925,16.925000154972075,-10.143150120973587,5.910128355026245,3,-0.40000000000000036
PH20_RAW_00575,S23T;E32I;K131R;H194D;M311F;M314R;D321K;A372E;V415I;D419E,1.8438357133143084,0.0034612417221069336,-0.0033245086669921875,0.22792859296874984,0.08890831640624963,0.0016938209533691405,17.962500083446503,-13.09797928482294,6.987776756286621,2,0.0
PH20_RAW_00576,S23T;E32I;H194D;M311F;M314R;D321K;A372T;A413E;V415I;D419E,1.8434693868202368,0.0037319302558898927,-0.004182040691375732,0.22146253359374982,0.08890831640624963,0.0012286782264709472,17.512500095367432,-14.899703498929739,5.251108884811401,2,-5.3
PH20_RAW_00577,E32V;K131R;Q144N;H194D;M311F;D321K;E325K;Q350R;A372E;A413E,1.8428502787386114,0.0035888075828552244,-0.002908945083618164,0.20691389999999962,0.09699089062499944,0.001524674892425537,19.637499994039537,-15.232307642698288,4.173184633255005,3,-5.3
PH20_RAW_00578,S23T;E32I;H194D;V238L;M311F;M314R;D321K;Q394T;A413E;A420S,1.842713444184239,0.003643333911895752,-0.003529071807861328,0.20691390000000015,0.09699089062499988,0.0010559916496276855,18.462500143051148,-15.368085969239473,4.663028001785278,2,-5.7
PH20_RAW_00579,E32V;K131R;H194D;M311F;D321K;Q350R;A372E;E393K;A413E;V415I,1.8425632645890633,0.00411752462387085,-0.002908945083618164,0.20206435546874957,0.09699089062499633,0.0018505454063415527,17.087499958276748,-17.64266560971737,4.075962066650391,3,-5.3
PH20_RAW_00580,S23T;E32V;K131R;Q144N;H194D;I310L;M314R;D321K;Q394T;V415I,1.8420105923146224,0.003153491020202637,-0.0031135082244873047,0.20044784062499996,0.05657801953124997,0.0018148422241210938,18.53750011920929,-6.278168197721243,10.362414360046387,3,0.0
PH20_RAW_00581,S23T;E32V;H194D;M311F;M314R;E325K;Q394T;A413E;V415I;A420K,1.8415146996203557,0.003650808334350586,-0.0031135082244873047,0.2117634445312498,0.11315603906249949,0.0017612695693969727,17.62500016987324,-12.97218119353056,1.5653536319732666,3,-5.3
PH20_RAW_00582,S23T;E32I;Q144N;H194D;M311F;M314R;D321K;A372E;V415I;D419E,1.8407294700365995,0.003546297550201416,-0.003740072250366211,0.20853041484374996,0.07274316796875002,0.001518845558166504,19.85000009536743,-15.630340751260519,6.984049320220947,2,0.0
PH20_RAW_00583,S23T;E32V;K131R;H194D;I310L;M314R;D321K;Q394T;D417E;D419E,1.8387452042710168,0.0034123539924621584,-0.0026979446411132812,0.20206435546874985,0.06466059374999933,0.0020103216171264648,17.92500011920929,-8.533461790531874,7.877152442932129,3,0.0
PH20_RAW_00584,S23T;E32V;K131R;H194D;M311I;D321K;E325K;A372E;A413E;A420T,1.838501139499333,0.0032038331031799317,-0.0033245086669921875,0.21337995937499937,0.07274316796874913,0.001598668098449707,17.78750001192093,-6.214943788945675,4.1593663692474365,2,-5.3
PH20_RAW_00585,S23T;E32I;K131R;H194D;M311F;M314R;D321K;E393Q;A413E;D417E,1.8380913866027826,0.0034394264221191406,-0.002908945083618164,0.2182295039062499,0.08890831640624963,0.0011044383049011231,18.287500071525574,-11.316281795501709,5.8008105754852295,3,-5.3
PH20_RAW_00586,E32V;K131R;H194D;M311F;D321K;E325K;Q350R;A372E;A413E;D417E,1.8377175855465369,0.00378032922744751,-0.0024933815002441406,0.21661298906249948,0.11315603906249905,0.0016973614692687988,18.574999994039537,-17.14666883274913,2.3150978088378906,3,-5.3
PH20_RAW_00587,E32V;K131R;Q144N;H194D;V238L;M311F;D321K;E325K;A372T;A413E,1.8375080442057574,0.003573107719421387,-0.003766477108001709,0.20853041484374976,0.08082574218749938,0.0010209798812866211,18.287499994039536,-11.751916464418173,5.107913494110107,3,-5.7
PH20_RAW_00588,S23T;E32I;K131R;Q144N;H194D;M311F;M314R;D321K;V415I;A420S,1.8369823438334276,0.0034834742546081543,-0.0033245086669921875,0.22146253359375007,0.07274316796875002,0.0014331459999084473,17.80000013113022,-11.196355283260345,8.930407762527466,3,0.0
PH20_RAW_00589,S23T;E32V;K131R;H194D;V238L;M311F;M314R;D321K;A372S;A420S,1.8368273323011464,0.0035894036293029783,-0.0033245086669921875,0.21499647421874996,0.08082574218749983,0.0012855172157287599,16.600000143051147,-10.971327345818281,8.987022399902344,3,-0.40000000000000036
PH20_RAW_00590,S23T;E32V;H194D;I310L;M314R;D321K;Q350R;Q394T;A413E;T418V,1.836818797935983,0.0032121419906616213,-0.0031135082244873047,0.2004478406249998,0.08890831640624963,0.0015005946159362793,18.075000131130217,-8.120084140449762,7.6141357421875,3,-5.3
PH20_RAW_00591,S23T;E32V;K131R;Q144N;H194D;M311F;M314R;D321K;A413E;D417E,1.8340205214686764,0.0035051584243774416,-0.002908945083618164,0.2036808703124998,0.07274316796874958,0.0014861345291137696,18.750000143051146,-13.109206467866898,6.798609495162964,2,-5.3
PH20_RAW_00592,E32V;K131R;H194D;I310L;M314R;D321K;Q350R;A413E;V415I;A420T,1.8337733427576783,0.003587651252746582,-0.002908945083618164,0.20368087031249954,0.07274316796874913,0.00210796594619751,16.300000101327896,-9.122842337936163,8.142556428909302,3,-5.3
PH20_RAW_00593,S23T;E32I;K131R;H194D;I310L;M314R;D321K;Q394T;A413E;V415I,1.832749932441613,0.003313314914703369,-0.0031135082244873047,0.20044784062499996,0.06466059374999977,0.0015840411186218261,17.15000010728836,-7.118985947221518,7.494156122207642,2,-5.3
PH20_RAW_00594,S23T;E32V;K131R;H194D;M311F;E325K;Q350R;A413E;V415I;D419E,1.8327082641416388,0.003477621078491211,-0.002908945083618164,0.2004478406249996,0.1212386132812493,0.0018104314804077148,14.050000086426735,-7.153009332716465,3.652134895324707,2,-5.3
PH20_RAW_00595,S23T;E32V;H194D;V238L;M311F;M314R;D321K;A372S;D417E;A420S,1.8320373828385041,0.003865981101989746,-0.0033245086669921875,0.20529738515624993,0.08082574218749983,0.0012832283973693848,17.425000154972075,-15.261277865618467,7.125208139419556,3,-0.40000000000000036
PH20_RAW_00596,E32I;K131R;H194D;V238L;M311F;M314R;D321K;A372E;V415I;A420S,1.8306703255084213,0.003747892379760742,-0.0033245086669921875,0.21499647421874996,0.08082574218749938,0.0014934778213500977,17.78750006556511,-15.736033082008362,6.286623954772949,2,-0.40000000000000036
PH20_RAW_00597,S23T;E32I;Q144N;H194D;V238L;M311F;D321K;E325K;A413E;T418S,1.8302485107949384,0.0037478327751159666,-0.0033245086669921875,0.2020643554687501,0.08082574218750027,0.0006418585777282715,18.487500059604645,-13.641153175383806,3.1275501251220703,3,-5.7
PH20_RAW_00598,E32V;K131R;H194D;M311L;D321K;E325K;A372E;Q394T;A413E;V415I,1.8294617313441999,0.0036948561668395997,-0.0031135082244873047,0.20368087031249962,0.08082574218749938,0.0020504355430603026,17.512499994039537,-12.316242154687643,2.07147216796875,2,-5.3
PH20_RAW_00599,S23T;E32V;K131R;H194D;M311F;D321K;Q394T;A413E;D417K;A420T,1.8261840313805493,0.0039128541946411135,-0.0026979446411132812,0.20529738515624957,0.09699089062499944,0.0020502090454101564,16.237500071525574,-14.046315480023623,3.7476394176483154,3,-5.699999999999999
PH20_RAW_00600,S23T;E32V;Q144N;H194D;M311F;M314R;E325K;E393Q;A413E;A420T,1.8256663950185767,0.002908492088317871,-0.003740072250366211,0.20206435546874973,0.08890831640624963,0.0013686895370483398,19.712500110268593,-6.613996148109436,5.655249357223511,3,-5.3
PH20_RAW_00601,S23T;E32V;Q144N;H194D;D321K;E325K;A372T;A413E;V415I;A420T,1.8253656760092964,0.003387737274169922,-0.004182040691375732,0.20206435546874957,0.06466059374999977,0.0016068458557128907,17.88750002384186,-7.854003377258778,6.053935766220093,3,-5.3
PH20_RAW_00602,S23T;E32V;K131R;Q144N;H194D;D321K;E325K;A372E;V415I;A420T,1.8249328241414753,0.003117048740386963,-0.0033245086669921875,0.2085304148437496,0.06466059374999977,0.002071988582611084,18.33750001192093,-6.08860545232892,7.7906036376953125,3,0.0
PH20_RAW_00603,S23T;E32I;H194D;V238L;M311L;D321K;E325K;A372T;A413E;D419E,1.8248679244837158,0.0034886479377746584,-0.004182040691375732,0.20206435546874993,0.08082574218749983,0.0009230256080627441,16.43750001192093,-6.864858236163855,3.5728378295898438,3,-5.7
PH20_RAW_00604,S23T;E32T;H194D;M311F;M314R;D321K;Q350R;A413E;D417E;A420T,1.8248557108298475,0.0041622757911682125,-0.0024933815002441406,0.20206435546874965,0.09699089062499677,0.00224156379699707,18.36250013113022,-20.590843625366688,2.2313570976257324,3,-5.3
PH20_RAW_00605,S23T;E32I;H194D;M311L;D321K;E325K;Q350R;A372E;A413E;D419E,1.8247396449575035,0.003504347801208496,-0.0033245086669921875,0.2004478406249998,0.09699089062499988,0.0014267206192016602,17.78750001192093,-10.59390914440155,2.638108968734741,3,-5.3
PH20_RAW_00606,S23T;E32V;H194D;M311F;M314R;E325K;A372E;Q394T;V415I;A420S,1.8243925342165077,0.003175652027130127,-0.003529071807861328,0.21661298906249984,0.11315603906249949,0.0018508195877075194,19.40000012218952,-13.08225692808628,3.8351645469665527,2,0.0
PH20_RAW_00607,S23T;E32V;H194D;M311F;D321K;E325K;A372T;Q394T;A413E;T418V,1.8243549158194912,0.0032565116882324217,-0.00397104024887085,0.23601116718749965,0.11315603906249949,0.0012373566627502442,18.40000002384186,-11.641176372766495,3.8674206733703613,3,-5.3
PH20_RAW_00608,S23T;E32V;K131R;H194D;M311L;D321K;E325K;Q394T;A413E;T418V,1.8236443719654907,0.0032027006149291993,-0.0031135082244873047,0.2182295039062497,0.08890831640624963,0.0016373038291931153,16.162500059604646,-4.425531964749098,4.638374090194702,3,-5.3
PH20_RAW_00609,S23T;E32V;K131R;H194D;M311V;D321K;E325K;A372E;Q394T;V415I,1.8235906353696483,0.003459823131561279,-0.0031135082244873047,0.21176344453124968,0.08082574218749983,0.0016090154647827148,17.700000011920928,-10.30401224642992,5.844267845153809,3,0.0
PH20_RAW_00610,S23T;E32I;K131R;H194D;V238L;M311F;D321K;E393Q;D417E;A420S,1.8224312180357354,0.003545629978179932,-0.002908945083618164,0.20368087031250007,0.08890831640624963,0.0012167811393737793,16.0625,-9.135851621627808,6.281928777694702,3,-0.40000000000000036
PH20_RAW_00611,S23T;E32I;H194D;V238L;M311F;D321K;A372T;E393Q;V415I;D419E,1.8219449173250695,0.0035352230072021483,-0.004182040691375732,0.21176344453124996,0.09699089062499988,0.001014876365661621,16.162499964237213,-10.162209559231997,6.200946092605591,3,-0.40000000000000036
PH20_RAW_00612,S23T;E32I;Q144N;H194D;V238L;M311F;D321K;E325K;Q394T;A413E,1.8218289823664602,0.003375399112701416,-0.003529071807861328,0.20529738515625012,0.09699089062500033,0.0008181095123291016,19.237500059604645,-12.357139218598604,4.089229106903076,3,-5.7
PH20_RAW_00613,S23T;E32V;H194D;V238L;M311F;M314R;D321K;Q394T;A413E;D417E,1.8216756299624386,0.0035976767539978027,-0.0031135082244873047,0.2069138999999999,0.10507346484374969,0.0012842297554016113,18.737500154972075,-16.789669655263424,4.271459102630615,2,-5.7
PH20_RAW_00614,S23T;E32V;K131R;Q144N;M311F;M314R;D321K;A372E;V415I;D419E,1.821302769253692,0.004237997531890869,-0.003740072250366211,0.20044784062499987,0.04849544531249972,0.0014960169792175293,14.887500062584877,-13.180923640727997,7.254661321640015,3,0.0
PH20_RAW_00615,S23T;E32I;K131R;H194D;D321K;E325K;Q350R;A372E;A413E;V415I,1.821005485359306,0.0033519506454467774,-0.002908945083618164,0.2069138999999997,0.09699089062499988,0.0014062166213989259,16.95,-8.335501611232758,4.706977605819702,3,-5.3
PH20_RAW_00616,S23T;E32V;Q144N;H194D;M311F;D321K;E325K;A372S;A413E;A420T,1.820968099819655,0.0035327792167663572,-0.003740072250366211,0.20691389999999962,0.07274316796875002,0.001521158218383789,18.275000071525575,-11.591752015054226,5.957194566726685,3,-5.3
PH20_RAW_00617,S23T;E32V;K131R;H194D;V238L;M311F;M314R;D321K;Q394T;V415I,1.8208742779958127,0.003253757953643799,-0.0031135082244873047,0.23439465234374995,0.11315603906249994,0.00146176815032959,17.237500143051147,-11.440965708345175,7.873502731323242,3,-0.40000000000000036
PH20_RAW_00618,S23T;E32I;K131R;H194D;I310L;M314R;D321K;Q394T;V415I;D419E,1.820610961232912,0.003313314914703369,-0.0031135082244873047,0.21014692968749998,0.06466059374999977,0.0017820835113525391,16.925000107288362,-6.783663783222437,8.607210397720337,3,0.0
PH20_RAW_00619,S23T;E32V;K131R;Q144N;H194D;M311F;M314R;D321K;D417E;D419E,1.8198204717115438,0.0035051584243774416,-0.002908945083618164,0.21337995937499982,0.07274316796874958,0.0016841769218444824,18.525000143051148,-12.86756969243288,7.911663770675659,3,0.0
PH20_RAW_00620,E32V;K131R;H194D;V238L;M311F;M314R;D321K;A372T;A413E;D419E,1.8192522088490821,0.0037636876106262205,-0.003766477108001709,0.21014692968749973,0.08082574218749894,0.0012816548347473144,17.23750007748604,-14.8590151630342,5.393026351928711,2,-5.7
PH20_RAW_00621,S23T;E32I;H194D;V238L;M311F;D321K;E325K;Q394T;A413E;D417E,1.8191074801610179,0.003566920757293701,-0.0031135082244873047,0.21499647421874996,0.11315603906249994,0.0009907960891723632,18.175000059604645,-14.161900818347931,2.231142282485962,3,-5.7
PH20_RAW_00622,E32I;K131R;H194D;M311F;D321K;E325K;Q350R;A372E;A413E;D419E,1.8188941932368117,0.003748631477355957,-0.002908945083618164,0.21661298906249965,0.10507346484374924,0.0014919161796569825,18.024999982118608,-15.854005701839924,2.417980670928955,3,-5.3
PH20_RAW_00623,E32I;K131R;H194D;V238L;M311F;M314R;D321K;A372E;E393Q;D419E,1.8185893510758173,0.0035123229026794434,-0.0033245086669921875,0.21176344453124996,0.08082574218749938,0.0011901259422302246,19.112500005960463,-13.887355294078588,6.1281678676605225,3,-0.40000000000000036
PH20_RAW_00624,S23T;E32V;K131R;H194D;V238L;I310L;M314R;E325K;Q394T;V415I,1.818393435870549,0.00276259183883667,-0.0031135082244873047,0.20044784062499996,0.08890831640624963,0.0015474557876586914,16.61250013411045,-0.32576199993491173,7.946537017822266,3,-0.40000000000000036
PH20_RAW_00625,S23T;E32V;H194D;M311F;M314R;D321K;Q350R;Q394T;A413E;D419E,1.8182020557258298,0.003607487678527832,-0.0031135082244873047,0.2182295039062498,0.12123861328124663,0.0015231132507324218,18.587500154972076,-17.496533297002316,4.574930906295776,3,-5.3
PH20_RAW_00626,S23T;E32I;H194D;M311V;M314R;D321K;E325K;A372E;A413E;A420T,1.8177122441326277,0.0033746838569641115,-0.003740072250366211,0.21176344453124968,0.06466059374999977,0.0011075854301452637,20.025000083446503,-11.917619548738003,5.4440014362335205,3,-5.3
PH20_RAW_00627,S23T;E32I;K131R;Q144N;H194D;M311F;M314R;D321K;A413E;V415I,1.816942820827117,0.003406119346618652,-0.0033245086669921875,0.21176344453124996,0.07274316796875002,0.0012578964233398438,17.750000131130218,-11.311383806169033,7.528667449951172,2,-5.3
PH20_RAW_00628,S23T;E32V;K131R;H194D;M314R;D321K;Q350R;A372E;V415I;D419E,1.8160583665973271,0.003382706642150879,-0.002908945083618164,0.20853041484374968,0.08890831640624963,0.0018976926803588867,17.28750009536743,-10.417779982089996,7.860348701477051,3,0.0
PH20_RAW_00629,S23T;E32V;K131R;H194D;V238L;M311F;M314R;D321K;Q394T;D419E,1.8158231737967483,0.0033210992813110353,-0.0031135082244873047,0.22631207812499995,0.10507346484374969,0.0014845609664916992,17.687500143051146,-12.09637126326561,7.246327638626099,3,-0.40000000000000036
PH20_RAW_00630,S23T;E32I;K131R;H194D;V238L;D321K;E325K;A372T;A413E;V415I,1.81532707359657,0.0033362507820129395,-0.003766477108001709,0.20853041484374985,0.08082574218749983,0.0009025216102600097,15.6,-4.870391216129065,5.641706466674805,3,-5.7
PH20_RAW_00631,S23T;E32V;K131R;H194D;M311I;D321K;E325K;Q394T;A413E;T418V,1.8153194935680632,0.0032221436500549316,-0.0031135082244873047,0.2198460187499996,0.08082574218749938,0.0011665463447570802,16.437500059604645,-4.622948419302702,4.185332298278809,3,-5.3
PH20_RAW_00632,S23T;E32I;H194D;M311F;D321K;E325K;Q394T;A413E;V415I;A420T,1.8149639566460514,0.003434312343597412,-0.003529071807861328,0.23601116718749973,0.11315603906249994,0.001641857624053955,17.575000059604644,-12.824904695153236,3.377156972885132,3,-5.3
PH20_RAW_00633,E32I;K131R;H194D;V238L;M311F;D321K;E325K;A372T;A413E;V415I,1.8146610393873202,0.003665590286254883,-0.003766477108001709,0.2263120781249998,0.09699089062499944,0.0009654283523559571,16.224999982118607,-11.897391855716705,3.979884624481201,3,-5.7
PH20_RAW_00634,S23T;E32I;K131R;Q144N;H194D;M311F;M314R;D321K;A413E;D419E,1.8143061780023357,0.0034734606742858887,-0.0033245086669921875,0.20368087031249998,0.06466059374999977,0.0012806892395019532,18.200000131130217,-11.857041116803885,6.901492357254028,2,-5.3
PH20_RAW_00635,S23T;E32T;K131R;H194D;V238L;M311I;M314R;D321K;A372T;V415I,1.8142665402756324,0.003726184368133545,-0.0033509135246276855,0.20206435546874985,0.07274316796874958,0.0013845443725585937,16.350000071525574,-10.39497959986329,4.9809324741363525,3,-0.40000000000000036
PH20_RAW_00636,S23T;E32I;H194D;M311F;M314R;E325K;Q350R;A413E;V415I;A420S,1.8141778158947508,0.0033789634704589843,-0.0033245086669921875,0.21337995937499993,0.12123861328124974,0.0012043118476867676,16.77500015795231,-10.71530445665121,3.8431336879730225,3,-5.3
PH20_RAW_00637,E32V;K131R;Q144N;H194D;V238L;M311F;M314R;E325K;V415I;D419E,1.8140530221357545,0.003456735610961914,-0.0033245086669921875,0.20044784062499987,0.08082574218749938,0.0014822602272033692,16.862500140070914,-8.928639952093363,6.250587463378906,3,-0.40000000000000036
PH20_RAW_00638,S23T;E32I;H194D;M311F;D321K;E325K;A372E;Q394T;A413E;T418V,1.813855184833545,0.0032307028770446776,-0.003529071807861328,0.22307904843749976,0.10507346484374969,0.0012967228889465333,19.35000001192093,-13.144411116838455,2.732102870941162,2,-5.3
PH20_RAW_00639,S23T;E32V;K131R;H194D;M311V;M314R;D321K;A413E;V415I;A420T,1.8136824173635826,0.003618812561035156,-0.0033245086669921875,0.20206435546874957,0.056578019531249524,0.0016909122467041015,15.637500143051147,-9.019128765910864,8.107921600341797,2,-5.3
PH20_RAW_00640,S23T;E32V;K131R;H194D;V238L;M311F;M314R;D321K;A372S;A413E,1.8136589819613855,0.0035120487213134766,-0.0033245086669921875,0.20529738515624985,0.08082574218749983,0.0011102676391601563,16.550000143051147,-11.22857529297471,7.58528208732605,2,-5.7
PH20_RAW_00641,S23T;E32V;Q144N;H194D;M311F;M314R;D321K;Q350R;A413E;T418V,1.8130020821058588,0.0033049464225769045,-0.0033245086669921875,0.2117634445312498,0.09699089062499677,0.0011744499206542969,18.675000154972075,-12.676554918289185,7.64864706993103,3,-5.3
PH20_RAW_00642,S23T;E32V;H194D;M314R;D321K;Q350R;A372T;A413E;V415I;D419E,1.8124256073411096,0.003653395175933838,-0.003766477108001709,0.20206435546874965,0.08890831640624963,0.0014325499534606934,16.83750010728836,-12.367978412657976,6.123680830001831,3,-5.3
PH20_RAW_00643,E32V;K131R;H194D;D321K;E325K;A372T;Q394T;A413E;V415I;D419E,1.812320434179797,0.0038804888725280763,-0.003555476665496826,0.20529738515624957,0.07274316796874913,0.0017856240272521972,16.449999994039537,-11.991039302200079,2.889552116394043,3,-5.3
PH20_RAW_00644,E32I;K131R;H194D;M311F;D321K;E325K;A372E;E393Q;A413E;T418S,1.8115168772545511,0.0037968993186950684,-0.002908945083618164,0.2149964742187498,0.08082574218749938,0.001144552230834961,19.224999922513963,-16.070430859923363,0.9914243221282959,3,-5.3
PH20_RAW_00645,S23T;E32V;H194D;I310L;M314R;D321K;Q350R;A372E;Q394T;V415I,1.811349510762567,0.0031029582023620605,-0.0031135082244873047,0.20691389999999982,0.09699089062499988,0.0018508195877075194,19.550000083446502,-11.614127412438393,7.890748977661133,3,0.0
PH20_RAW_00646,S23T;E32I;K131R;H194D;V238L;M311F;M314R;D321K;A372E;A420S,1.8104314438417188,0.0032138943672180174,-0.0033245086669921875,0.21822950390625007,0.08890831640624963,0.0012553215026855468,18.587500083446503,-12.150098524987698,7.389909744262695,2,-0.40000000000000036
PH20_RAW_00647,E32V;K131R;H194D;V238L;D321K;E325K;Q394T;A413E;V415I;A420T,1.8097850703147416,0.0036707282066345214,-0.0031135082244873047,0.20368087031249962,0.08082574218749938,0.0018700838088989257,15.87500004172325,-9.427996832877398,4.077610492706299,3,-5.7
PH20_RAW_00648,S23T;E32T;K131R;H194D;M311I;M314R;D321K;A372E;V415I;A420T,1.8095707125973086,0.003666806221008301,-0.002908945083618164,0.20206435546874957,0.06466059374999933,0.0023232102394104004,17.700000071525572,-12.683144237846136,4.261571407318115,2,0.0
PH20_RAW_00649,S23T;E32V;Q144N;H194D;M311I;D321K;E325K;Q394T;A413E;T418V,1.8095492848267167,0.003307199478149414,-0.003529071807861328,0.2004478406249997,0.06466059374999977,0.0009915709495544433,18.325000071525572,-7.276399224996567,4.181604862213135,3,-5.3
PH20_RAW_00650,E32V;Q144N;H194D;M311F;M314R;D321K;Q350R;A372E;V415I;D419E,1.8083545035600541,0.003797101974487305,-0.0033245086669921875,0.2069138999999997,0.08890831640624652,0.0017856240272521972,19.800000089406968,-20.155850522220135,6.194799423217773,3,0.0
PH20_RAW_00651,E32V;K131R;H194D;M311I;M314R;D321K;Q350R;A413E;V415I;D419E,1.8075548281513218,0.003948366641998291,-0.002908945083618164,0.20368087031249954,0.07274316796874913,0.0014246463775634765,15.500000125169754,-12.157174859195948,4.779770612716675,3,-5.3
PH20_RAW_00652,S23T;E32I;K131R;H194D;V238L;I310L;D321K;E325K;A372E;Q394T,1.8073731423292325,0.0028531551361083984,-0.0031135082244873047,0.20529738515625,0.08082574218749983,0.0013435840606689452,18.762499976158143,-4.85497897490859,6.781599521636963,3,-0.40000000000000036
PH20_RAW_00653,S23T;E32V;K131R;H194D;V238L;I310L;M314R;D321K;D417E;A420T,1.807193732764736,0.003043842315673828,-0.002908945083618164,0.20529738515624976,0.06466059374999933,0.0018289685249328613,17.025000119209288,-4.389055218547583,10.055424690246582,3,-0.40000000000000036
PH20_RAW_00654,S23T;E32I;H194D;D321K;E325K;A372T;Q394T;A413E;V415I;A420S,1.8070514532874173,0.003601384162902832,-0.00397104024887085,0.2069138999999999,0.08082574218749983,0.0012941479682922364,17.35000001192093,-10.905750941485167,3.1497676372528076,3,-5.3
PH20_RAW_00655,S23T;E32V;K131R;H194D;M311L;D321K;E325K;A372E;Q394T;A413E,1.806665775011474,0.003160858154296875,-0.0031135082244873047,0.2069138999999997,0.08890831640624963,0.001812279224395752,18.31250001192093,-8.8465382643044,3.174757957458496,2,-5.3
PH20_RAW_00656,S23T;E32I;H194D;V238L;M311F;M314R;D321K;Q394T;A413E;V415I,1.806647481523104,0.0034986376762390138,-0.003529071807861328,0.21499647421875007,0.10507346484375013,0.0010559916496276855,17.737500143051147,-14.898685529828072,5.001517057418823,2,-5.7
PH20_RAW_00657,S23T;E32V;K131R;H194D;I310L;M314R;D321K;A372T;D417E;D419E,1.8053263352896505,0.003253602981567383,-0.0033509135246276855,0.2069138999999997,0.05657801953124908,0.0017445087432861328,17.600000071525574,-7.152223203331232,8.867366313934326,3,0.0
PH20_RAW_00658,E32V;K131R;H194D;M311I;D321K;E325K;Q394T;A413E;D417E;A420S,1.8051972368245313,0.0039953947067260746,-0.0026979446411132812,0.2004478406249996,0.06466059374999888,0.0015144824981689453,17.01250004172325,-13.131912682205439,1.0757994651794434,3,-5.3
PH20_RAW_00659,E32V;K131R;H194D;I310L;D321K;E325K;Q394T;A413E;D417E;A420T,1.8043592087959237,0.0035573244094848633,-0.0026979446411132812,0.2004478406249995,0.06466059374999888,0.002220594882965088,17.537500017881392,-9.644470538944006,4.149899244308472,3,-5.3
PH20_RAW_00660,S23T;E32T;K131R;H194D;M311I;M314R;D321K;Q350R;A372E;V415I,1.8034397318034905,0.003741884231567383,-0.0024933815002441406,0.2004478406249997,0.08082574218749627,0.0018882393836975099,17.700000071525572,-13.875547803938389,4.04620361328125,3,0.0
PH20_RAW_00661,S23T;E32I;H194D;M311F;M314R;D321K;A372E;E393Q;A413E;A420T,1.8032228451483694,0.0031222939491271974,-0.003740072250366211,0.21661298906249976,0.08890831640624963,0.0014026999473571778,20.362500035762785,-13.513930138200521,5.402599811553955,2,-5.3
PH20_RAW_00662,S23T;E32V;H194D;I310L;M314R;D321K;A372E;Q394T;V415I;A420T,1.802966319776746,0.0030278801918029786,-0.003529071807861328,0.20853041484374968,0.07274316796874958,0.00228579044342041,19.550000083446502,-10.346679452806711,8.106116771697998,2,0.0
PH20_RAW_00663,S23T;E32V;K131R;H194D;M311F;M314R;E325K;A372E;V415I;A420K,1.802778616788822,0.0032213687896728515,-0.002908945083618164,0.22307904843749968,0.10507346484374924,0.001960599422454834,17.750000110268594,-10.047561135143042,4.292235374450684,3,0.0
PH20_RAW_00664,E32V;K131R;M311F;M314R;D321K;A372E;E393Q;A413E;V415I;A420T,1.802183367687895,0.004347991943359375,-0.003740072250366211,0.20529738515624957,0.05657801953124908,0.001618027687072754,14.599999985098838,-14.734613873064518,4.569926023483276,3,-5.3
PH20_RAW_00665,S23T;E32I;H194D;M314R;D321K;E325K;A372E;Q394T;A413E;T418V,1.8019584213602988,0.0030818104743957518,-0.003529071807861328,0.21661298906249984,0.08082574218749983,0.0011191725730895995,20.550000083446502,-10.733236249536276,4.324707984924316,3,-5.3
PH20_RAW_00666,S23T;E32T;H194D;I310L;M314R;D321K;A372T;Q394T;V415I;A420T,1.8017417700926268,0.0035532474517822265,-0.003555476665496826,0.2004478406249998,0.07274316796874958,0.002482283115386963,18.625000059604645,-13.097948174923658,5.563093423843384,3,0.0
PH20_RAW_00667,S23T;E32I;H194D;V238L;M311F;M314R;D321K;Q394T;A413E;D419E,1.801581103276188,0.00356597900390625,-0.003529071807861328,0.20691390000000007,0.09699089062499988,0.001078784465789795,18.187500143051146,-15.55478535965085,4.37434196472168,2,-5.7
PH20_RAW_00668,S23T;E32V;K131R;Q144N;H194D;M311L;D321K;E325K;A413E;A420T,1.8011896050313276,0.003129267692565918,-0.0033245086669921875,0.20529738515624968,0.06466059374999977,0.0018315434455871582,17.075000059604644,-4.195816472172737,6.266353130340576,3,-5.3
PH20_RAW_00669,E32V;K131R;H194D;M311F;D321K;E325K;A372S;Q394T;A413E;V415I,1.8011610151543844,0.003958189487457275,-0.0031135082244873047,0.21822950390624962,0.08890831640624963,0.0016771435737609863,16.38750004172325,-15.610334523022175,3.4199860095977783,3,-5.3
PH20_RAW_00670,S23T;E32I;Q144N;H194D;V238L;M311F;M314R;D321K;A413E;T418V,1.800653260383985,0.0032634377479553224,-0.003740072250366211,0.20044784062500004,0.07274316796875002,0.0007301211357116699,18.275000143051148,-10.540619220584631,7.448058128356934,2,-5.7
PH20_RAW_00671,S23T;E32V;K131R;H194D;M311V;M314R;D321K;Q394T;V415I;A420S,1.7994893577114288,0.003672635555267334,-0.0031135082244873047,0.2069138999999999,0.06466059374999977,0.0016090154647827148,16.487500143051147,-11.463672071695328,8.072011709213257,3,0.0
PH20_RAW_00672,S23T;E32I;K131R;H194D;M311F;D321K;E325K;Q350R;A372E;A413E,1.7992798005309836,0.0031472921371459963,-0.002908945083618164,0.22792859296874973,0.12123861328124974,0.0012309670448303223,18.375,-11.813875373452902,4.148441553115845,3,-5.3
PH20_RAW_00673,S23T;E32I;Q144N;H194D;M311F;D321K;E325K;A372E;A413E;A420T,1.7992338984959237,0.0031572699546813963,-0.003740072250366211,0.21014692968749973,0.08082574218749983,0.0014909625053405762,20.262500011920928,-12.55862832441926,4.360081911087036,2,-5.3
PH20_RAW_00674,E32I;K131R;H194D;M311L;D321K;E325K;Q394T;A413E;V415I;A420S,1.7985704917555394,0.003876912593841553,-0.0031135082244873047,0.2069138999999999,0.07274316796874958,0.0017570018768310546,15.737500029802323,-11.04003369435668,2.258899211883545,3,-5.3
PH20_RAW_00675,S23T;E32V;K131R;H194D;M314R;D321K;E393Q;A413E;D417E;A420T,1.7982503383790451,0.003285813331604004,-0.002908945083618164,0.2004478406249996,0.06466059374999933,0.0017432808876037599,17.612500083446502,-7.5359304659068584,6.888750314712524,3,-5.3
PH20_RAW_00676,S23T;E32V;H194D;M311L;D321K;E325K;A372T;Q394T;A413E;V415I,1.7969327848349446,0.0033642053604125977,-0.00397104024887085,0.2182295039062497,0.09699089062499988,0.0015223860740661622,17.187500023841856,-9.761116426438093,3.1783194541931152,3,-5.3
PH20_RAW_00677,S23T;E32V;K131R;H194D;M311F;M314R;D321K;A372E;A413E;A420T,1.7969302792516737,0.0031029701232910155,-0.0033245086669921875,0.22146253359374954,0.08890831640624919,0.001959371566772461,18.937500095367433,-13.016672618687153,6.404126167297363,1,-5.3
PH20_RAW_00678,S23T;E32I;K131R;H194D;I310L;M314R;D321K;A372T;A413E;V415I,1.796251653860942,0.003154563903808594,-0.003766477108001709,0.20529738515624985,0.056578019531249524,0.0013182282447814942,16.825000059604644,-5.877720523625612,8.484369993209839,2,-5.3
PH20_RAW_00679,S23T;E32V;Q144N;H194D;M311F;M314R;D321K;Q394T;A413E;A420K,1.7957388783341643,0.0037170052528381348,-0.0031135082244873047,0.20206435546874993,0.08082574218749983,0.0016129493713378906,19.900000154972076,-17.929604537785053,4.094677925109863,3,-5.3
PH20_RAW_00680,S23T;E32V;K131R;H194D;M311L;M314R;D321K;Q350R;A413E;V415I,1.7953173656255288,0.0033275842666625976,-0.002908945083618164,0.21337995937499973,0.09699089062499988,0.0016344547271728515,15.575000143051147,-7.96271663159132,6.963273286819458,3,-5.3
PH20_RAW_00681,S23T;E32T;K131R;H194D;M311F;M314R;D321K;Q350R;Q394T;A413E,1.7950509038383244,0.003862166404724121,-0.002282381057739258,0.2069138999999999,0.10507346484374658,0.001986706256866455,18.337500119209288,-18.876927379518747,2.6555211544036865,3,-5.3
PH20_RAW_00682,S23T;E32I;K131R;H194D;V238L;M311F;D321K;E325K;A372T;A413E,1.7938964933910886,0.0031315922737121583,-0.003766477108001709,0.22954510781249987,0.10507346484374969,0.0007272720336914063,17.025,-8.335351131856441,5.083170413970947,3,-5.7
PH20_RAW_00683,S23T;E32V;K131R;H194D;M311I;D321K;A372T;E393K;A413E;V415I,1.7937124604161365,0.003495144844055176,-0.003766477108001709,0.20206435546874957,0.08890831640624919,0.0011636972427368163,15.274999976158142,-7.794396597892046,5.268652439117432,3,-5.3
PH20_RAW_00684,S23T;E32I;H194D;V238L;M311I;M314R;D321K;A372E;V415I;D419E,1.7934099182446805,0.0034456968307495115,-0.003740072250366211,0.20044784062499987,0.06466059374999977,0.0009803175926208496,17.55000009536743,-10.571354173123837,5.765024423599243,2,-0.40000000000000036
PH20_RAW_00685,S23T;E32V;K131R;H194D;M311F;D321K;A372E;Q394T;A413E;V415I,1.793200424555002,0.0034329891204833984,-0.0031135082244873047,0.20206435546874965,0.09699089062499944,0.0020550251007080077,17.112500023841857,-14.650851022452116,3.9324069023132324,0,-5.3
PH20_RAW_00686,S23T;E32V;H194D;V238L;M311F;M314R;D321K;A372T;A413E;D417E,1.7930949284100424,0.0034389257431030273,-0.003766477108001709,0.2117634445312498,0.09699089062499944,0.0010184168815612793,18.41250010728836,-15.188514366745949,5.2616729736328125,2,-5.7
PH20_RAW_00687,S23T;E32V;H194D;V238L;M311L;D321K;E325K;Q394T;A413E;A420T,1.7929276941578716,0.003221786022186279,-0.003529071807861328,0.20853041484374976,0.09699089062499988,0.001629638671875,17.062500071525573,-7.690689630806446,3.7392027378082275,3,-5.7
PH20_RAW_00688,E32V;K131R;H194D;M311L;M314R;D321K;E325K;A372E;Q394T;A413E,1.7926420817906485,0.0033413052558898928,-0.0031135082244873047,0.2182295039062497,0.08082574218749938,0.0016976356506347655,20.13750006556511,-13.528768379241228,3.105541229248047,3,-5.3
PH20_RAW_00689,E32V;K131R;H194D;I310L;M314R;D321K;Q394T;A413E;V415I;A420T,1.7916677731901602,0.003489041328430176,-0.0031135082244873047,0.2004478406249996,0.05657801953124908,0.00228579044342041,17.100000101327897,-10.391775112599134,6.920274019241333,2,-5.3
PH20_RAW_00690,S23T;E32V;K131R;H194D;M311F;E325K;A372T;A413E;V415I;A420S,1.7908331707522842,0.0032976150512695314,-0.003766477108001709,0.20206435546874965,0.096990890624999,0.001699650287628174,14.800000038743018,-7.194140300154686,3.708752393722534,1,-5.3
PH20_RAW_00691,E32I;K131R;H194D;M311I;D321K;E325K;Q394T;A413E;V415I;A420S,1.790804749987217,0.003896355628967285,-0.0031135082244873047,0.20853041484374976,0.06466059374999933,0.0012862443923950194,16.01250002980232,-11.212034847587347,1.8058574199676514,3,-5.3
PH20_RAW_00692,S23T;E32V;K131R;H194D;M311F;M314R;E325K;Q394T;A413E;A420S,1.7906993094353563,0.0031028151512145995,-0.0031135082244873047,0.21176344453124987,0.10507346484374924,0.0016126632690429688,17.750000157952307,-9.63940878212452,3.752607583999634,2,-5.3
PH20_RAW_00693,S23T;E32V;H194D;M311F;M314R;E325K;Q350R;A372E;A413E;D419E,1.7901289549798303,0.0032642483711242676,-0.0033245086669921875,0.20206435546874965,0.09699089062499677,0.001520538330078125,19.000000122189523,-12.710261698812246,3.028531551361084,2,-5.3
PH20_RAW_00694,S23T;E32V;K131R;H194D;D321K;E325K;A372T;Q394T;A413E;V415I,1.7899758722969135,0.0032791495323181152,-0.003555476665496826,0.21661298906249965,0.08890831640624963,0.001524674892425537,16.80000001192093,-8.075007572770119,4.620012998580933,3,-5.3
PH20_RAW_00695,E32V;K131R;H194D;M311F;M314R;D321K;A372T;A413E;V415I;A420K,1.7899703465565013,0.004007196426391602,-0.0033509135246276855,0.2230790484374996,0.08082574218749894,0.0017602682113647462,16.887500077486038,-17.406247574836016,3.9853334426879883,3,-5.3
PH20_RAW_00696,S23T;E32I;K131R;H194D;V238L;I310L;M314R;D321K;A372E;T418V,1.788935642230531,0.0027411937713623046,-0.0033245086669921875,0.20044784062499996,0.056578019531249524,0.0012555956840515138,17.800000059604645,-2.9139943458139896,10.14042854309082,2,-0.40000000000000036
PH20_RAW_00697,S23T;E32V;K131R;H194D;V238L;M311F;M314R;D321K;A372T;V415I,1.7889056672694506,0.0030950069427490234,-0.003766477108001709,0.23924419687499981,0.10507346484374969,0.0011959552764892578,16.91250009536743,-9.993806291371584,8.86371660232544,3,-0.40000000000000036
PH20_RAW_00698,S23T;E32I;H194D;V238L;M311F;M314R;D321K;A372S;A413E;V415I,1.7882591217455654,0.003689587116241455,-0.003740072250366211,0.20368087031249998,0.08082574218750027,0.0008797407150268555,16.375000143051146,-13.88125815615058,6.45352578163147,2,-5.7
PH20_RAW_00699,S23T;E32V;K131R;H194D;M311I;M314R;D321K;Q350R;A413E;V415I,1.7881108103157939,0.0033470273017883303,-0.002908945083618164,0.21499647421874962,0.08890831640624963,0.0011636972427368163,15.850000143051147,-8.109300218522549,6.5102314949035645,3,-5.3
PH20_RAW_00700,E32I;K131R;H194D;I310L;D321K;E325K;Q394T;A413E;V415I;A420T,1.788074358171912,0.0034582853317260743,-0.0031135082244873047,0.20853041484374968,0.06466059374999933,0.001992356777191162,16.537500005960464,-7.8106092400848866,4.87995719909668,3,-5.3
PH20_RAW_00701,S23T;E32V;Q144N;H194D;M311F;M314R;D321K;Q350R;A372E;V415I,1.7879199752608177,0.0031957626342773438,-0.0033245086669921875,0.2182295039062498,0.10507346484375013,0.001524674892425537,20.15000010728836,-16.152999084442854,7.925260305404663,3,0.0
PH20_RAW_00702,S23T;E32V;H194D;V238L;M311F;M314R;D321K;Q350R;A413E;A420T,1.7878057181821811,0.003238976001739502,-0.0033245086669921875,0.22146253359374973,0.12123861328124708,0.0013417601585388184,17.687500154972078,-13.299620635807514,6.7532031536102295,3,-5.7
PH20_RAW_00703,S23T;E32I;K131R;H194D;V238L;M311I;M314R;D321K;V415I;A420S,1.787138076379506,0.00338287353515625,-0.0033245086669921875,0.213379959375,0.06466059374999977,0.000894618034362793,15.500000131130218,-6.252128507941961,7.711382865905762,3,-0.40000000000000036
PH20_RAW_00704,E32V;K131R;H194D;M311F;D321K;E325K;A372T;Q394T;A413E;V415I,1.7870620314193828,0.0036084890365600587,-0.003555476665496826,0.2343946523437496,0.10507346484374924,0.0015875816345214844,17.424999994039535,-15.204181242734194,2.958191156387329,3,-5.3
PH20_RAW_00705,S23T;E32V;K131R;H194D;D321K;E325K;A372T;Q394T;A413E;D419E,1.7870036619977672,0.0033464908599853517,-0.003555476665496826,0.20853041484374968,0.08082574218749938,0.0015474677085876465,17.25000001192093,-8.635917950421572,3.992837905883789,3,-5.3
PH20_RAW_00706,S23T;E32V;H194D;M311F;M314R;D321K;A372T;A413E;V415I;A420T,1.7859282186882577,0.0033063173294067385,-0.004182040691375732,0.23277813749999954,0.09699089062499944,0.0016694784164428711,17.81250010728836,-13.988935798406601,6.407687664031982,2,-5.3
PH20_RAW_00707,S23T;E32V;K131R;H194D;V238L;D321K;E325K;Q394T;A413E;A420T,1.7853410405471866,0.003136730194091797,-0.0031135082244873047,0.2069138999999997,0.08890831640624963,0.001631927490234375,16.675000059604645,-6.03320537135005,5.180896282196045,3,-5.7
PH20_RAW_00708,E32V;Q144N;H194D;M311F;D321K;E325K;A372T;Q394T;A413E;V415I,1.7852822647156181,0.003693544864654541,-0.00397104024887085,0.2149964742187497,0.08890831640624963,0.0014126062393188476,19.312500005960466,-17.67624831944704,2.9544637203216553,3,-5.3
PH20_RAW_00709,S23T;E32V;K131R;H194D;V238L;M311F;M314R;N322K;E393Q;D419E,1.7852140581740947,0.0031166672706604004,-0.0033245086669921875,0.20044784062500004,0.10507346484374969,0.0015908122062683106,16.075000074505805,-6.601812958717346,6.717612028121948,3,-0.8000000000000003
PH20_RAW_00710,S23T;E32T;K131R;Q144N;H194D;M311F;M314R;E325K;V415I;A420T,1.7851267289446966,0.003321385383605957,-0.002908945083618164,0.2036808703124998,0.08890831640624963,0.0023564696311950684,17.63750013411045,-10.082103125751019,4.718663930892944,3,0.0
PH20_RAW_00711,S23T;E32I;K131R;H194D;V238L;I310L;M314R;D321K;V415I;A420T,1.78489371085128,0.002944803237915039,-0.0033245086669921875,0.21337995937499993,0.06466059374999977,0.0016007304191589355,16.02500010728836,-2.828610796481371,10.78548264503479,3,-0.40000000000000036
PH20_RAW_00712,S23T;E32V;K131R;H194D;M311I;D321K;E325K;A372E;Q394T;D419E,1.784295326122127,0.0031803011894226073,-0.0031135082244873047,0.21822950390624962,0.08082574218749938,0.0015395641326904296,18.36250001192093,-8.795296158641577,3.834770441055298,3,0.0
PH20_RAW_00713,S23T;E32I;K131R;H194D;I310L;M314R;D321K;A372T;V415I;D419E,1.784016711067921,0.003154563903808594,-0.003766477108001709,0.21499647421874987,0.056578019531249524,0.001516270637512207,16.600000059604646,-5.546760704368353,9.597424268722534,3,0.0
PH20_RAW_00714,S23T;E32V;K131R;H194D;M311I;M314R;D321K;Q350R;A413E;D419E,1.7830974847326815,0.0034143686294555663,-0.002908945083618164,0.20691389999999962,0.08082574218749938,0.0011864900588989258,16.300000143051147,-8.762988563627005,5.883056402206421,3,-5.3
PH20_RAW_00715,S23T;E32V;Q144N;H194D;M311I;D321K;E325K;A372E;Q394T;V415I,1.78304087984019,0.0031980156898498537,-0.003529071807861328,0.2069138999999997,0.07274316796875002,0.0013417959213256835,19.800000023841857,-10.81767512485385,4.458218097686768,3,0.0
PH20_RAW_00716,S23T;E32V;K131R;H194D;M311I;D321K;E325K;A372T;A413E;T418V,1.7827588089243127,0.003063392639160156,-0.003766477108001709,0.22469556328124946,0.07274316796874913,0.000900733470916748,16.11250001192093,-3.2027014531195164,5.175546169281006,3,-5.3
PH20_RAW_00717,S23T;E32I;K131R;H194D;V238L;M311F;D321K;E393Q;D417E;D419E,1.7826623586492913,0.0034682750701904297,-0.002908945083618164,0.20368087031249998,0.08890831640624963,0.0012395739555358886,15.7875,-9.260574579238892,5.9932427406311035,3,-0.40000000000000036
PH20_RAW_00718,S23T;E32I;Q144N;H194D;M311F;D321K;E325K;A372E;Q394T;A420S,1.782310188418813,0.003211092948913574,-0.003529071807861328,0.21499647421875007,0.08890831640625008,0.0014090657234191895,21.11250001192093,-15.127292104065418,4.324172019958496,3,0.0
PH20_RAW_00719,E32V;K131R;Q144N;H194D;M311F;M314R;D321K;Q350R;A413E;V415I,1.7820327007231822,0.003656923770904541,-0.002908945083618164,0.21014692968749973,0.08890831640624963,0.001524674892425537,17.700000125169755,-15.95212783291936,6.739417552947998,3,-5.3
PH20_RAW_00720,S23T;E32V;H194D;M311F;M314R;D321K;A372T;E393Q;A413E;T418S,1.781655418243746,0.003497004508972168,-0.003766477108001709,0.22146253359374982,0.08890831640624963,0.0009099364280700684,19.462500047683715,-16.138558618724346,4.1385884284973145,3,-5.3
PH20_RAW_00721,S23T;E32V;H194D;V238L;D321K;E325K;A372T;Q394T;A413E;T418V,1.7807647485860743,0.003136467933654785,-0.00397104024887085,0.20529738515624976,0.08890831640624963,0.0009968996047973633,17.32500002384186,-6.982495862990618,4.539403676986694,3,-5.7
PH20_RAW_00722,S23T;E32V;K131R;H194D;M311F;M314R;E325K;Q394T;V415I;A420S,1.7805476766614834,0.0030354738235473635,-0.0031135082244873047,0.22954510781249987,0.11315603906249949,0.0017879128456115723,17.07500015795231,-8.78794314339757,5.492836952209473,3,0.0
PH20_RAW_00723,E32V;K131R;H194D;M314R;D321K;E325K;A372E;Q394T;A413E;D417E,1.7804600392451222,0.0035328269004821777,-0.0026979446411132812,0.20691389999999962,0.07274316796874913,0.0016976356506347655,20.57500006556511,-16.152390979230404,2.685420513153076,3,-5.3
PH20_RAW_00724,E32V;K131R;Q144N;H194D;M311F;M314R;E325K;A372E;V415I;A420S,1.780196780186375,0.0032924294471740724,-0.0033245086669921875,0.2004478406249998,0.07274316796874913,0.0018751740455627442,18.9625000923872,-12.32849769294262,5.372476100921631,2,0.0
PH20_RAW_00725,S23T;E32V;K131R;H194D;M311F;D321K;E325K;A372S;Q394T;A413E,1.7791638503494067,0.003424191474914551,-0.0031135082244873047,0.22146253359374973,0.09699089062499988,0.0014389872550964356,17.187500059604645,-12.104321926832199,4.523271799087524,3,-5.3
PH20_RAW_00726,S23T;E32I;K131R;H194D;D321K;E325K;A372E;Q394T;A413E;V415I,1.7790542914641279,0.003253340721130371,-0.0031135082244873047,0.2036808703124998,0.08082574218749983,0.0015840411186218261,17.75,-9.597417309880257,3.4846951961517334,2,-5.3
PH20_RAW_00727,S23T;E32V;K131R;H194D;V238L;I310L;M314R;E325K;A372T;V415I,1.7788118268970403,0.0026038408279418944,-0.003766477108001709,0.20529738515624985,0.08082574218749938,0.0012816429138183595,16.287500086426736,0.7753520421683788,8.936750888824463,3,-0.40000000000000036
PH20_RAW_00728,S23T;E32V;K131R;Q144N;H194D;M311F;D321K;Q350R;V415I;D419E,1.7777990152474374,0.0034764766693115234,-0.002908945083618164,0.20853041484374976,0.09699089062499988,0.0018373608589172363,15.650000071525573,-11.212684985250235,7.921688556671143,3,0.0
PH20_RAW_00729,S23T;E32V;K131R;H194D;M311I;M314R;D321K;A413E;V415I;A420T,1.7772784268060167,0.003271949291229248,-0.0033245086669921875,0.21661298906249948,0.06466059374999933,0.001598668098449707,15.850000143051147,-6.953179191797972,6.72559928894043,2,-5.3
PH20_RAW_00730,S23T;E32I;K131R;H194D;M311L;D321K;E325K;Q394T;A413E;A420S,1.7763110455327147,0.0033429145812988283,-0.0031135082244873047,0.21014692968749998,0.08082574218749983,0.001518845558166504,16.537500047683714,-7.545942980796099,3.362185001373291,3,-5.3
PH20_RAW_00731,S23T;E32V;K131R;H194D;I310L;M314R;D321K;Q350R;Q394T;A413E,1.7755849556725014,0.003030121326446533,-0.0026979446411132812,0.20206435546874985,0.08890831640624963,0.0016126632690429688,17.900000119209288,-8.265430644154549,7.808192014694214,3,-5.3
PH20_RAW_00732,E32V;K131R;Q144N;H194D;M311F;M314R;D321K;A413E;V415I;A420T,1.7753548975680955,0.003581845760345459,-0.0033245086669921875,0.2117634445312496,0.06466059374999933,0.001959645748138428,17.700000125169755,-14.607162244617939,6.954785346984863,2,-5.3
PH20_RAW_00733,S23T;E32V;H194D;V238L;M311F;D321K;Q350R;Q394T;V415I;D419E,1.774278563266804,0.003568994998931885,-0.0031135082244873047,0.21176344453124987,0.1293211875,0.0016354560852050782,15.637500083446502,-14.492037285119295,5.394538164138794,3,-0.40000000000000036
PH20_RAW_00734,E32V;K131R;H194D;M311F;M314R;D321K;A372E;Q394T;A413E;D419E,1.7741129153717305,0.003680777549743652,-0.0031135082244873047,0.20529738515624968,0.08082574218749894,0.0019631743431091308,19.387500077486038,-19.989064499735832,3.2360150814056396,1,-5.3
PH20_RAW_00735,E32V;K131R;H194D;V238L;M311F;D321K;Q350R;A372E;V415I;D419E,1.7734086525773336,0.0037408947944641115,-0.002908945083618164,0.20206435546874965,0.10507346484374658,0.0018976926803588867,15.637500005960465,-15.665014799684286,5.277904748916626,2,-0.40000000000000036
PH20_RAW_00736,S23T;E32T;H194D;M311F;M314R;D321K;Q350R;A372E;Q394T;D419E,1.7733167521578381,0.004002344608306885,-0.0026979446411132812,0.20368087031249987,0.08082574218749627,0.0022476553916931153,20.4375000834465,-23.060673214495182,2.110903024673462,3,0.0
PH20_RAW_00737,S23T;E32I;H194D;M311F;M314R;D321K;Q350R;A372E;A413E;D419E,1.7729992004923283,0.0034229278564453123,-0.0033245086669921875,0.21014692968749982,0.10507346484374702,0.001316666603088379,19.21250009536743,-17.676904693245888,4.429826974868774,2,-5.3
PH20_RAW_00738,S23T;E32V;K131R;H194D;M311F;M314R;D321K;Q350R;A372E;D419E,1.7729384575420473,0.003178048133850098,-0.002908945083618164,0.2295451078124997,0.10507346484374658,0.0017224431037902832,18.71250009536743,-14.133839007467031,7.301812648773193,3,0.0
PH20_RAW_00739,S23T;E32V;H194D;I310L;M314R;E325K;A372T;Q394T;V415I;A420S,1.7717978235331544,0.002868974208831787,-0.00397104024887085,0.20368087031249987,0.08082574218749938,0.001673269271850586,18.037500098347664,-5.202661458402872,6.444812059402466,3,0.0
PH20_RAW_00740,S23T;E32V;H194D;V238L;I310L;M314R;D321K;Q350R;A372E;A420T,1.7710650109525259,0.0028017878532409666,-0.0033245086669921875,0.20206435546874973,0.08890831640624697,0.0016922593116760255,19.100000083446503,-8.29248658195138,9.441846132278442,3,-0.40000000000000036
PH20_RAW_00741,S23T;E32I;K131R;H194D;M311I;D321K;E325K;A413E;V415I;A420T,1.7708894623950686,0.0032411932945251463,-0.0033245086669921875,0.22469556328124957,0.07274316796874958,0.001305234432220459,15.287500047683716,-4.499083746224642,4.685282468795776,3,-5.3
PH20_RAW_00742,S23T;E32I;Q144N;H194D;M311F;M314R;D321K;Q350R;A413E;A420S,1.7703282660471584,0.003445160388946533,-0.0033245086669921875,0.20368087031250007,0.08890831640625008,0.0010559916496276855,19.050000143051147,-15.58517000824213,6.372457981109619,3,-5.3
PH20_RAW_00743,S23T;E32I;Q144N;H194D;V238L;M311F;M314R;D321K;A372E;V415I,1.7703173583919962,0.0031542539596557616,-0.003740072250366211,0.20691390000000007,0.08082574218750027,0.0010803461074829102,19.750000095367433,-14.255872257053852,7.724671363830566,2,-0.40000000000000036
PH20_RAW_00744,E32V;K131R;Q144N;H194D;V238L;M311F;M314R;D321K;D417E;D419E,1.7699478712191188,0.003714454174041748,-0.002908945083618164,0.20044784062499987,0.06466059374999933,0.0015066266059875488,18.075000125169755,-15.491180688142776,6.921824932098389,3,-0.40000000000000036
PH20_RAW_00745,S23T;E32V;K131R;Q144N;H194D;M311F;D321K;Q394T;V415I;A420S,1.769712176797168,0.003455221652984619,-0.0031135082244873047,0.20529738515624993,0.08082574218749983,0.0019923925399780275,16.725000071525574,-12.618264269083738,6.9880921840667725,2,0.0
PH20_RAW_00746,S23T;E32V;H194D;V238L;M311L;M314R;D321K;Q350R;A372E;A420S,1.7697059159327897,0.0032204151153564452,-0.0033245086669921875,0.20044784062499996,0.08890831640624697,0.001456904411315918,18.300000107288362,-11.326005589216948,6.820788145065308,3,-0.40000000000000036
PH20_RAW_00747,S23T;E32V;Q144N;H194D;M311F;D321K;E325K;A372T;A413E;T418S,1.7693966997769541,0.0035319805145263674,-0.003766477108001709,0.2149964742187498,0.08082574218749983,0.0009981989860534668,19.362500023841857,-15.559155523777008,3.0960705280303955,3,-5.3
PH20_RAW_00748,E32V;K131R;H194D;V238L;I310L;D321K;E325K;A372E;Q394T;A420T,1.7693009828298238,0.003028881549835205,-0.0031135082244873047,0.20529738515624968,0.07274316796874913,0.0020453333854675293,18.712499970197676,-7.990949969738722,6.207717418670654,3,-0.40000000000000036
PH20_RAW_00749,S23T;E32V;K131R;H194D;V238L;I310L;M314R;D321K;Q394T;D417E,1.7689808968866672,0.003020310401916504,-0.0026979446411132812,0.20044784062499996,0.07274316796874958,0.001571822166442871,17.82500011920929,-7.129547648131847,8.617774486541748,3,-0.40000000000000036
PH20_RAW_00750,S23T;E32V;K131R;H194D;V238L;M311I;D321K;Q350R;V415I;A420S,1.766722860691389,0.003453230857849121,-0.002908945083618164,0.2004478406249998,0.08890831640624963,0.0012760400772094727,13.625000071525573,-6.189223729074001,6.991349697113037,3,-0.40000000000000036
PH20_RAW_00751,S23T;E32I;H194D;V238L;M311F;M314R;D321K;A372E;D417E;D419E,1.7666603447056142,0.003413116931915283,-0.0033245086669921875,0.20853041484374996,0.08890831640624963,0.0012758255004882812,19.137500095367432,-16.528967015445232,5.239409446716309,2,-0.40000000000000036
PH20_RAW_00752,E32I;K131R;H194D;M311F;M314R;E325K;A372E;E393Q;A413E;V415I,1.7656377905213387,0.0031493425369262694,-0.0033245086669921875,0.20529738515624976,0.08890831640624919,0.0013182282447814942,18.450000020861626,-10.586525715887547,2.9729368686676025,2,-5.3
PH20_RAW_00753,S23T;E32I;H194D;V238L;D321K;E325K;Q394T;A413E;V415I;A420T,1.7655736192294527,0.0033142685890197752,-0.003529071807861328,0.20529738515624985,0.08890831640625008,0.0014014005661010741,16.500000059604645,-8.429868284612894,4.049139976501465,3,-5.7
PH20_RAW_00754,E32I;K131R;H194D;M311F;D321K;E325K;Q394T;A413E;D417E;A420S,1.7652887787335352,0.0038637757301330567,-0.0026979446411132812,0.21661298906249984,0.08890831640624919,0.0015817523002624513,17.600000029802324,-17.113574858754873,1.2802424430847168,3,-5.3
PH20_RAW_00755,E32I;K131R;H194D;M314R;D321K;E325K;A372E;Q394T;A413E;V415I,1.765205651839799,0.0034337878227233888,-0.0031135082244873047,0.2149964742187498,0.07274316796874958,0.00146939754486084,19.57500005364418,-14.27169044315815,3.415478467941284,3,-5.3
PH20_RAW_00756,E32V;K131R;H194D;M311L;M314R;D321K;A372T;E393Q;A413E;V415I,1.7651200003988465,0.003446006774902344,-0.003766477108001709,0.20853041484374968,0.06466059374999933,0.0014584779739379883,16.850000017881392,-9.581112507730722,5.758148908615112,3,-5.3
PH20_RAW_00757,S23T;E32I;K131R;H194D;I310L;D321K;E325K;Q394T;A413E;A420T,1.7645724006766574,0.0029242873191833497,-0.0031135082244873047,0.2117634445312498,0.07274316796874958,0.0017542004585266112,17.33750002384186,-4.372996311634779,5.983242988586426,3,-5.3
PH20_RAW_00758,S23T;E32I;K131R;H194D;V238L;M311L;M314R;D321K;V415I;D419E,1.7642165498906874,0.0032860755920410155,-0.0033245086669921875,0.21176344453125004,0.07274316796875002,0.0013881683349609374,14.950000131130219,-5.792050715535879,7.875738620758057,3,-0.40000000000000036
PH20_RAW_00759,S23T;E32I;H194D;M311L;M314R;D321K;Q350R;A413E;V415I;D419E,1.764050396219113,0.0035724639892578125,-0.0033245086669921875,0.20368087031249987,0.08890831640625008,0.0014267206192016602,15.850000143051147,-11.307896185666323,5.204341888427734,3,-5.3
PH20_RAW_00760,E32V;K131R;H194D;I310L;M314R;D321K;Q350R;A372T;A413E;V415I,1.7634987176425818,0.0034053683280944823,-0.0033509135246276855,0.20368087031249962,0.07274316796874913,0.0015850067138671875,16.77500005364418,-10.420410737395287,7.695120096206665,3,-5.3
PH20_RAW_00761,E32V;K131R;H194D;V238L;M311I;D321K;E325K;Q394T;A413E;T418V,1.7628866463696293,0.0034314393997192383,-0.0031135082244873047,0.20691389999999962,0.07274316796874913,0.0009889960289001464,15.987500041723251,-7.36293426528573,3.195493459701538,3,-5.7
PH20_RAW_00762,E32I;K131R;H194D;M314R;D321K;E325K;A372E;Q394T;A413E;D419E,1.7620576457471187,0.003501129150390625,-0.0031135082244873047,0.20691389999999982,0.06466059374999933,0.0014921903610229492,20.02500005364418,-14.840591538697481,2.7883033752441406,3,-5.3
PH20_RAW_00763,S23T;E32V;K131R;H194D;I310L;M314R;D321K;Q394T;V415I;A420T,1.7619666811185872,0.0028877019882202148,-0.0031135082244873047,0.22146253359374973,0.07274316796874958,0.002222883701324463,17.22500011920929,-5.92303753644228,9.763789176940918,3,0.0
PH20_RAW_00764,S23T;E32I;Q144N;H194D;M311F;M314R;D321K;E393Q;A413E;A420T,1.76168472892524,0.003067171573638916,-0.003740072250366211,0.2101469296874999,0.07274316796875002,0.0011648178100585938,19.925000083446502,-11.505933064967394,7.056544780731201,3,-5.3
PH20_RAW_00765,E32I;K131R;H194D;M311F;D321K;E325K;A372E;Q394T;V415I;D419E,1.7614715670253334,0.0035826802253723145,-0.0031135082244873047,0.23116162265624976,0.09699089062499944,0.0018449902534484863,18.149999982118608,-16.506264831870794,2.935927629470825,3,0.0
PH20_RAW_00766,S23T;E32V;K131R;H194D;V238L;M311F;D321K;Q350R;A372E;E393Q,1.7613050385040099,0.0029813408851623534,-0.002908945083618164,0.21014692968749982,0.11315603906249683,0.0013105988502502442,17.587499964237214,-9.8338454477489,7.1385955810546875,3,-0.40000000000000036
PH20_RAW_00767,E32V;K131R;H194D;M311I;M314R;D321K;Q394T;A413E;V415I;D419E,1.7611983525932027,0.0038497567176818846,-0.0031135082244873047,0.2004478406249996,0.05657801953124908,0.001602470874786377,16.300000125169753,-13.619330633431673,3.557488203048706,2,-5.3
PH20_RAW_00768,E32I;K131R;H194D;M311L;D321K;E325K;Q394T;A413E;V415I;D419E,1.7609092936163486,0.0037995576858520508,-0.0031135082244873047,0.20691389999999982,0.07274316796874958,0.001779794692993164,15.462500029802323,-11.0689538680017,1.9702131748199463,3,-5.3
PH20_RAW_00769,S23T;E32V;V238L;M311F;D321K;E325K;A372E;Q394T;A413E;A420T,1.7604956881457126,0.003941488265991211,-0.0039446353912353516,0.20529738515624976,0.08890831640624963,0.0012662291526794433,15.287499991059303,-14.106338858604431,2.103543519973755,3,-5.7
PH20_RAW_00770,S23T;E32V;Q144N;H194D;M311F;M314R;D321K;A372E;D417E;A420K,1.7601495392315165,0.003564143180847168,-0.002908945083618164,0.2036808703124998,0.07274316796874958,0.0018099904060363769,20.85000010728836,-18.934176217764616,4.959745407104492,3,0.0
PH20_RAW_00771,S23T;E32V;K131R;Q144N;H194D;M311F;M314R;D321K;Q350R;A413E,1.7601472247705148,0.0031229257583618164,-0.002908945083618164,0.21337995937499982,0.09699089062499988,0.0012865185737609864,18.500000143051146,-12.441038470715284,7.842703342437744,3,-5.3
PH20_RAW_00772,E32T;K131R;H194D;V238L;M311F;M314R;D321K;Q394T;V415I;A420T,1.7587143930211937,0.003929042816162109,-0.0026979446411132812,0.21337995937499982,0.09699089062499944,0.0024193763732910157,17.212500101327898,-19.393414933234453,3.62127947807312,3,-0.40000000000000036
PH20_RAW_00773,S23T;E32I;K131R;H194D;M314R;D321K;Q350R;A413E;V415I;D419E,1.7579756687825911,0.00348740816116333,-0.002908945083618164,0.20206435546874985,0.08082574218749983,0.0014290094375610351,15.462500131130218,-9.58168800920248,6.646035432815552,3,-5.3
PH20_RAW_00774,S23T;E32I;K131R;H194D;M311F;M314R;D321K;A372E;A413E;A420K,1.757567319021193,0.0034473896026611327,-0.002908945083618164,0.21337995937499982,0.08082574218749938,0.0015814781188964843,18.637500083446504,-15.399202983826399,3.953301429748535,2,-5.3
PH20_RAW_00775,S23T;E32I;H194D;I310L;M314R;D321K;A372E;Q394T;V415I;A420K,1.7569239743610234,0.003372299671173096,-0.0031135082244873047,0.20044784062499996,0.06466059374999977,0.0019078969955444336,19.250000071525573,-13.032818235456944,5.65529203414917,3,0.0
PH20_RAW_00776,S23T;E32I;H194D;M311I;M314R;D321K;Q350R;A413E;V415I;D419E,1.7568171323064727,0.0035919070243835447,-0.0033245086669921875,0.20529738515624976,0.08082574218749983,0.000955963134765625,16.125000143051146,-11.455693800002337,4.751300096511841,3,-5.3
PH20_RAW_00777,S23T;E32V;Q144N;H194D;I310L;M314R;D321K;Q394T;V415I;A420T,1.7550906591123938,0.002972757816314697,-0.003529071807861328,0.20206435546874985,0.05657801953124997,0.002047908306121826,19.11250013113022,-8.626752581447363,9.760061740875244,3,0.0
PH20_RAW_00778,S23T;E32V;K131R;H194D;M311F;M314R;D321K;Q350R;A413E;D417E,1.7543505222457823,0.0033144474029541014,-0.0024933815002441406,0.22307904843749968,0.11315603906249949,0.0014592051506042481,17.437500143051146,-14.385581903159618,5.98461651802063,3,-5.3
PH20_RAW_00779,E32I;K131R;H194D;M311I;D321K;E325K;Q394T;A413E;V415I;D419E,1.7536574905134164,0.003819000720977783,-0.0031135082244873047,0.20853041484374968,0.06466059374999933,0.001309037208557129,15.737500029802323,-11.217594172805548,1.5171713829040527,3,-5.3
PH20_RAW_00780,S23T;E32I;K131R;Q144N;H194D;M311F;D321K;E325K;A413E;A420T,1.7535820035873835,0.003017091751098633,-0.0033245086669921875,0.22307904843749976,0.08082574218749983,0.0014280557632446289,17.937500047683717,-8.346452601253986,6.017754316329956,3,-5.3
PH20_RAW_00781,S23T;E32I;H194D;I310L;M314R;D321K;Q350R;Q394T;A413E;V415I,1.7534922257934429,0.0032076597213745116,-0.0031135082244873047,0.20044784062499996,0.08890831640625008,0.001382136344909668,17.72500011920929,-10.767789401113987,6.676435708999634,3,-5.3
PH20_RAW_00782,S23T;E32I;H194D;V238L;M311L;D321K;E325K;A372E;A413E;A420T,1.7533708629130933,0.0030372262001037596,-0.003740072250366211,0.2004478406249998,0.08082574218749983,0.001423192024230957,17.68750001192093,-7.61442357301712,3.5940988063812256,2,-5.7
PH20_RAW_00783,E32I;K131R;H194D;I310L;D321K;E325K;A372T;A413E;V415I;A420T,1.7533642682871489,0.003299534320831299,-0.003766477108001709,0.21337995937499957,0.05657801953124908,0.00172654390335083,16.212499958276748,-6.488062512129545,5.870171070098877,3,-5.3
PH20_RAW_00784,S23T;E32I;H194D;M311F;D321K;E325K;A372S;Q394T;A413E;D419E,1.7532473662678505,0.003669071197509766,-0.003529071807861328,0.21176344453124987,0.08890831640625008,0.0012312531471252441,17.462500059604643,-15.206297602504492,2.764340400695801,3,-5.3
PH20_RAW_00785,E32V;K131R;H194D;V238L;M311I;M314R;D321K;E393Q;A413E;A420T,1.7530446390018062,0.0033230304718017576,-0.0033245086669921875,0.2004478406249996,0.05657801953124908,0.001094973087310791,17.00000006556511,-7.6965290904045105,5.865990400314331,3,-5.7
PH20_RAW_00786,S23T;E32I;K131R;H194D;M314R;D321K;E325K;A372E;A413E;T418S,1.7522615291523398,0.003272223472595215,-0.002908945083618164,0.21499647421874987,0.06466059374999977,0.001054990291595459,19.625000071525573,-12.020895726978779,3.5570852756500244,3,-5.3
PH20_RAW_00787,S23T;E32V;K131R;H194D;M311F;M314R;E325K;Q394T;A413E;D419E,1.752154823389519,0.003025460243225098,-0.0031135082244873047,0.2117634445312498,0.10507346484374924,0.0016354560852050782,17.47500015795231,-9.708478406071663,3.463921546936035,2,-5.3
PH20_RAW_00788,S23T;E32V;K131R;H194D;V238L;M311F;D321K;Q350R;A372E;V415I,1.7515825127020161,0.0031395554542541504,-0.002908945083618164,0.21337995937499973,0.12123861328124974,0.0016367435455322266,15.987500023841857,-11.72541843354702,7.008365631103516,2,-0.40000000000000036
PH20_RAW_00789,S23T;E32V;K131R;H194D;M311F;M314R;E325K;A372T;E393Q;A413E,1.7512823552317411,0.002641153335571289,-0.003766477108001709,0.22146253359374973,0.10507346484374924,0.0010207056999206542,18.300000050663947,-5.707187533378601,5.211540460586548,3,-5.3
PH20_RAW_00790,S23T;E32V;K131R;H194D;V238L;M311F;E325K;A413E;V415I;A420T,1.751221787838538,0.0030104994773864748,-0.0033245086669921875,0.2004478406249996,0.10507346484374924,0.0018069028854370117,13.950000086426735,-4.633418954908848,4.608124732971191,1,-5.7
PH20_RAW_00791,S23T;E32I;H194D;V238L;M311F;D321K;A372E;E393Q;V415I;A420T,1.7503478978114841,0.00308380126953125,-0.003740072250366211,0.21014692968749982,0.09699089062499988,0.001515042781829834,17.412499964237213,-10.9163184389472,6.222207069396973,2,-0.40000000000000036
PH20_RAW_00792,S23T;E32V;Q144N;H194D;M311F;M314R;D321K;Q350R;A413E;D417E,1.7502883659012096,0.003399503231048584,-0.002908945083618164,0.2036808703124998,0.09699089062499988,0.0012842297554016113,19.325000154972077,-16.96139396354556,5.980889081954956,3,-5.3
PH20_RAW_00793,E32I;K131R;Q144N;H194D;V238L;M311F;M314R;D321K;V415I;D419E,1.7492293872676223,0.003615415096282959,-0.0033245086669921875,0.20853041484375004,0.06466059374999977,0.001278388500213623,17.075000113248826,-13.858848176896572,7.651882886886597,3,-0.40000000000000036
PH20_RAW_00794,E32I;K131R;H194D;M311F;M314R;D321K;Q394T;A413E;V415I;A420S,1.7492163969684085,0.0037954926490783693,-0.0031135082244873047,0.21661298906249993,0.08082574218749938,0.0016469478607177735,17.162500113248825,-18.01455880329013,4.050617218017578,2,-5.3
PH20_RAW_00795,S23T;E32I;H194D;M311L;M314R;D321K;E325K;A372E;Q394T;A413E,1.7491030651545552,0.0029848456382751466,-0.003529071807861328,0.21984601874999993,0.08890831640625008,0.0012289524078369141,20.762500083446504,-12.500074628740549,3.077070713043213,3,-5.3
PH20_RAW_00796,S23T;E32V;K131R;M311F;M314R;E325K;Q394T;A413E;V415I;A420S,1.7486222344061717,0.003972053527832031,-0.003529071807861328,0.20206435546874993,0.08082574218749938,0.0013593077659606934,12.612500125169754,-9.717697899788618,2.891463279724121,3,-5.3
PH20_RAW_00797,S23T;E32V;K131R;H194D;M311L;M314R;D321K;A372E;D417E;A420S,1.7469307077291376,0.0032208085060119627,-0.002908945083618164,0.2036808703124998,0.06466059374999933,0.0020093202590942385,18.05000009536743,-11.012790247797966,6.267569303512573,2,0.0
PH20_RAW_00798,S23T;E32I;K131R;H194D;M311I;M314R;D321K;A372E;E393K;A413E,1.7457506506440412,0.0031157851219177244,-0.0033245086669921875,0.2036808703124998,0.08082574218749938,0.0008702635765075684,18.850000035762786,-10.539358895272017,5.167403697967529,3,-5.3
PH20_RAW_00799,S23T;E32V;K131R;H194D;M311V;M314R;D321K;A372T;A413E;V415I,1.7456001688621032,0.0034365296363830567,-0.003766477108001709,0.20206435546874965,0.056578019531249524,0.0011679530143737793,16.11250009536743,-10.217043682932854,7.66048526763916,2,-5.3
PH20_RAW_00800,E32V;K131R;Q144N;H194D;M311F;D321K;E325K;Q394T;A413E;D417E,1.7454280176262196,0.003626596927642822,-0.0026979446411132812,0.2069138999999997,0.08082574218749938,0.0016373038291931153,18.93750004172325,-16.800599176436663,2.746760368347168,3,-5.3
PH20_RAW_00801,S23T;E32V;K131R;H194D;V238L;M311F;D321K;A372E;V415I;A420T,1.7450380375078975,0.0030644774436950684,-0.0033245086669921875,0.21499647421874962,0.09699089062499944,0.002071714401245117,15.987500023841857,-10.374392483383417,7.223733425140381,1,-0.40000000000000036
PH20_RAW_00802,S23T;E32I;K131R;H194D;I310L;M314R;D321K;Q350R;A413E;T418V,1.7448658741756238,0.002887403964996338,-0.002908945083618164,0.20529738515624985,0.07274316796874958,0.001231241226196289,16.37500010728836,-4.138196796178818,9.126704216003418,3,-5.3
PH20_RAW_00803,S23T;E32I;K131R;H194D;M311F;D321K;A372T;E393K;A413E;V415I,1.7447604730530606,0.003363525867462158,-0.003766477108001709,0.2182295039062498,0.11315603906249949,0.0012309670448303223,15.862499964237212,-12.18712828680873,5.473095417022705,3,-5.3
PH20_RAW_00804,E32V;K131R;H194D;D321K;E325K;Q350R;A372E;Q394T;A413E;V415I,1.744384282591997,0.00350414514541626,-0.0026979446411132812,0.20206435546874957,0.09699089062499944,0.0018508195877075194,17.699999994039537,-14.227247189730406,2.6954452991485596,3,-5.3
PH20_RAW_00805,S23T;E32I;H194D;V238L;M311I;D321K;E325K;Q350R;A372E;A413E,1.7433451725298377,0.0031317472457885742,-0.0033245086669921875,0.2004478406249998,0.09699089062499988,0.0005174636840820313,17.96250001192093,-9.537651758641005,2.925689220428467,3,-5.7
PH20_RAW_00806,E32I;Q144N;H194D;M311F;M314R;D321K;E325K;A372E;Q394T;A413E,1.7429615379456136,0.00331418514251709,-0.003529071807861328,0.21661298906249993,0.08082574218749983,0.0011191725730895995,22.88750006556511,-20.164797753095627,2.853214979171753,3,-5.3
PH20_RAW_00807,S23T;E32V;H194D;V238L;M314R;D321K;Q350R;A372T;A413E;V415I,1.7423517775663948,0.0032613515853881837,-0.003766477108001709,0.2004478406249998,0.09699089062499988,0.0009940505027770997,16.737500107288362,-10.978133469820023,6.86430287361145,3,-5.7
PH20_RAW_00808,S23T;E32V;K131R;H194D;I310L;M314R;E325K;A372E;Q394T;V415I,1.7423499628573258,0.002520930767059326,-0.0031135082244873047,0.2004478406249998,0.08082574218749938,0.001963162422180176,18.437500086426734,-3.960268683731556,6.779739618301392,2,0.0
PH20_RAW_00809,S23T;E32V;H194D;V238L;M311L;M314R;E325K;Q394T;V415I;A420S,1.742178253939173,0.003000485897064209,-0.003529071807861328,0.20044784062500004,0.09699089062499988,0.0015451669692993163,16.38750016987324,-5.894288215786219,4.723126411437988,3,-0.40000000000000036
PH20_RAW_00810,S23T;E32I;K131R;H194D;M314R;D321K;E325K;A372E;Q394T;A413E,1.7420173971662753,0.002899789810180664,-0.0031135082244873047,0.2182295039062499,0.08082574218749983,0.001231241226196289,20.375000071525573,-10.819818295538425,4.51876425743103,3,-5.3
PH20_RAW_00811,S23T;E32T;K131R;H194D;M311F;M314R;D321K;A372T;Q394T;V415I,1.7408869371469968,0.0035374641418457033,-0.0031399130821228027,0.22631207812499987,0.10507346484374969,0.002073967456817627,18.137500071525572,-17.95034648478031,4.163681983947754,3,0.0
PH20_RAW_00812,S23T;E32I;H194D;V238L;M314R;D321K;A372E;E393Q;V415I;A420T,1.7406743108175775,0.002934908866882324,-0.003740072250366211,0.20368087031249987,0.07274316796875002,0.0013374924659729005,18.612500035762785,-8.404090095311403,7.814812183380127,3,-0.40000000000000036
PH20_RAW_00813,S23T;E32I;H194D;M311I;M314R;D321K;E325K;A372E;Q394T;A413E,1.7403076390810415,0.003004288673400879,-0.003529071807861328,0.22146253359374982,0.08082574218749983,0.0007581949234008789,21.037500083446503,-12.718879614025354,2.6240289211273193,3,-5.3
PH20_RAW_00814,S23T;E32V;K131R;H194D;V238L;M311F;E325K;Q394T;V415I;A420S,1.7399461565606749,0.0030643224716186525,-0.0031135082244873047,0.20529738515624993,0.11315603906249949,0.001725006103515625,14.800000086426735,-6.945351880043745,4.572214841842651,2,-0.40000000000000036
PH20_RAW_00815,S23T;E32V;Q144N;H194D;M311F;M314R;D321K;A372T;A413E;T418V,1.7393935347274811,0.0030475854873657227,-0.004182040691375732,0.21337995937499973,0.07274316796874958,0.0010864615440368652,19.15000010728836,-12.477163143455982,7.416578531265259,2,-5.3
PH20_RAW_00816,E32V;K131R;H194D;V238L;D321K;E325K;A372T;Q394T;A413E;V415I,1.7393493425470956,0.003488445281982422,-0.003555476665496826,0.2036808703124997,0.08082574218749938,0.0013471245765686035,16.349999994039536,-10.732888080179691,3.630174160003662,3,-5.7
PH20_RAW_00817,S23T;E32I;Q144N;H194D;M311F;D321K;E325K;A372E;Q394T;V415I,1.7387212851219969,0.003066396713256836,-0.003529071807861328,0.22307904843749995,0.09699089062500033,0.0014090657234191895,20.387500011920928,-14.999843511730433,4.662661075592041,3,0.0
PH20_RAW_00818,E32V;K131R;H194D;D321K;E325K;A372E;Q394T;A413E;V415I;A420T,1.7386726193495157,0.0034290671348571776,-0.0031135082244873047,0.20368087031249943,0.07274316796874913,0.00228579044342041,17.699999994039537,-12.838366150856018,2.910813093185425,2,-5.3
PH20_RAW_00819,S23T;E32T;K131R;H194D;V238L;M311F;M314R;E325K;Q394T;T418V,1.7386058951436816,0.0030701160430908203,-0.0026979446411132812,0.20691389999999998,0.11315603906249949,0.001746523380279541,17.07500013411045,-9.297864083200693,3.204131841659546,3,-0.40000000000000036
PH20_RAW_00820,E32V;K131R;H194D;M311I;D321K;E325K;A372T;A413E;D417E;D419E,1.7385219727416175,0.003759288787841797,-0.0033509135246276855,0.2052973851562494,0.056578019531248636,0.0012714624404907226,16.412499994039536,-11.579375948756933,1.777327299118042,3,-5.3
PH20_RAW_00821,S23T;E32I;K131R;H194D;M311I;M314R;D321K;E393Q;A413E;T418V,1.7383032120481028,0.0029474854469299316,-0.0033245086669921875,0.2117634445312498,0.056578019531249524,0.0006339550018310547,16.725000071525574,-3.489908952265978,6.736691236495972,3,-5.3
PH20_RAW_00822,S23T;E32V;K131R;H194D;M311F;M314R;E325K;A372S;A413E;V415I,1.7380481035566655,0.0031490683555603026,-0.0033245086669921875,0.20853041484374968,0.08890831640624963,0.0014364123344421387,15.662500157952309,-8.070621125400066,5.543105363845825,2,-5.3
PH20_RAW_00823,S23T;E32I;K131R;H194D;M311F;M314R;D321K;Q350R;A413E;V415I,1.7379070538868615,0.0032154083251953124,-0.002908945083618164,0.23116162265624984,0.11315603906249994,0.0012309670448303223,16.437500131130218,-12.55893050134182,6.714674472808838,3,-5.3
PH20_RAW_00824,S23T;E32I;K131R;H194D;M311I;M314R;D321K;A413E;V415I;A420K,1.7371763878153885,0.003616368770599365,-0.002908945083618164,0.20853041484374976,0.056578019531249524,0.0012207746505737305,15.550000131130219,-9.369304046034813,4.274774551391602,3,-5.3
PH20_RAW_00825,S23T;E32V;H194D;M314R;D321K;Q350R;A372E;A413E;V415I;A420T,1.7370565457914673,0.0032019734382629393,-0.0033245086669921875,0.2004478406249995,0.08890831640624963,0.0019327163696289062,18.08750010728836,-13.293543748557568,6.144941806793213,2,-5.3
PH20_RAW_00826,S23T;E32T;K131R;Q144N;H194D;M311F;M314R;D321K;A372T;T418V,1.7367105401331677,0.003302264213562012,-0.0033509135246276855,0.21176344453124987,0.07274316796874958,0.0017480969429016114,18.675000071525574,-13.509651806205511,6.610223054885864,3,0.0
PH20_RAW_00827,S23T;E32T;K131R;H194D;V238L;M311F;M314R;D321K;Q394T;A420T,1.7364759695949998,0.003395044803619385,-0.0026979446411132812,0.21661298906249993,0.10507346484374969,0.002181220054626465,18.01250011920929,-15.898368638008833,4.724565267562866,3,-0.40000000000000036
PH20_RAW_00828,E32I;K131R;H194D;M311F;M314R;D321K;A372E;E393K;A413E;D417E,1.7362854034986215,0.0036172032356262206,-0.002908945083618164,0.20853041484374976,0.096990890624999,0.0014039278030395508,19.637500017881393,-20.21720426157117,3.5385029315948486,3,-5.3
PH20_RAW_00829,S23T;E32I;H194D;I310L;M314R;D321K;A372E;E393Q;D417E;A420T,1.7362490344971622,0.002821505069732666,-0.0033245086669921875,0.2004478406249998,0.056578019531249524,0.0016880035400390625,20.27500001192093,-8.575082655996084,7.8871009349823,3,0.0
PH20_RAW_00830,E32V;K131R;H194D;V238L;M311L;M314R;D321K;A413E;V415I;A420T,1.7358895847063645,0.0034618020057678224,-0.0033245086669921875,0.20206435546874965,0.06466059374999933,0.0018918752670288087,15.125000125169754,-9.372151914983988,6.188802242279053,2,-5.7
PH20_RAW_00831,E32V;K131R;Q144N;H194D;M311F;M314R;D321K;Q394T;A413E;V415I,1.7349921529089753,0.0035583138465881347,-0.0031135082244873047,0.20691389999999982,0.07274316796874958,0.0017024993896484375,18.500000125169755,-17.44537780061364,5.517135143280029,2,-5.3
PH20_RAW_00832,S23T;E32V;H194D;V238L;I310L;M314R;E325K;Q394T;V415I;A420T,1.7348643229331366,0.0025818586349487306,-0.003529071807861328,0.20206435546874985,0.08890831640624963,0.0017805218696594239,17.18750014603138,-2.520218189805746,7.344184398651123,3,-0.40000000000000036
PH20_RAW_00833,S23T;E32I;H194D;M311F;M314R;E325K;Q394T;A413E;V415I;D419E,1.7343303322933425,0.0032029986381530763,-0.003529071807861328,0.2101469296874999,0.10507346484374969,0.0014049291610717773,17.300000157952308,-12.016826309263706,2.332165241241455,2,-5.3
PH20_RAW_00834,S23T;E32I;K131R;H194D;I310L;D321K;E325K;Q394T;A413E;T418S,1.7339325637432716,0.003273189067840576,-0.0026979446411132812,0.20368087031249998,0.06466059374999977,0.001320803165435791,17.38750002384186,-8.435981310904026,3.583913803100586,3,-5.3
PH20_RAW_00835,S23T;E32V;H194D;V238L;M311I;M314R;D321K;A372E;V415I;A420T,1.7337724158937229,0.0030200839042663573,-0.003740072250366211,0.2117634445312496,0.07274316796874958,0.0014211177825927735,17.85000010728836,-9.755874391645193,6.921603202819824,2,-0.40000000000000036
PH20_RAW_00836,S23T;E32I;K131R;H194D;M311F;M314R;D321K;Q350R;A413E;D419E,1.7331165054319688,0.003282749652862549,-0.002908945083618164,0.22307904843749987,0.10507346484374969,0.0012537598609924316,16.887500131130217,-13.202492613345385,6.087499380111694,3,-5.3
PH20_RAW_00837,S23T;E32V;H194D;I310L;M314R;E325K;A372T;Q394T;V415I;D419E,1.732904087885953,0.002791619300842285,-0.00397104024887085,0.2036808703124998,0.08082574218749938,0.0016960620880126954,17.762500098347665,-5.287606064230204,6.156126022338867,3,0.0
PH20_RAW_00838,S23T;E32I;H194D;M311F;M314R;D321K;A372E;Q394T;A413E;V415I,1.7326602535984583,0.00325697660446167,-0.003529071807861328,0.21499647421874987,0.09699089062499988,0.00147169828414917,19.562500095367433,-18.439726527780294,3.834719657897949,1,-5.3
PH20_RAW_00839,S23T;E32I;K131R;H194D;V238L;D321K;E325K;A372E;Q394T;A420S,1.7323881355148931,0.003005993366241455,-0.0031135082244873047,0.20368087031250007,0.08082574218749983,0.0013435840606689452,18.15,-8.365255989134312,4.999882459640503,3,-0.40000000000000036
PH20_RAW_00840,S23T;E32V;K131R;Q144N;H194D;M311F;D321K;Q394T;V415I;D419E,1.7319234073136012,0.003377866744995117,-0.0031135082244873047,0.20529738515624985,0.08082574218749983,0.0020151853561401365,16.450000071525572,-12.652983140200377,6.699406147003174,2,0.0
PH20_RAW_00841,E32I;K131R;Q144N;H194D;M311F;D321K;E325K;Q394T;A413E;V415I,1.731175163490779,0.003527557849884033,-0.0031135082244873047,0.21499647421874987,0.08082574218749983,0.0014090657234191895,17.937500029802322,-14.874374400824308,3.476818323135376,3,-5.3
PH20_RAW_00842,E32I;K131R;H194D;M311F;M314R;D321K;A372S;A413E;V415I;A420S,1.731034050631956,0.00398644208908081,-0.0033245086669921875,0.20529738515624985,0.056578019531249524,0.0014706969261169434,15.800000113248824,-16.987767182290554,5.502625942230225,2,-5.3
PH20_RAW_00843,S23T;E32V;K131R;H194D;M311F;M314R;E325K;A372E;A413E;D417E,1.7310117913491487,0.0028725981712341307,-0.002908945083618164,0.20368087031249962,0.096990890624999,0.0016344547271728515,18.650000110268593,-10.943493347615004,3.2159347534179688,1,-5.3
PH20_RAW_00844,S23T;E32I;K131R;Q144N;H194D;I310L;D321K;E325K;A372E;A420T,1.7302440327831283,0.0025799036026000976,-0.0033245086669921875,0.2036808703124998,0.04849544531249972,0.001778554916381836,19.34999997615814,-3.6391941644251347,8.706397294998169,3,0.0
PH20_RAW_00845,S23T;E32V;K131R;H194D;V238L;M311V;M314R;D321K;V415I;A420T,1.7299476771025175,0.0032267689704895018,-0.0033245086669921875,0.21014692968749973,0.06466059374999977,0.0014504551887512206,15.312500143051148,-7.363140717148781,9.961597919464111,3,-0.40000000000000036
PH20_RAW_00846,E32I;K131R;H194D;V238L;M311F;D321K;E325K;A372E;Q394T;A420S,1.7298484130846656,0.0033353328704833984,-0.0031135082244873047,0.22146253359374998,0.09699089062499944,0.0014064908027648926,18.774999982118608,-15.477424275130033,3.3380606174468994,3,-0.40000000000000036
PH20_RAW_00847,E32I;K131R;H194D;M311L;D321K;E325K;A372T;A413E;V415I;D419E,1.7294911465664393,0.0036408066749572753,-0.003766477108001709,0.21176344453124968,0.06466059374999933,0.0015139818191528321,15.137499982118607,-9.596773374825716,2.9604270458221436,3,-5.3
PH20_RAW_00848,E32I;K131R;Q144N;H194D;M311F;D321K;E325K;Q394T;A413E;D419E,1.7285891920050325,0.0035948991775512696,-0.0031135082244873047,0.2069138999999999,0.07274316796874958,0.0014318585395812987,18.38750002980232,-15.41772846877575,2.8496432304382324,3,-5.3
PH20_RAW_00849,S23T;E32V;K131R;H194D;M311I;M314R;D321K;Q394T;V415I;D419E,1.7281524958121575,0.003248417377471924,-0.0031135082244873047,0.22146253359374973,0.07274316796874958,0.0015395641326904296,16.425000143051147,-9.302627816796303,6.401003360748291,3,0.0
PH20_RAW_00850,E32V;K131R;H194D;M311F;D321K;Q350R;Q394T;A413E;V415I;A420S,1.7280021288034089,0.00386584997177124,-0.0026979446411132812,0.2036808703124997,0.10507346484374924,0.002028369903564453,15.28750005364418,-17.98797459155321,3.3305840492248535,2,-5.3
PH20_RAW_00851,S23T;E32V;K131R;H194D;M314R;D321K;A372T;E393Q;A413E;D417E,1.7267903721441826,0.003103530406951904,-0.0033509135246276855,0.2004478406249997,0.06466059374999933,0.0012203216552734374,18.087500035762787,-8.887378007173538,6.441313982009888,3,-5.3
PH20_RAW_00852,E32V;K131R;H194D;V238L;M311F;D321K;E325K;A372S;Q394T;A413E,1.7259441169357623,0.0036334872245788576,-0.0031135082244873047,0.20853041484374976,0.08890831640624963,0.001261436939239502,16.73750004172325,-14.880075328052044,3.533432960510254,3,-5.7
PH20_RAW_00853,S23T;E32I;K131R;H194D;M311L;M314R;D321K;A372E;V415I;A420S,1.7255849754904407,0.0031217694282531737,-0.0033245086669921875,0.21176344453124996,0.06466059374999977,0.0017810821533203124,17.050000083446502,-9.408969022333622,6.997627258300781,2,0.0
PH20_RAW_00854,S23T;E32I;H194D;M311F;M314R;D321K;Q350R;A413E;D417E;D419E,1.725203039409725,0.0035593271255493163,-0.002908945083618164,0.21337995937499982,0.10507346484374969,0.0012514710426330567,17.712500143051148,-17.634421158581972,4.225685119628906,3,-5.3
PH20_RAW_00855,E32V;K131R;H194D;M311F;D321K;E325K;Q350R;A372E;A413E;T418S,1.72469886136061,0.003671920299530029,-0.0024933815002441406,0.2198460187499996,0.10507346484374924,0.001499319076538086,18.374999994039534,-19.279601491987705,1.1752302646636963,3,-5.3
PH20_RAW_00856,S23T;E32I;H194D;V238L;M311V;D321K;E325K;A372E;Q394T;V415I,1.7243029970943549,0.0033126592636108397,-0.003529071807861328,0.20044784062499996,0.08082574218750027,0.0009627819061279296,17.87500001192093,-12.16602136194706,4.825958490371704,3,-0.40000000000000036
PH20_RAW_00857,S23T;E32I;K131R;H194D;M311F;D321K;Q394T;A413E;V415I;D419E,1.7242058616259255,0.0035376906394958495,-0.0031135082244873047,0.20529738515624985,0.08890831640624963,0.0017843842506408691,15.062500059604645,-13.423659335821867,3.8311479091644287,1,-5.3
PH20_RAW_00858,S23T;E32I;H194D;M311I;D321K;E325K;Q394T;A413E;D417E;D419E,1.723738884346305,0.0035615801811218263,-0.0031135082244873047,0.20206435546874973,0.07274316796874958,0.0010685920715332031,17.362500059604645,-12.143872637301683,0.7586429119110107,3,-5.3
PH20_RAW_00859,S23T;E32I;K131R;V238L;M311F;M314R;D321K;A372E;V415I;D419E,1.72358962381551,0.0040057778358459474,-0.003740072250366211,0.20853041484375004,0.06466059374999977,0.0010247588157653808,13.175000050663948,-12.580196309834719,6.240079402923584,3,-0.40000000000000036
PH20_RAW_00860,S23T;E32I;K131R;H194D;V238L;D321K;E325K;Q394T;A413E;T418V,1.7230881490606829,0.0029704809188842774,-0.0031135082244873047,0.20529738515624993,0.08082574218749983,0.000993359088897705,15.950000047683716,-4.342871867120266,5.061758279800415,3,-5.7
PH20_RAW_00861,E32V;K131R;H194D;V238L;M311F;M314R;D321K;Q394T;A413E;T418V,1.7223622236238774,0.0033305764198303224,-0.0031135082244873047,0.2149964742187498,0.08890831640624919,0.0013496994972229004,17.137500125169755,-14.11709775403142,5.440253257751465,2,-5.7
PH20_RAW_00862,E32V;K131R;H194D;I310L;M314R;D321K;A372T;Q394T;A413E;V415I,1.7216487339839535,0.003306758403778076,-0.003555476665496826,0.2004478406249997,0.05657801953124908,0.001762831211090088,17.57500005364418,-11.677725970745087,6.472837686538696,2,-5.3
PH20_RAW_00863,S23T;E32V;H194D;I310L;M314R;D321K;A372T;Q394T;D417E;A420S,1.7213929644885428,0.003126692771911621,-0.003555476665496826,0.20368087031249987,0.06466059374999933,0.0016976356506347655,19.2500000834465,-12.051552563905716,7.116049528121948,3,0.0
PH20_RAW_00864,S23T;E32V;K131R;H194D;M311F;M314R;E325K;A372S;V415I;D419E,1.7210182295903196,0.0031490683555603026,-0.0033245086669921875,0.2182295039062497,0.08890831640624963,0.0016344547271728515,15.437500157952309,-7.957612723112106,6.6561596393585205,3,0.0
PH20_RAW_00865,S23T;E32I;H194D;V238L;M311F;M314R;D321K;Q350R;A413E;T418V,1.720981325679066,0.0030727267265319826,-0.0033245086669921875,0.21984601874999993,0.11315603906249994,0.0007031917572021485,16.962500143051148,-11.81708263233304,6.6340651512146,3,-5.7
PH20_RAW_00866,S23T;E32V;K131R;H194D;V238L;M311F;M314R;E325K;A413E;A420T,1.7201289227526835,0.0026569485664367674,-0.0033245086669921875,0.2149964742187497,0.10507346484374924,0.0014541029930114746,16.57500015795231,-5.585636794567108,5.642193794250488,2,-5.7
PH20_RAW_00867,S23T;E32V;H194D;V238L;M311L;D321K;E325K;A372E;Q394T;D417E,1.7200314952342077,0.003045392036437988,-0.0031135082244873047,0.20529738515624985,0.09699089062499988,0.0015695333480834962,18.812500023841856,-11.394573010504246,3.1666200160980225,3,-0.40000000000000036
PH20_RAW_00868,S23T;E32I;H194D;V238L;M311I;D321K;E325K;Q394T;A413E;T418V,1.7192991849856112,0.003074979782104492,-0.003529071807861328,0.20853041484374985,0.08082574218749983,0.0005203127861022949,16.612500059604645,-6.336442548781633,3.167022943496704,3,-5.7
PH20_RAW_00869,S23T;E32V;K131R;H194D;M311F;M314R;E325K;A372T;A413E;D419E,1.7189203680796457,0.0028667092323303224,-0.003766477108001709,0.21661298906249965,0.096990890624999,0.001369643211364746,17.150000110268593,-8.318857379257679,4.454135417938232,2,-5.3
PH20_RAW_00870,S23T;E32V;K131R;H194D;M311I;D321K;E325K;A372T;A413E;D417E,1.7184632190643385,0.003157949447631836,-0.0033509135246276855,0.21661298906249948,0.07274316796874913,0.0010105133056640624,16.762500011920928,-7.559443846344948,3.5077881813049316,3,-5.3
PH20_RAW_00871,E32I;K131R;H194D;V238L;M311F;D321K;E325K;Q394T;A413E;T418V,1.7183023705505909,0.003299820423126221,-0.0031135082244873047,0.22307904843749987,0.09699089062499944,0.0010562658309936524,16.57500002980232,-11.557133611291647,3.3999364376068115,3,-5.7
PH20_RAW_00872,S23T;E32I;K131R;H194D;I310L;M314R;D321K;Q350R;A372E;V415I,1.717638610708644,0.0027782201766967775,-0.002908945083618164,0.21176344453124987,0.08082574218749983,0.0015814661979675292,17.850000059604646,-7.712148081511259,9.40331745147705,3,0.0
PH20_RAW_00873,S23T;E32V;K131R;Q144N;H194D;M311L;M314R;D321K;A372E;V415I,1.716722079583168,0.0028845906257629395,-0.0033245086669921875,0.20206435546874985,0.05657801953124997,0.0018366336822509765,18.387500095367432,-8.596090376377106,8.464145183563232,2,0.0
PH20_RAW_00874,S23T;E32T;H194D;V238L;M311F;M314R;D321K;A372T;Q394T;T418V,1.7167034634939435,0.003394782543182373,-0.003555476665496826,0.21499647421874996,0.09699089062499677,0.001546192169189453,18.662500083446503,-16.803616661578417,4.083072662353516,3,-0.40000000000000036
PH20_RAW_00875,S23T;E32T;K131R;Q144N;H194D;M311F;M314R;E325K;A372T;V415I,1.7155734957458748,0.0031391024589538575,-0.0033509135246276855,0.20368087031249987,0.08890831640624963,0.0018335103988647461,18.112500086426735,-11.346880983561277,4.271227598190308,3,0.0
PH20_RAW_00876,S23T;E32V;K131R;H194D;D321K;E325K;A372E;Q394T;A413E;A420T,1.715348621296399,0.002895069122314453,-0.0031135082244873047,0.20691389999999954,0.08082574218749938,0.0020476341247558593,18.50000001192093,-9.392664156854153,4.014098882675171,2,-5.3
PH20_RAW_00877,S23T;E32I;H194D;I310L;M314R;D321K;Q350R;A372T;A413E;V415I,1.715246757690982,0.003048908710479736,-0.003766477108001709,0.20529738515624985,0.08082574218749983,0.001116323471069336,17.400000071525575,-9.60594168305397,7.666649580001831,3,-5.3
PH20_RAW_00878,S23T;E32I;K131R;H194D;V238L;I310L;M314R;D321K;A372T;V415I,1.7151792058419268,0.0027625203132629395,-0.003766477108001709,0.213379959375,0.06466059374999977,0.0010777711868286133,16.500000059604645,-4.100719191133976,10.338046312332153,3,-0.40000000000000036
PH20_RAW_00879,S23T;E32V;K131R;Q144N;H194D;I310L;M314R;D321K;Q394T;T418V,1.7137391952054493,0.0026289701461791994,-0.0031135082244873047,0.20206435546874993,0.04849544531249972,0.0016398668289184571,18.56250011920929,-4.488210424780846,10.772680044174194,3,0.0
PH20_RAW_00880,S23T;E32I;Q144N;H194D;M311F;M314R;D321K;Q394T;V415I;A420S,1.712932778545702,0.0032792091369628906,-0.003529071807861328,0.21822950390625015,0.08082574218750027,0.0014090657234191895,19.175000143051147,-16.23619556054473,6.890404939651489,3,0.0
PH20_RAW_00881,S23T;E32V;K131R;Q144N;H194D;M311F;M314R;D321K;Q394T;A413E,1.7122367040120476,0.00302431583404541,-0.0031135082244873047,0.2101469296874999,0.08082574218749983,0.0014643430709838866,19.300000143051147,-13.973832663148642,6.620420932769775,2,-5.3
PH20_RAW_00882,E32V;K131R;H194D;V238L;I310L;M314R;D321K;Q394T;V415I;A420T,1.7121935350290856,0.0030969977378845215,-0.0031135082244873047,0.20853041484374976,0.06466059374999933,0.0020453333854675293,16.775000101327898,-8.542127877473831,8.773950338363647,3,-0.40000000000000036
PH20_RAW_00883,E32V;K131R;H194D;V238L;M311F;D321K;E325K;A372T;Q394T;A413E,1.712168762580033,0.003283786773681641,-0.003555476665496826,0.22469556328124973,0.10507346484374924,0.001171875,17.774999994039536,-14.459211621433496,3.0716381072998047,3,-5.7
PH20_RAW_00884,S23T;E32V;H194D;M311F;D321K;Q350R;A372E;Q394T;A413E;V415I,1.7120334960192436,0.003327333927154541,-0.0031135082244873047,0.20206435546874965,0.12123861328124974,0.0018531203269958497,17.68750003576279,-18.38643728941679,3.1146864891052246,1,-5.3
PH20_RAW_00885,E32I;K131R;H194D;M311F;M314R;D321K;Q394T;A413E;V415I;D419E,1.7113209530520876,0.003718137741088867,-0.0031135082244873047,0.21661298906249984,0.08082574218749938,0.0016697406768798827,16.887500113248826,-18.054126512259245,3.7619311809539795,2,-5.3
PH20_RAW_00886,S23T;E32I;Q144N;H194D;V238L;M311F;D321K;E325K;A372E;A420T,1.7109193566754102,0.0027652263641357424,-0.003740072250366211,0.2182295039062499,0.08890831640625008,0.0012505054473876953,19.93750001192093,-11.110813073813915,6.213758230209351,3,-0.40000000000000036
PH20_RAW_00887,S23T;E32I;K131R;H194D;I310L;M314R;D321K;A372E;Q394T;A420S,1.7100035188302605,0.0028243064880371094,-0.0031135082244873047,0.20044784062500004,0.056578019531249524,0.0017592906951904297,19.375000059604645,-9.523003339767456,7.842545986175537,2,0.0
PH20_RAW_00888,S23T;E32T;K131R;H194D;M311F;D321K;Q350R;A372E;Q394T;V415I,1.7091825865575205,0.00358201265335083,-0.002282381057739258,0.2004478406249998,0.12123861328124574,0.0025147557258605956,17.2125,-19.426558446139097,2.30833101272583,2,0.0
PH20_RAW_00889,S23T;E32V;K131R;H194D;V238L;M311F;M314R;E325K;V415I;A420T,1.7084475327175344,0.0025896072387695313,-0.0033245086669921875,0.2327781374999997,0.11315603906249949,0.0016293525695800781,15.90000015795231,-4.8037055768072605,7.382423162460327,3,-0.40000000000000036
PH20_RAW_00890,S23T;E32V;H194D;V238L;M311L;M314R;E325K;A372T;V415I;A420S,1.7084325323977632,0.0028417348861694337,-0.004182040691375732,0.20529738515624993,0.08890831640624963,0.0012793540954589844,16.062500122189523,-4.527906563133001,5.7133402824401855,3,-0.40000000000000036
PH20_RAW_00891,S23T;E32V;K131R;Q144N;H194D;M311I;M314R;D321K;A372E;V415I,1.7078170915894886,0.002904033660888672,-0.0033245086669921875,0.2036808703124997,0.04849544531249972,0.0013658761978149413,18.66250009536743,-8.819875448942184,8.011103391647339,2,0.0
PH20_RAW_00892,S23T;E32V;H194D;V238L;M311L;M314R;D321K;A372T;A413E;T418V,1.7076395520411505,0.002927541732788086,-0.004182040691375732,0.2036808703124998,0.07274316796874958,0.001018691062927246,16.57500010728836,-6.891637805849314,6.650595426559448,2,-5.7
PH20_RAW_00893,S23T;E32V;K131R;H194D;M311F;M314R;E325K;A372T;V415I;D419E,1.7075503152770857,0.002799367904663086,-0.003766477108001709,0.23439465234374968,0.10507346484374924,0.0015448927879333496,16.475000110268592,-7.5227744691073895,6.194364786148071,3,0.0
PH20_RAW_00894,E32V;K131R;Q144N;H194D;V238L;M311F;M314R;D321K;Q350R;A413E,1.7072241026659174,0.003332221508026123,-0.002908945083618164,0.20044784062499987,0.08890831640624741,0.0011089682579040528,18.050000125169753,-15.203309539705515,6.852864503860474,3,-5.7
PH20_RAW_00895,S23T;E32V;K131R;Q144N;M311F;M314R;D321K;A413E;V415I;A420T,1.7068274178161782,0.003917086124420166,-0.003740072250366211,0.20529738515624976,0.04849544531249972,0.0014681339263916016,13.362500110268593,-11.381858762353659,7.196926832199097,3,-5.3
PH20_RAW_00896,E32I;K131R;H194D;V238L;I310L;D321K;E325K;A372E;Q394T;T418V,1.70682102887956,0.0028626322746276855,-0.0031135082244873047,0.20368087031249987,0.06466059374999933,0.0014067649841308593,17.98749995827675,-6.310937486588955,6.088579416275024,3,-0.40000000000000036
PH20_RAW_00897,S23T;E32V;K131R;H194D;V238L;M311F;D321K;A372T;A413E;T418V,1.706738817148538,0.0029913783073425293,-0.003766477108001709,0.20853041484374968,0.08890831640624919,0.0011985301971435547,14.987500023841857,-7.882184993475676,6.499683856964111,1,-5.7
PH20_RAW_00898,S23T;E32V;H194D;V238L;M311I;M314R;D321K;Q350R;A372E;D419E,1.7061964231745537,0.0031625032424926758,-0.0033245086669921875,0.20206435546874973,0.07274316796874691,0.0010089397430419922,18.300000107288362,-11.614081662148237,6.079060316085815,3,-0.40000000000000036
PH20_RAW_00899,S23T;E32V;H194D;V238L;M311L;M314R;E325K;Q394T;V415I;D419E,1.7059830575490207,0.002923130989074707,-0.003529071807861328,0.20044784062499996,0.09699089062499988,0.0015679597854614258,16.112500169873236,-5.856571946293116,4.43444037437439,3,-0.40000000000000036
PH20_RAW_00900,E32I;K131R;Q144N;H194D;M311F;M314R;D321K;A372E;E393Q;D419E,1.7051536797319213,0.0032155394554138185,-0.0033245086669921875,0.20529738515624993,0.056578019531249524,0.001367950439453125,20.500000005960466,-15.325414091348648,6.6153154373168945,3,0.0
PH20_RAW_00901,S23T;E32V;H194D;V238L;M311F;M314R;E325K;Q350R;A372E;D419E,1.7051242526463923,0.002872204780578613,-0.0033245086669921875,0.21014692968749982,0.10507346484374702,0.0012800812721252442,18.675000122189523,-11.111999198794365,4.882207870483398,3,-0.40000000000000036
PH20_RAW_00902,S23T;E32V;K131R;Q144N;H194D;V238L;M311F;D321K;Q350R;V415I,1.7050873542616318,0.003084433078765869,-0.002908945083618164,0.2069138999999999,0.10507346484375013,0.0013988614082336426,15.550000071525574,-9.942741461098194,8.662310600280762,3,-0.40000000000000036
PH20_RAW_00903,S23T;E32I;K131R;H194D;M311F;D321K;E325K;Q394T;A413E;D417E,1.7050049977334871,0.003185081481933594,-0.0026979446411132812,0.22792859296874984,0.10507346484374969,0.0013435959815979003,17.675000047683717,-13.239100620150566,2.722017288208008,3,-5.3
PH20_RAW_00904,S23T;E32V;K131R;H194D;V238L;M311L;D321K;A372T;V415I;A420S,1.704821215760192,0.003176426887512207,-0.003766477108001709,0.20044784062499987,0.07274316796874958,0.0016588091850280762,13.825000023841858,-5.6386871337890625,7.212322950363159,2,-0.40000000000000036
PH20_RAW_00905,S23T;E32I;K131R;H194D;M311F;M314R;E325K;A413E;D417E;A420S,1.7021868899419836,0.003054654598236084,-0.002908945083618164,0.2069138999999999,0.08890831640624919,0.0013410210609436034,16.87500014603138,-9.573360424488783,3.4033617973327637,2,-5.3
PH20_RAW_00906,S23T;E32V;K131R;H194D;M311I;M314R;D321K;A372E;D417E;D419E,1.7018707173798824,0.0031628966331481933,-0.002908945083618164,0.20529738515624957,0.05657801953124908,0.0015613555908203125,18.05000009536743,-11.197032049298286,5.525841474533081,2,0.0
PH20_RAW_00907,S23T;E32V;K131R;Q144N;H194D;M311F;M314R;D321K;Q394T;V415I,1.7017501803957364,0.002956974506378174,-0.0031135082244873047,0.22792859296874993,0.08890831640625008,0.0016395926475524902,18.625000143051146,-13.13758933544159,8.360650300979614,3,0.0
PH20_RAW_00908,E32V;K131R;H194D;M311L;D321K;E325K;A372E;Q394T;A413E;T418V,1.7004196780069616,0.003170335292816162,-0.0031135082244873047,0.20529738515624957,0.07274316796874913,0.001875460147857666,17.537499994039536,-10.561314210295677,2.4817378520965576,2,-5.3
PH20_RAW_00909,S23T;E32I;H194D;V238L;M311L;D321K;E325K;A372E;Q394T;V415I,1.700011751765042,0.002946352958679199,-0.003529071807861328,0.213379959375,0.09699089062500033,0.0013412952423095704,17.81250001192093,-9.730479568243027,3.8966779708862305,3,-0.40000000000000036
PH20_RAW_00910,S23T;E32V;K131R;H194D;V238L;M311L;M314R;D321K;Q394T;A420S,1.6989031978823659,0.0029816269874572755,-0.0031135082244873047,0.2101469296875001,0.08082574218749983,0.001571822166442871,16.775000143051148,-8.346871823072433,7.256178140640259,3,-0.40000000000000036
PH20_RAW_00911,E32V;K131R;H194D;M311L;D321K;E325K;Q394T;A413E;V415I;A420T,1.6984563520411473,0.0033739447593688966,-0.0031135082244873047,0.21822950390624954,0.08082574218749938,0.002220594882965088,15.762500041723252,-10.381448596715927,3.1267919540405273,3,-5.3
PH20_RAW_00912,S23T;E32I;H194D;M311F;M314R;E325K;A372T;A413E;V415I;D419E,1.6984312925851999,0.0030442476272583008,-0.004182040691375732,0.2149964742187498,0.09699089062499944,0.0011391162872314454,16.975000110268592,-10.748322755098343,3.3223791122436523,2,-5.3
PH20_RAW_00913,S23T;E32V;K131R;M311F;M314R;D321K;A372E;Q394T;V415I;D419E,1.698225549462303,0.003948676586151123,-0.003529071807861328,0.21661298906249984,0.07274316796874958,0.0016469120979309081,14.375000062584878,-15.785397805273533,5.218385934829712,3,0.0
PH20_RAW_00914,S23T;E32V;K131R;H194D;M314R;D321K;Q350R;A372E;A413E;T418V,1.6981006159230616,0.0028581857681274415,-0.002908945083618164,0.2004478406249996,0.08082574218749672,0.001524674892425537,17.53750009536743,-9.046113681048155,7.157560110092163,2,-5.3
PH20_RAW_00915,S23T;E32I;H194D;D321K;E325K;Q350R;A372E;Q394T;A413E;V415I,1.6976984278869414,0.0031476855278015138,-0.0031135082244873047,0.2036808703124998,0.10507346484375013,0.001382136344909668,18.325000011920928,-13.341591533273458,2.6669747829437256,3,-5.3
PH20_RAW_00916,S23T;E32I;K131R;H194D;V238L;D321K;E325K;A413E;D417E;A420T,1.6966874226571311,0.003088569641113281,-0.002908945083618164,0.20206435546874973,0.07274316796874958,0.0013602852821350097,15.800000047683715,-5.973575122654438,4.831650495529175,3,-5.7
PH20_RAW_00917,E32V;K131R;H194D;M311F;M314R;D321K;Q350R;A413E;V415I;A420T,1.696248787133425,0.0033911347389221193,-0.002908945083618164,0.23116162265624948,0.10507346484374924,0.0019327163696289062,16.387500125169755,-15.857906371355057,6.140792369842529,3,-5.3
PH20_RAW_00918,S23T;E32I;H194D;V238L;M311L;M314R;D321K;Q350R;A413E;V415I,1.6957020224437724,0.003180420398712158,-0.0033245086669921875,0.20206435546875,0.09699089062500033,0.0009882211685180663,15.750000143051148,-9.839621424674988,5.9449639320373535,3,-5.7
PH20_RAW_00919,E32V;K131R;H194D;V238L;M311F;M314R;E325K;Q394T;V415I;D419E,1.6949691108885245,0.003167414665222168,-0.0031135082244873047,0.21661298906249984,0.10507346484374924,0.001633155345916748,16.350000140070915,-11.351600091904402,4.2143120765686035,3,-0.40000000000000036
PH20_RAW_00920,S23T;E32I;H194D;D321K;E325K;A372E;Q394T;A413E;V415I;A420T,1.694461534117536,0.003072607517242432,-0.003529071807861328,0.20529738515624968,0.08082574218749983,0.0018171072006225586,18.325000011920928,-11.840220972895622,2.882342576980591,2,-5.3
PH20_RAW_00921,E32V;Q144N;H194D;M311F;M314R;D321K;Q350R;A413E;V415I;A420T,1.6940959628258243,0.0034761905670166017,-0.0033245086669921875,0.2117634445312496,0.08890831640624963,0.0017577409744262695,18.275000137090682,-18.346930611878633,6.1370649337768555,3,-5.3
PH20_RAW_00922,S23T;E32V;K131R;H194D;I310L;M314R;D321K;A372E;Q394T;D417E,1.6932740902190409,0.00277864933013916,-0.0026979446411132812,0.2004478406249998,0.06466059374999933,0.0019875288009643553,19.650000071525575,-10.748751316219568,7.450977087020874,2,0.0
PH20_RAW_00923,S23T;E32I;K131R;H194D;M311F;D321K;E325K;A372S;A413E;D417E,1.6931650922406165,0.0033760309219360352,-0.002908945083618164,0.21661298906249976,0.08082574218749983,0.0011673450469970703,16.312500047683717,-11.92401623353362,4.174026012420654,3,-5.3
PH20_RAW_00924,S23T;E32V;K131R;H194D;V238L;M311I;M314R;D321K;V415I;A420T,1.6928223654389944,0.002879905700683594,-0.0033245086669921875,0.22469556328124965,0.07274316796874958,0.0013582110404968262,15.525000143051148,-5.3299784660339355,8.579275608062744,3,-0.40000000000000036
PH20_RAW_00925,S23T;E32V;K131R;Q144N;H194D;M314R;D321K;A372T;V415I;D419E,1.6923210607819932,0.003070223331451416,-0.003766477108001709,0.2036808703124998,0.04849544531249972,0.001571822166442871,17.325000095367432,-8.600874871015549,9.282225131988525,3,0.0
PH20_RAW_00926,S23T;E32I;K131R;H194D;V238L;D321K;E325K;A372E;Q394T;V415I,1.6922444282506015,0.0028612971305847167,-0.0031135082244873047,0.21176344453124996,0.08890831640625008,0.0013435840606689452,17.425,-8.08120757713914,5.338371515274048,3,-0.40000000000000036
PH20_RAW_00927,E32V;K131R;H194D;M311I;D321K;E325K;A372E;Q394T;A413E;T418V,1.6911644202188179,0.0031897783279418944,-0.0031135082244873047,0.20691389999999946,0.06466059374999888,0.0014047026634216309,17.812499994039534,-10.80102063715458,2.028696060180664,2,-5.3
PH20_RAW_00928,S23T;E32I;K131R;H194D;V238L;M314R;D321K;A372E;V415I;A420K,1.6909522320513934,0.00326000452041626,-0.002908945083618164,0.20044784062499996,0.06466059374999977,0.001516270637512207,16.887500083446504,-10.474206242710352,6.365513801574707,3,-0.40000000000000036
PH20_RAW_00929,S23T;E32I;K131R;H194D;V238L;D321K;E325K;A372E;Q394T;D419E,1.6906904974800727,0.002928638458251953,-0.0031135082244873047,0.20368087031249998,0.08082574218749983,0.0013663768768310547,17.875,-8.57765070348978,4.711196422576904,3,-0.40000000000000036
PH20_RAW_00930,S23T;E32I;K131R;H194D;M311L;M314R;D321K;A372E;V415I;D419E,1.6903460016344682,0.003044414520263672,-0.0033245086669921875,0.21176344453124987,0.06466059374999977,0.0018038749694824219,16.775000083446503,-9.327788092195988,6.708941221237183,2,0.0
PH20_RAW_00931,S23T;E32V;K131R;H194D;V238L;I310L;D321K;A372T;V415I;A420T,1.6902096599277239,0.0027577996253967283,-0.003766477108001709,0.20206435546874965,0.06466059374999933,0.0018941640853881836,14.625,-2.5963273271918297,9.833380937576294,2,-0.40000000000000036
PH20_RAW_00932,S23T;E32V;K131R;H194D;V238L;I310L;M314R;E325K;Q394T;T418V,1.6900789808428271,0.0022380709648132323,-0.0031135082244873047,0.20206435546874993,0.08082574218749938,0.0013724803924560548,16.63750013411045,1.4622385948896408,8.356802701950073,3,-0.40000000000000036
PH20_RAW_00933,S23T;E32V;K131R;H194D;M311V;M314R;D321K;Q350R;A413E;T418V,1.6900688646749789,0.0031693696975708006,-0.002908945083618164,0.20206435546874965,0.07274316796874691,0.0010809659957885741,15.662500143051147,-8.665952887386084,8.30281949043274,3,-5.3
PH20_RAW_00934,E32V;K131R;Q144N;H194D;V238L;M311F;M314R;D321K;V415I;A420T,1.690063319033028,0.0031898021697998047,-0.0033245086669921875,0.21984601874999976,0.07274316796874958,0.001719188690185547,17.375000125169755,-13.02193957194686,8.808461666107178,3,-0.40000000000000036
PH20_RAW_00935,S23T;E32I;K131R;H194D;I310L;D321K;E325K;A372E;Q394T;D417E,1.6899247793477503,0.0027478933334350586,-0.0026979446411132812,0.20853041484374985,0.07274316796874958,0.0016940951347351075,19.087499976158142,-8.156489800661802,5.410660266876221,3,0.0
PH20_RAW_00936,E32I;K131R;H194D;V238L;M311L;D321K;E325K;Q394T;A413E;V415I,1.6896636356908843,0.0034075140953063964,-0.0031135082244873047,0.20529738515624993,0.08082574218749983,0.0013412952423095704,15.362500029802323,-9.732373841106892,2.7108352184295654,3,-5.7
PH20_RAW_00937,S23T;E32V;Q144N;H194D;V238L;M311I;M314R;D321K;V415I;A420T,1.6895936832536622,0.0029649615287780763,-0.003740072250366211,0.20529738515624976,0.05657801953124997,0.0011832356452941895,17.412500154972076,-7.8679053373634815,8.57554817199707,3,-0.40000000000000036
PH20_RAW_00938,E32I;K131R;H194D;V238L;M314R;D321K;E325K;A372E;Q394T;A413E,1.6895799210711282,0.003109085559844971,-0.0031135082244873047,0.20529738515624993,0.07274316796874958,0.0010536909103393555,19.92500005364418,-13.560014545917511,3.5289254188537598,3,-5.7
PH20_RAW_00939,E32V;K131R;H194D;V238L;M311F;M314R;D321K;Q350R;A372E;D419E,1.6894055561978019,0.003387343883514404,-0.002908945083618164,0.21661298906249976,0.08082574218749716,0.0015448927879333496,18.262500077486038,-16.817904729396105,6.311973810195923,3,-0.40000000000000036
PH20_RAW_00940,S23T;E32I;H194D;V238L;M311F;M314R;D321K;Q350R;A372E;D419E,1.6888503221525728,0.0030308842658996584,-0.0033245086669921875,0.21822950390624998,0.11315603906249727,0.001076209545135498,18.887500095367432,-16.039741102606058,6.283503293991089,3,-0.40000000000000036
PH20_RAW_00941,S23T;E32I;H194D;M311L;M314R;D321K;A372T;A413E;V415I;D419E,1.688583765115754,0.0033151030540466307,-0.004182040691375732,0.20529738515624985,0.06466059374999977,0.0013387322425842286,16.325000095367432,-11.192962761968374,4.972273349761963,2,-5.3
PH20_RAW_00942,E32I;K131R;H194D;V238L;M311F;D321K;E325K;A372E;Q394T;V415I,1.6882467148163833,0.00319063663482666,-0.0031135082244873047,0.22954510781249987,0.10507346484374969,0.0014064908027648926,18.049999982118607,-15.25964818149805,3.6765496730804443,3,-0.40000000000000036
PH20_RAW_00943,S23T;E32V;H194D;I310L;M314R;D321K;Q350R;Q394T;A413E;A420T,1.6879519389646427,0.002849388122558594,-0.0031135082244873047,0.2036808703124997,0.08890831640624963,0.0018457293510437012,18.47500013113022,-10.646427914500237,7.205839395523071,3,-5.3
PH20_RAW_00944,S23T;E32V;Q144N;H194D;V238L;M311F;M314R;D321K;Q394T;T418V,1.6877185302042226,0.0028142929077148438,-0.003529071807861328,0.2166129890625,0.08890831640625008,0.0011118173599243164,19.150000154972076,-12.264192465692759,8.280040979385376,3,-0.40000000000000036
PH20_RAW_00945,E32V;K131R;H194D;M311L;M314R;E325K;E393Q;A413E;V415I;A420T,1.6875654167101959,0.0029406070709228514,-0.0033245086669921875,0.20206435546874957,0.07274316796874913,0.0018918752670288087,15.83750008046627,-4.25903220847249,4.27685546875,3,-5.3
PH20_RAW_00946,S23T;E32V;K131R;H194D;M311F;M314R;N322K;A372E;V415I;D419E,1.6875598777315985,0.0030332207679748535,-0.0033245086669921875,0.2036808703124998,0.09699089062499944,0.0023326635360717773,16.300000086426735,-11.93348504602909,5.420584678649902,1,-0.3999999999999999
PH20_RAW_00947,S23T;E32V;H194D;V238L;I310L;M314R;D321K;A372T;Q394T;T418V,1.6865073997351636,0.002562737464904785,-0.00397104024887085,0.2101469296874999,0.07274316796874958,0.0011721491813659669,18.225000083446503,-5.94507297873497,9.235743522644043,3,-0.40000000000000036
PH20_RAW_00948,S23T;E32I;K131R;H194D;M311F;M314R;D321K;Q394T;A413E;D419E,1.686506604990961,0.0031841397285461426,-0.0031135082244873047,0.21984601874999993,0.08890831640624963,0.001431584358215332,17.687500131130218,-14.676167700439692,4.865216970443726,2,-5.3
PH20_RAW_00949,S23T;E32V;K131R;Q144N;H194D;M311F;M314R;D321K;A372S;V415I,1.6863798140683628,0.0031479239463806153,-0.0033245086669921875,0.21661298906249984,0.06466059375000022,0.0014633417129516601,17.26250014305115,-11.982980441302061,9.81265902519226,3,0.0
PH20_RAW_00950,S23T;E32I;K131R;H194D;V238L;M314R;D321K;Q350R;A413E;V415I,1.6862287301917291,0.0030953645706176757,-0.002908945083618164,0.20044784062499996,0.08890831640625008,0.0009905099868774414,15.362500131130219,-8.267893467098475,7.386657476425171,3,-5.7
PH20_RAW_00951,S23T;E32V;K131R;H194D;V238L;M311F;M314R;E325K;A372S;A420S,1.6858823462432948,0.002901721000671387,-0.0033245086669921875,0.20853041484374996,0.08890831640624963,0.0011959552764892578,16.062500157952307,-7.08844168484211,7.058292627334595,3,-0.40000000000000036
PH20_RAW_00952,S23T;E32I;Q144N;H194D;V238L;M311I;D321K;E325K;A372E;T418V,1.685508390668056,0.0027305960655212404,-0.003740072250366211,0.20044784062499987,0.05657801953124997,0.0005446672439575195,18.62500001192093,-5.578205239027739,5.890177249908447,3,-0.40000000000000036
PH20_RAW_00953,S23T;E32V;K131R;Q144N;H194D;M311F;M314R;D321K;A372S;D419E,1.6845027981089686,0.0032152652740478514,-0.0033245086669921875,0.20853041484374985,0.05657801953124997,0.0014861345291137696,17.712500143051148,-12.494109258055687,9.185483932495117,3,0.0
PH20_RAW_00954,E32V;K131R;H194D;V238L;M311I;M314R;D321K;A372T;E393Q;A413E,1.6833629794895841,0.003140747547149658,-0.003766477108001709,0.2004478406249997,0.05657801953124908,0.0005720138549804687,17.475000017881392,-8.967144507914782,5.418554067611694,3,-5.7
PH20_RAW_00955,S23T;E32V;H194D;I310L;M314R;D321K;Q350R;A372E;Q394T;T418V,1.683083238222327,0.002578437328338623,-0.0031135082244873047,0.20853041484374976,0.08890831640624652,0.0016758441925048828,19.575000083446504,-9.823936704546213,8.30101466178894,3,0.0
PH20_RAW_00956,S23T;E32V;K131R;H194D;V238L;M311L;M314R;E325K;A372E;V415I,1.682228232751369,0.0024936914443969725,-0.0033245086669921875,0.20206435546874985,0.08890831640624963,0.0015692472457885741,16.462500110268593,-3.138079196214676,6.048267841339111,2,-0.40000000000000036
PH20_RAW_00957,S23T;E32I;K131R;H194D;M311L;M314R;D321K;E393Q;A413E;D417E,1.6821854275550834,0.003022599220275879,-0.002908945083618164,0.20206435546874993,0.06466059374999977,0.0012144923210144043,17.100000071525574,-7.655920028686523,5.521975040435791,3,-5.3
PH20_RAW_00958,E32V;K131R;H194D;M311L;D321K;E325K;A372S;A413E;V415I;A420T,1.6821601958807049,0.003564894199371338,-0.0033245086669921875,0.20691389999999946,0.056578019531249524,0.002044343948364258,14.400000041723251,-9.268921058624983,4.578800678253174,3,-5.3
PH20_RAW_00959,S23T;E32V;K131R;H194D;M311F;E325K;A372E;A413E;V415I;A420T,1.6821319968903257,0.002768838405609131,-0.0033245086669921875,0.20044784062499943,0.096990890624999,0.002222609519958496,15.77500003874302,-7.951849181205034,3.4413273334503174,0,-5.3
PH20_RAW_00960,S23T;E32V;H194D;M311F;M314R;E325K;Q350R;Q394T;A413E;V415I,1.6815536226947918,0.002852463722229004,-0.0031135082244873047,0.21984601874999976,0.1374037617187498,0.0014107584953308105,17.600000169873237,-12.537994407117367,3.273376226425171,3,-5.3
PH20_RAW_00961,S23T;E32V;K131R;Q144N;H194D;I310L;M314R;D321K;A372T;T418V,1.6813706635386885,0.002470219135284424,-0.003766477108001709,0.20691389999999982,0.04041287109374947,0.001374053955078125,18.237500071525574,-3.0592292323708534,11.762893915176392,3,0.0
PH20_RAW_00962,S23T;E32V;K131R;H194D;V238L;M311F;M314R;E325K;Q394T;A413E,1.6809219205004085,0.0026334166526794434,-0.0031135082244873047,0.2101469296874999,0.11315603906249949,0.0011969566345214843,17.375000157952307,-8.371318604797125,4.204543590545654,2,-5.7
PH20_RAW_00963,S23T;E32I;K131R;H194D;V238L;M314R;D321K;A413E;V415I;A420T,1.6799567042526,0.0030202865600585938,-0.0033245086669921875,0.20206435546874985,0.06466059374999977,0.001425480842590332,15.362500131130219,-6.904483459889889,7.602025270462036,2,-5.7
PH20_RAW_00964,S23T;E32V;Q144N;H194D;V238L;M311F;M314R;D321K;A372E;T418S,1.6797606963531373,0.0031448841094970704,-0.0033245086669921875,0.20206435546875,0.07274316796875002,0.001110541820526123,20.550000107288362,-17.941883873194456,5.854745864868164,2,-0.40000000000000036
PH20_RAW_00965,S23T;E32V;K131R;H194D;M311V;M314R;D321K;Q350R;A372E;A420S,1.6797184293304828,0.0032048821449279785,-0.002908945083618164,0.2004478406249998,0.06466059374999666,0.0014311909675598145,17.86250009536743,-12.846758525818586,8.240943670272827,3,0.0
PH20_RAW_00966,S23T;E32I;H194D;V238L;M311I;M314R;D321K;A413E;V415I;A420T,1.6795493131393355,0.0031247854232788084,-0.003740072250366211,0.20529738515624976,0.06466059374999977,0.0009524345397949219,16.025000143051148,-8.744346279650927,5.707289934158325,2,-5.7
PH20_RAW_00967,S23T;E32I;H194D;M311I;M314R;D321K;A372T;A413E;V415I;D419E,1.6791130367751657,0.0033345460891723634,-0.004182040691375732,0.2069138999999997,0.056578019531249524,0.0008679747581481934,16.60000009536743,-11.442463304847479,4.519231557846069,2,-5.3
PH20_RAW_00968,E32V;K131R;H194D;V238L;M311L;D321K;E325K;A372T;A413E;D417E,1.6788669768811444,0.0033478021621704103,-0.0033509135246276855,0.20206435546874965,0.07274316796874913,0.001303720474243164,16.037499994039536,-9.896934755146503,2.9709911346435547,3,-5.7
PH20_RAW_00969,S23T;E32T;H194D;M311F;D321K;Q350R;A372T;Q394T;V415I;D419E,1.6788594223500788,0.003852701187133789,-0.0031399130821228027,0.2036808703124998,0.11315603906249594,0.0022476553916931153,16.53750001192093,-20.968084044754505,1.6847174167633057,3,0.0
PH20_RAW_00970,S23T;E32I;H194D;M311F;D321K;Q350R;A372T;E393Q;A413E;A420S,1.6782660205329005,0.003192424774169922,-0.003766477108001709,0.2069138999999999,0.10507346484374969,0.0009677290916442871,17.18749996423721,-13.625828217715025,4.422557353973389,3,-5.3
PH20_RAW_00971,S23T;E32I;H194D;V238L;M311F;M314R;D321K;Q394T;A413E;T418V,1.6775829118160464,0.0029741168022155763,-0.003529071807861328,0.2166129890625,0.09699089062499988,0.0008810162544250488,17.76250014305115,-13.144781056791544,5.411782741546631,2,-5.7
PH20_RAW_00972,S23T;E32V;Q144N;H194D;V238L;M311F;M314R;E325K;A372T;A420S,1.6770282730811399,0.0026370763778686525,-0.004182040691375732,0.20529738515625,0.08890831640624963,0.0009314179420471192,18.987500122189523,-8.835051968693733,6.592770338058472,3,-0.40000000000000036
PH20_RAW_00973,S23T;E32V;K131R;H194D;V238L;M311F;M314R;D321K;A372S;T418V,1.6769020795216532,0.0029201865196228026,-0.0033245086669921875,0.22469556328124982,0.08082574218749983,0.001110541820526123,15.900000143051148,-8.5114188157022,9.735777139663696,3,-0.40000000000000036
PH20_RAW_00974,S23T;E32T;K131R;H194D;V238L;M311F;M314R;D321K;A372T;T418S,1.6768021663959303,0.003585195541381836,-0.002935349941253662,0.213379959375,0.08890831640624963,0.0014820098876953125,17.737500071525574,-18.380801290273666,3.3154499530792236,3,-0.40000000000000036
PH20_RAW_00975,S23T;E32V;Q144N;H194D;M311F;M314R;D321K;A372T;A413E;D417E,1.6764711746095575,0.0031421422958374024,-0.003766477108001709,0.20529738515624976,0.07274316796874958,0.0011962413787841796,19.800000107288362,-16.77148600295186,5.748820543289185,2,-5.3
PH20_RAW_00976,S23T;E32I;H194D;M311F;E325K;Q350R;A372E;E393Q;V415I;D419E,1.6762048698386922,0.0028632402420043944,-0.0033245086669921875,0.2036808703124998,0.12123861328124974,0.0014290094375610351,16.974999979138374,-9.765955802053213,3.3374874591827393,3,0.0
PH20_RAW_00977,S23T;E32V;K131R;M311F;M314R;E325K;A372T;A413E;V415I;D419E,1.6761508756672672,0.003735947608947754,-0.004182040691375732,0.2069138999999997,0.07274316796874913,0.0011162877082824707,12.012500077486038,-8.428620014339685,3.5929911136627197,3,-5.3
PH20_RAW_00978,S23T;E32I;K131R;H194D;I310L;M314R;D321K;A372E;Q394T;V415I,1.6756122857547733,0.002679610252380371,-0.0031135082244873047,0.20853041484374996,0.06466059374999977,0.0017592906951904297,18.650000059604643,-8.977478828281164,8.181035041809082,2,0.0
PH20_RAW_00979,S23T;E32I;H194D;I310L;M314R;D321K;A372T;Q394T;A413E;V415I,1.675571403482198,0.0029502987861633303,-0.00397104024887085,0.20206435546874993,0.06466059374999977,0.0012941479682922364,18.200000071525572,-10.764410123229027,6.444367170333862,2,-5.3
PH20_RAW_00980,S23T;E32I;K131R;H194D;I310L;M314R;E325K;Q394T;V415I;D419E,1.6752988179542199,0.0026256322860717775,-0.0031135082244873047,0.20368087031249998,0.07274316796874958,0.001692521572113037,16.387500122189522,-2.6447398141026497,6.678480625152588,3,0.0
PH20_RAW_00981,S23T;E32I;Q144N;H194D;V238L;M311F;D321K;E325K;A372E;T418S,1.6748201989584095,0.003114128112792969,-0.0033245086669921875,0.2101469296875001,0.08082574218750027,0.000817108154296875,19.98750001192093,-15.42194901779294,3.8144290447235107,3,-0.40000000000000036
PH20_RAW_00982,S23T;E32V;H194D;M311F;M314R;D321K;Q350R;A372S;A413E;T418V,1.6745941287843438,0.0032065749168395997,-0.0033245086669921875,0.21661298906249965,0.09699089062499988,0.0011490941047668456,16.800000154972075,-14.124618697911501,7.064380407333374,3,-5.3
PH20_RAW_00983,S23T;E32V;H194D;M311F;M314R;E325K;Q350R;Q394T;A413E;D419E,1.6740418914167126,0.00291980504989624,-0.0031135082244873047,0.2117634445312498,0.12932118749999688,0.00143355131149292,18.050000169873236,-13.305246647447348,2.6462011337280273,3,-5.3
PH20_RAW_00984,E32V;K131R;H194D;M311I;D321K;E325K;A372S;A413E;V415I;A420T,1.6734913366940931,0.00358433723449707,-0.0033245086669921875,0.20853041484374932,0.048495445312499275,0.0015735864639282227,14.675000041723251,-9.481973003596067,4.12575888633728,3,-5.3
PH20_RAW_00985,S23T;E32V;Q144N;H194D;M311L;D321K;E325K;Q394T;A413E;A420T,1.6733369801656601,0.0029250025749206544,-0.003529071807861328,0.20206435546874973,0.07274316796875002,0.0018074631690979004,18.450000071525572,-9.408523093909025,4.2263503074646,3,-5.3
PH20_RAW_00986,S23T;E32I;K131R;H194D;I310L;M314R;E325K;A372T;V415I;A420S,1.6733276911965926,0.0025442361831665037,-0.003766477108001709,0.20853041484374996,0.06466059374999933,0.0014039158821105957,16.337500074505805,-1.5170108675956726,7.957380533218384,3,0.0
PH20_RAW_00987,S23T;E32I;H194D;M311F;D321K;E325K;Q350R;A372E;Q394T;A413E,1.6727964977268552,0.0029430270195007326,-0.0031135082244873047,0.22469556328124982,0.1293211875,0.0012068867683410645,19.75000001192093,-16.964340083301067,2.108438730239868,3,-5.3
PH20_RAW_00988,S23T;E32V;K131R;Q144N;H194D;M311F;M314R;D321K;A372T;V415I,1.6717015940643638,0.0027982234954833985,-0.003766477108001709,0.23277813749999982,0.08082574218749983,0.0013737797737121582,18.30000009536743,-11.603156082332134,9.350864171981812,3,0.0
PH20_RAW_00989,S23T;E32V;K131R;H194D;V238L;M311F;M314R;D321K;A372E;Q394T,1.6710418991078706,0.002687394618988037,-0.0031135082244873047,0.2246955632812499,0.10507346484374969,0.00146176815032959,19.41250009536743,-14.280304454267025,6.820152282714844,2,-0.40000000000000036
PH20_RAW_00990,E32V;K131R;H194D;M314R;D321K;E325K;A372E;Q394T;A413E;T418S,1.670820637826453,0.003424417972564697,-0.0026979446411132812,0.21014692968749973,0.06466059374999933,0.0014995932579040527,20.37500006556511,-18.131718058139086,1.5455529689788818,3,-5.3
PH20_RAW_00991,S23T;E32I;H194D;V238L;M311F;D321K;E325K;A372T;Q394T;A413E,1.6700660073594211,0.0029273271560668946,-0.00397104024887085,0.22631207812499995,0.11315603906249994,0.0007031917572021485,18.40000001192093,-13.3652332611382,3.0431675910949707,3,-5.7
PH20_RAW_00992,E32V;K131R;H194D;M311L;M314R;D321K;Q350R;A372E;A413E;V415I,1.669949933086296,0.0032952189445495605,-0.002908945083618164,0.2004478406249996,0.08082574218749938,0.0018726110458374024,16.950000077486038,-14.195896085351706,4.8066370487213135,2,-5.3
PH20_RAW_00993,S23T;E32V;K131R;Q144N;H194D;M311F;M314R;D321K;A372T;D419E,1.6698156455144848,0.0028655648231506346,-0.003766477108001709,0.22469556328124982,0.07274316796874958,0.0013965725898742675,18.750000095367433,-12.11469092592597,8.723689079284668,3,0.0
PH20_RAW_00994,S23T;E32V;Q144N;H194D;V238L;M311F;M314R;E325K;Q394T;V415I,1.6692753804416398,0.0026511311531066894,-0.003529071807861328,0.20853041484375004,0.10507346484375013,0.0011972308158874512,18.587500169873238,-9.978971887379885,5.941045522689819,3,-0.40000000000000036
PH20_RAW_00995,S23T;E32V;K131R;H194D;V238L;M311I;M314R;E325K;A372E;V415I,1.6692452024889362,0.002513134479522705,-0.0033245086669921875,0.2036808703124997,0.08082574218749938,0.001098489761352539,16.73750011026859,-3.547229826450348,5.595226049423218,2,-0.40000000000000036
PH20_RAW_00996,S23T;E32V;K131R;H194D;M311F;M314R;E325K;Q350R;A413E;T418V,1.6691559450119051,0.00253220796585083,-0.002908945083618164,0.22469556328124965,0.12123861328124708,0.0012598633766174316,16.250000157952307,-6.079825714230537,5.723644733428955,3,-5.3
PH20_RAW_00997,E32V;K131R;H194D;I310L;M314R;D321K;Q350R;Q394T;A413E;T418V,1.669091177288671,0.0030395984649658203,-0.0026979446411132812,0.2004478406249997,0.07274316796874913,0.0016758441925048828,17.125000101327895,-9.991464834660292,7.115171909332275,3,-5.3
PH20_RAW_00998,S23T;E32V;H194D;M311L;M314R;D321K;Q350R;Q394T;A413E;V415I,1.6687255079813121,0.003123319149017334,-0.0031135082244873047,0.21014692968749982,0.10507346484375013,0.0016103744506835937,16.950000154972077,-13.118115652352571,4.9232704639434814,3,-5.3
PH20_RAW_00999,E32V;K131R;H194D;V238L;M311F;M314R;E325K;A372E;D417E;D419E,1.6671495106865357,0.0030818939208984374,-0.002908945083618164,0.2004478406249997,0.08890831640624874,0.001654946804046631,17.975000092387198,-13.315905313938856,3.3391501903533936,2,-0.40000000000000036
PH20_RAW_01000,S23T;E32V;Q144N;H194D;M311I;D321K;E325K;Q394T;A413E;A420T,1.6665871330487505,0.0029444456100463866,-0.003529071807861328,0.20368087031249962,0.06466059374999977,0.0013367056846618653,18.725000071525574,-9.534347217530012,3.773308515548706,3,-5.3
PH20_RAW_01001,S23T;E32V;K131R;H194D;D321K;E325K;Q394T;A413E;D417E;A420T,1.6660612447463377,0.003031468391418457,-0.0026979446411132812,0.21014692968749954,0.08082574218749938,0.0019824385643005373,17.000000059604645,-9.4179631434381,3.8099570274353027,3,-5.3
PH20_RAW_01002,S23T;E32V;H194D;V238L;M311F;M314R;E325K;Q394T;D417E;D419E,1.6658261556995024,0.002909994125366211,-0.0031135082244873047,0.2101469296874999,0.11315603906249949,0.0013927102088928222,17.975000169873237,-12.242621693760157,3.4557836055755615,3,-0.40000000000000036
PH20_RAW_01003,S23T;E32I;K131R;H194D;M311F;D321K;Q350R;A413E;V415I;A420K,1.6656213898404137,0.003555107116699219,-0.0024933815002441406,0.2117634445312498,0.10507346484374969,0.001669466495513916,14.262500059604644,-13.798576179891825,3.7591843605041504,3,-5.3
PH20_RAW_01004,S23T;E32V;H194D;V238L;M311F;M314R;D321K;A372E;Q394T;D417E,1.6655360573303168,0.0029639720916748045,-0.0031135082244873047,0.21499647421874987,0.10507346484374969,0.0014594793319702148,20.237500107288362,-18.602795533835888,4.958338022232056,2,-0.40000000000000036
PH20_RAW_01005,S23T;E32V;Q144N;H194D;V238L;M311F;M314R;E325K;Q394T;D419E,1.6649830376485202,0.002718472480773926,-0.003529071807861328,0.20044784062500004,0.09699089062499988,0.0012200236320495605,19.037500169873237,-10.599888287484646,5.313870429992676,3,-0.40000000000000036
PH20_RAW_01006,E32I;Q144N;H194D;V238L;M311F;M314R;D321K;Q394T;V415I;A420S,1.6645695157169274,0.0034885048866271974,-0.003529071807861328,0.2052973851562502,0.07274316796875002,0.001231515407562256,18.725000125169753,-18.791200298815966,5.900566101074219,3,-0.40000000000000036
PH20_RAW_01007,S23T;E32I;K131R;Q144N;H194D;I310L;M314R;D321K;V415I;A420T,1.66424361418199,0.002648019790649414,-0.0033245086669921875,0.2069138999999999,0.040412871093749914,0.001778554916381836,17.41250010728836,-4.594598017632961,11.272630214691162,3,0.0
PH20_RAW_01008,S23T;E32I;H194D;I310L;M314R;D321K;A372T;Q394T;V415I;D419E,1.6640277975593702,0.0029502987861633303,-0.00397104024887085,0.21176344453124996,0.06466059374999977,0.0014921903610229492,17.975000071525574,-10.402025900781155,7.557421445846558,3,0.0
PH20_RAW_01009,S23T;E32V;K131R;Q144N;H194D;M311F;D321K;Q350R;A372E;E393Q,1.6634726829312223,0.0026845574378967286,-0.002908945083618164,0.2036808703124998,0.09699089062499988,0.0014884233474731444,18.974999964237213,-11.297442093491554,7.62574315071106,3,0.0
PH20_RAW_01010,S23T;E32V;H194D;M311I;D321K;E325K;Q394T;A413E;D417E;A420T,1.663454702832368,0.003135967254638672,-0.0031135082244873047,0.21337995937499948,0.08082574218749938,0.001509392261505127,17.662500071525574,-11.357787363231182,1.9152216911315918,3,-5.3
PH20_RAW_01011,S23T;E32I;K131R;H194D;V238L;M311F;M314R;D321K;Q350R;A413E,1.6627322668266105,0.0028907060623168945,-0.002908945083618164,0.22146253359374998,0.11315603906249994,0.0008152604103088378,16.78750013113022,-11.826757162809372,6.8281214237213135,3,-5.7
PH20_RAW_01012,S23T;E32V;K131R;H194D;V238L;M311L;M314R;D321K;Q394T;D419E,1.6626998215891833,0.0029042720794677734,-0.0031135082244873047,0.21014692968749998,0.08082574218749983,0.0015946149826049805,16.500000143051146,-8.30952736735344,6.96749210357666,3,-0.40000000000000036
PH20_RAW_01013,S23T;E32V;K131R;H194D;V238L;I310L;M314R;D321K;Q394T;T418S,1.662040430738308,0.0029119014739990234,-0.0026979446411132812,0.20368087031250007,0.06466059374999977,0.0013737797737121582,17.62500011920929,-8.986195851117373,7.477906942367554,3,-0.40000000000000036
PH20_RAW_01014,S23T;E32V;K131R;H194D;V238L;M311F;M314R;N322K;E393Q;T418V,1.6619877831034178,0.0025248050689697264,-0.0033245086669921875,0.21014692968749998,0.10507346484374969,0.0013930439949035645,15.650000074505806,-4.156721547245979,7.755052804946899,3,-0.8000000000000003
PH20_RAW_01015,S23T;E32V;H194D;M311L;M314R;D321K;Q350R;Q394T;A413E;D419E,1.6615499840930696,0.0031906604766845704,-0.0031135082244873047,0.20206435546874985,0.09699089062499988,0.0016331672668457031,17.400000154972076,-13.8700857385993,4.296095371246338,3,-5.3
PH20_RAW_01016,S23T;E32I;K131R;H194D;I310L;M314R;D321K;Q394T;D417E;A420S,1.6614840828014388,0.0029607057571411134,-0.0026979446411132812,0.20368087031250007,0.056578019531249524,0.0016940951347351075,17.87500010728836,-9.513395939022303,7.638404130935669,3,0.0
PH20_RAW_01017,S23T;E32V;K131R;Q144N;H194D;D321K;E325K;A372E;Q394T;T418V,1.660660506170408,0.002568995952606201,-0.0031135082244873047,0.20529738515624976,0.06466059374999977,0.0016398668289184571,19.16250001192093,-6.938598517328501,6.763219118118286,3,0.0
PH20_RAW_01018,S23T;E32V;K131R;H194D;V238L;M314R;E325K;A372T;V415I;D419E,1.6603420397711168,0.002679324150085449,-0.003766477108001709,0.2036808703124998,0.08082574218749938,0.0013044357299804687,15.400000110268593,-3.0285534262657166,6.866347789764404,3,-0.40000000000000036
PH20_RAW_01019,E32V;K131R;H194D;M311F;M314R;D321K;Q350R;Q394T;A413E;V415I,1.659768016217743,0.003367602825164795,-0.0026979446411132812,0.2263120781249997,0.11315603906249949,0.001675570011138916,17.187500125169755,-18.519668575376272,4.703142166137695,3,-5.3
PH20_RAW_01020,S23T;E32I;K131R;Q144N;H194D;M311F;M314R;D321K;A372E;V415I,1.659696603564563,0.0027724146842956544,-0.0033245086669921875,0.21984601874999993,0.07274316796875002,0.0014331459999084473,19.2500000834465,-13.174811713397503,8.215546369552612,2,0.0
PH20_RAW_01021,E32V;Q144N;H194D;M311I;D321K;E325K;A372T;A413E;V415I;A420T,1.6592955324604661,0.0033196926116943358,-0.004182040691375732,0.2052973851562494,0.048495445312499275,0.001309049129486084,17.600000005960464,-11.47138924524188,3.6602365970611572,3,-5.3
PH20_RAW_01022,S23T;E32I;K131R;H194D;M314R;D321K;A372E;E393K;A413E;A420T,1.6587600261366355,0.0028305530548095705,-0.0033245086669921875,0.20206435546874973,0.08082574218749938,0.001576375961303711,18.762500035762788,-11.06981147825718,6.459786415100098,3,-5.3
PH20_RAW_01023,S23T;E32V;H194D;I310L;M314R;E325K;A372E;Q394T;V415I;A420T,1.6577611079460368,0.0023401975631713867,-0.003529071807861328,0.20206435546874965,0.08082574218749938,0.002196228504180908,19.012500098347665,-6.20289496332407,6.177386999130249,2,0.0
PH20_RAW_01024,S23T;E32V;K131R;H194D;V238L;M311I;M314R;D321K;Q394T;V415I,1.6577349763573428,0.0028563737869262695,-0.0031135082244873047,0.21984601874999984,0.08082574218749983,0.001101064682006836,16.32500014305115,-7.92840513214469,7.14162540435791,3,-0.40000000000000036
PH20_RAW_01025,S23T;E32I;K131R;H194D;V238L;M311I;D321K;E325K;Q394T;A413E,1.657493913946342,0.0028929591178894045,-0.0031135082244873047,0.2101469296874999,0.08082574218749983,0.0006323814392089844,16.437500047683717,-6.507763087749481,3.361079216003418,3,-5.7
PH20_RAW_01026,E32I;K131R;H194D;M311F;D321K;Q350R;A372E;E393Q;V415I;D419E,1.6574525334822638,0.0033783793449401857,-0.002908945083618164,0.21014692968749973,0.09699089062499944,0.0016938209533691405,16.56249993443489,-15.609754055738449,4.767253398895264,3,0.0
PH20_RAW_01027,E32V;K131R;H194D;V238L;M311L;M314R;D321K;A372T;V415I;D419E,1.6574292445127856,0.0032795190811157225,-0.003766477108001709,0.2117634445312498,0.06466059374999933,0.0015669584274291993,15.375000077486039,-10.154704689979553,6.854420185089111,3,-0.40000000000000036
PH20_RAW_01028,S23T;E32I;K131R;H194D;M311F;M314R;D321K;A372T;A413E;D419E,1.6570670818080864,0.003025388717651367,-0.003766477108001709,0.22469556328124982,0.08082574218749938,0.001165771484375,17.362500083446502,-13.114049758762121,5.855430841445923,2,-5.3
PH20_RAW_01029,S23T;E32V;K131R;H194D;M314R;D321K;Q350R;Q394T;A413E;D419E,1.6568654677618948,0.003105604648590088,-0.0026979446411132812,0.2004478406249998,0.08890831640624963,0.0016354560852050782,17.01250014305115,-12.080686148256063,5.737788915634155,3,-5.3
PH20_RAW_01030,S23T;E32V;K131R;H194D;I310L;M314R;E325K;A372T;D417E;D419E,1.6557042590637994,0.002565920352935791,-0.0033509135246276855,0.2004478406249997,0.06466059374999888,0.001654946804046631,17.062500086426734,-3.209205277264118,6.938636541366577,3,0.0
PH20_RAW_01031,S23T;E32V;K131R;H194D;I310L;M314R;D321K;Q350R;A372E;A420T,1.6556892908197696,0.0024199485778808594,-0.002908945083618164,0.21499647421874962,0.08082574218749938,0.0020450592041015626,18.600000071525574,-7.4275608249008656,9.932721138000488,3,0.0
PH20_RAW_01032,S23T;E32V;H194D;V238L;M314R;D321K;Q350R;A372E;V415I;A420T,1.6556517849501105,0.0028099298477172853,-0.0033245086669921875,0.20853041484374968,0.09699089062499988,0.0016922593116760255,17.76250010728836,-11.5316475443542,7.998618125915527,3,-0.40000000000000036
PH20_RAW_01033,S23T;E32V;H194D;M311I;M314R;D321K;Q350R;Q394T;A413E;D419E,1.655025277070917,0.0032101035118103026,-0.0031135082244873047,0.2036808703124997,0.08890831640624963,0.001162409782409668,17.675000154972075,-13.985676221549511,3.8430535793304443,3,-5.3
PH20_RAW_01034,S23T;E32V;H194D;I310L;M314R;D321K;Q350R;A372T;A413E;A420T,1.6544146226795036,0.0026906371116638184,-0.003766477108001709,0.2085304148437496,0.08082574218749938,0.001579916477203369,18.150000083446503,-9.270573295652866,8.196053266525269,3,-5.3
PH20_RAW_01035,S23T;E32V;K131R;H194D;M311I;D321K;E325K;A372S;A413E;A420T,1.654102288992692,0.0030503392219543455,-0.0033245086669921875,0.21176344453124943,0.056578019531249524,0.0013354301452636718,15.475000059604644,-5.857409629970789,5.229044675827026,3,-5.3
PH20_RAW_01036,S23T;E32V;K131R;H194D;M314R;D321K;Q394T;A413E;V415I;A420T,1.6529563345807898,0.0029631853103637695,-0.0031135082244873047,0.21014692968749965,0.07274316796874958,0.0020476341247558593,16.562500143051146,-10.184062015265226,6.580331802368164,2,-5.3
PH20_RAW_01037,S23T;E32V;H194D;M311I;M314R;D321K;Q350R;A372E;D417E;A420S,1.6526204973135095,0.003134596347808838,-0.002908945083618164,0.20529738515624968,0.08082574218749672,0.001336658000946045,18.90000010728836,-15.164811309427023,4.996807098388672,3,0.0
PH20_RAW_01038,S23T;E32I;K131R;Q144N;H194D;M311F;M314R;E325K;V415I;D419E,1.652492457835085,0.0027184367179870607,-0.0033245086669921875,0.21499647421874996,0.08082574218749983,0.0013663768768310547,16.98750014603138,-7.155285332351923,6.712991952896118,3,0.0
PH20_RAW_01039,S23T;E32I;K131R;H194D;D321K;E325K;A372E;Q394T;A413E;T418V,1.652478203517095,0.0027288198471069336,-0.0031135082244873047,0.20529738515624976,0.07274316796874958,0.0014090657234191895,17.775,-7.730400029569864,3.894960880279541,2,-5.3
PH20_RAW_01040,S23T;E32T;K131R;H194D;M311F;M314R;E325K;Q350R;Q394T;A413E,1.65245958670862,0.0031744837760925293,-0.002282381057739258,0.20044784062499987,0.11315603906249683,0.001897144317626953,17.80000013411045,-14.614329494535923,0.7267913818359375,3,-5.3
PH20_RAW_01041,S23T;E32V;Q144N;H194D;V238L;M311I;M314R;D321K;Q394T;V415I,1.6520923179795364,0.002941429615020752,-0.003529071807861328,0.20044784062499996,0.06466059375000022,0.0009260892868041993,18.212500154972076,-10.576058194041252,7.137897968292236,3,-0.40000000000000036
PH20_RAW_01042,E32V;K131R;H194D;M311I;D321K;E325K;A372E;Q394T;D417E;A420S,1.651108737505169,0.0033616900444030763,-0.0026979446411132812,0.2085304148437496,0.06466059374999888,0.0016897320747375488,18.512499994039537,-14.851807955652475,1.7626783847808838,3,0.0
PH20_RAW_01043,E32V;K131R;Q144N;H194D;M311F;M314R;D321K;A372E;E393Q;A420T,1.649726682151242,0.002789926528930664,-0.0033245086669921875,0.21661298906249965,0.06466059374999933,0.0018087506294250488,20.800000017881395,-14.31854772940278,7.771894216537476,3,0.0
PH20_RAW_01044,S23T;E32I;K131R;H194D;M311V;D321K;E325K;A372E;V415I;A420T,1.6495406586751573,0.002954351902008057,-0.0033245086669921875,0.21822950390624962,0.06466059374999977,0.001572728157043457,16.575,-8.451487455517054,6.754483699798584,3,0.0
PH20_RAW_01045,S23T;E32I;K131R;H194D;V238L;M311F;D321K;A372T;E393Q;A413E,1.649393260357634,0.002828681468963623,-0.003766477108001709,0.20529738515624993,0.08890831640624963,0.0007539272308349609,16.237499952316284,-8.634074490517378,5.692213773727417,2,-5.7
PH20_RAW_01046,S23T;E32V;H194D;M311I;D321K;E325K;A372S;A413E;D417E;A420T,1.6492389433241472,0.0033269166946411134,-0.0033245086669921875,0.2020643554687494,0.056578019531249524,0.001333141326904297,16.300000071525574,-10.150696340948343,3.3672304153442383,3,-5.3
PH20_RAW_01047,S23T;E32I;H194D;M311F;M314R;D321K;Q350R;A413E;V415I;A420T,1.6491629157629109,0.003034675121307373,-0.0033245086669921875,0.2327781374999997,0.11315603906249994,0.0014640331268310548,17.01250014305115,-14.990433290600777,6.112321853637695,3,-5.3
PH20_RAW_01048,E32V;K131R;H194D;M314R;D321K;Q350R;A372T;A413E;V415I;D419E,1.6487634798006394,0.003480851650238037,-0.0033509135246276855,0.20206435546874957,0.07274316796874913,0.001607799530029297,15.887500077486038,-14.054563965648413,5.6247169971466064,3,-5.3
PH20_RAW_01049,S23T;E32I;H194D;V238L;M311F;M314R;E325K;Q394T;V415I;D419E,1.6484630475147604,0.002810955047607422,-0.003529071807861328,0.21822950390625007,0.11315603906249994,0.0011644721031188964,16.97500015795231,-10.457772102206945,4.1858415603637695,3,-0.40000000000000036
PH20_RAW_01050,E32I;Q144N;H194D;M311F;D321K;E325K;Q394T;A413E;V415I;A420T,1.6484573505926583,0.003346824645996094,-0.003529071807861328,0.21661298906249976,0.08082574218749983,0.001642131805419922,18.51250004172325,-17.031953316181898,2.8744657039642334,3,-5.3
PH20_RAW_01051,S23T;E32V;H194D;V238L;M311F;D321K;Q350R;A372E;E393Q;T418S,1.6458157437082852,0.0031495094299316406,-0.002908945083618164,0.20368087031249987,0.10507346484374702,0.0011102676391601563,18.212499976158142,-16.151302315294743,4.136913776397705,3,-0.40000000000000036
PH20_RAW_01052,S23T;E32I;K131R;Q144N;H194D;M311L;M314R;D321K;V415I;D419E,1.6441838510065847,0.0029892921447753906,-0.0033245086669921875,0.20529738515625,0.04849544531250016,0.0015659928321838379,16.33750013113022,-7.529974400997162,8.362886190414429,3,0.0
PH20_RAW_01053,E32V;K131R;H194D;M311F;M314R;D321K;A372E;E393Q;D417E;A420T,1.643690874163482,0.0029814481735229493,-0.002908945083618164,0.2263120781249995,0.08082574218749894,0.0019814372062683105,19.737500017881395,-16.27395959198475,5.913807392120361,3,0.0
PH20_RAW_01054,S23T;E32T;K131R;H194D;M311F;M314R;E325K;A372S;V415I;A420T,1.6436475170782532,0.003223013877868652,-0.002908945083618164,0.20853041484374968,0.08890831640624963,0.002331113815307617,15.76250013411045,-11.669769566506147,4.134397268295288,3,0.0
PH20_RAW_01055,S23T;E32V;K131R;H194D;V238L;M311L;M314R;D321K;A372E;D417E,1.6432414168433538,0.0027514100074768066,-0.002908945083618164,0.20206435546874985,0.07274316796874958,0.001593613624572754,17.67500009536743,-9.467968340963125,6.719505310058594,2,-0.40000000000000036
PH20_RAW_01056,S23T;E32V;K131R;H194D;M311F;M314R;D321K;Q350R;A413E;T418S,1.64314437959901,0.003206038475036621,-0.0024933815002441406,0.2263120781249998,0.10507346484374969,0.0012611627578735351,17.237500143051147,-16.436124492436647,4.8447489738464355,3,-5.3
PH20_RAW_01057,S23T;E32I;K131R;H194D;V238L;I310L;M314R;D321K;Q350R;A372E,1.6426329081973434,0.002453517913818359,-0.002908945083618164,0.20206435546875,0.08082574218749983,0.001165759563446045,18.200000059604644,-6.972289081662893,9.516764402389526,3,-0.40000000000000036
PH20_RAW_01058,S23T;E32V;H194D;V238L;M311F;M314R;E325K;Q350R;A413E;A420T,1.6412341452102674,0.00255129337310791,-0.0033245086669921875,0.2149964742187497,0.12932118749999733,0.0012521982192993165,17.150000169873238,-9.217943470925093,4.8244733810424805,3,-5.7
PH20_RAW_01059,E32I;K131R;H194D;V238L;M311F;M314R;D321K;Q394T;A413E;V415I,1.6401993875863021,0.003326094150543213,-0.0031135082244873047,0.21499647421874996,0.08890831640624963,0.001231241226196289,16.787500113248825,-16.711905919015408,4.502553224563599,2,-5.7
PH20_RAW_01060,S23T;E32I;K131R;H194D;V238L;M311I;M314R;D321K;A413E;T418V,1.640035342890457,0.0027809977531433106,-0.0033245086669921875,0.20529738515624985,0.056578019531249524,0.0005443930625915527,15.47500013113022,-4.522281683981419,6.719908237457275,2,-5.7
PH20_RAW_01061,E32V;K131R;Q144N;H194D;M311F;M314R;E325K;A372E;V415I;A420K,1.6396683830536967,0.0031338810920715334,-0.002908945083618164,0.2036808703124997,0.07274316796874913,0.0019608736038208008,18.6875000923872,-14.100229196250439,3.789544105529785,3,0.0
PH20_RAW_01062,S23T;E32V;Q144N;H194D;M311I;D321K;E325K;A372T;A413E;A420T,1.6396208490493023,0.002785694599151611,-0.004182040691375732,0.2085304148437495,0.056578019531249524,0.0010708928108215331,18.40000002384186,-7.859809312969446,4.763522386550903,3,-5.3
PH20_RAW_01063,S23T;E32I;H194D;M311F;D321K;A372T;E393Q;A413E;V415I;A420T,1.6391121175401653,0.0029726505279541017,-0.004182040691375732,0.21661298906249965,0.08890831640624963,0.0014026999473571778,16.462499964237214,-11.64828660711646,4.976414203643799,2,-5.3
PH20_RAW_01064,E32I;K131R;H194D;M311F;M314R;D321K;Q350R;A372E;E393Q;A413E,1.6388663379169128,0.0030248284339904783,-0.002908945083618164,0.2149964742187498,0.09699089062499766,0.0011429786682128906,19.412500005960464,-16.880580499768257,4.688268184661865,3,-5.3
PH20_RAW_01065,E32V;K131R;H194D;V238L;I310L;M314R;D321K;A372T;Q394T;D419E,1.6388160912946061,0.002982056140899658,-0.003555476665496826,0.20044784062499987,0.05657801953124908,0.0015451669692993163,17.70000005364418,-10.406543396413326,7.699338912963867,3,-0.40000000000000036
PH20_RAW_01066,S23T;E32I;H194D;V238L;M311L;M314R;D321K;Q394T;V415I;D419E,1.6387621734590871,0.0030818104743957518,-0.003529071807861328,0.20853041484375012,0.08082574218750027,0.0013640880584716796,16.32500014305115,-10.895746044814587,5.83573579788208,3,-0.40000000000000036
PH20_RAW_01067,S23T;E32V;K131R;H194D;V238L;M311L;M314R;D321K;A372T;V415I,1.637468888328869,0.002678179740905762,-0.003766477108001709,0.22307904843749987,0.08082574218749983,0.001306009292602539,15.725000095367431,-6.130299974232912,8.584881067276001,3,-0.40000000000000036
PH20_RAW_01068,S23T;E32V;K131R;Q144N;M311F;M314R;D321K;A372T;A413E;V415I,1.6368765532105722,0.0037348031997680663,-0.004182040691375732,0.20529738515624985,0.04849544531249972,0.0009451746940612793,13.837500062584876,-12.664710775017738,6.74949049949646,3,-5.3
PH20_RAW_01069,S23T;E32I;K131R;Q144N;H194D;M311I;M314R;D321K;V415I;D419E,1.6363846605421253,0.003008735179901123,-0.0033245086669921875,0.2069138999999999,0.040412871093749914,0.0010952353477478027,16.61250013113022,-7.70349594950676,7.909844398498535,3,0.0
PH20_RAW_01070,S23T;E32I;K131R;H194D;I310L;M314R;E325K;A372T;V415I;D419E,1.6353691762677751,0.002466881275177002,-0.003766477108001709,0.20853041484374985,0.06466059374999933,0.0014267086982727051,16.062500074505806,-1.5594454407691956,7.668694496154785,3,0.0
PH20_RAW_01071,S23T;E32I;H194D;V238L;I310L;M314R;D321K;A372T;Q394T;A420S,1.6342520874377486,0.002702951431274414,-0.00397104024887085,0.20206435546875018,0.06466059374999977,0.0010536909103393555,18.600000071525574,-9.289210624992847,7.959554433822632,3,-0.40000000000000036
PH20_RAW_01072,S23T;E32V;Q144N;H194D;M311F;D321K;Q350R;A372T;A413E;V415I,1.6337182606736038,0.003113460540771484,-0.003766477108001709,0.2004478406249997,0.09699089062499988,0.0013494253158569335,16.925000035762785,-15.149849362671375,5.758845329284668,2,-5.3
PH20_RAW_01073,S23T;E32I;K131R;H194D;V238L;M311F;D321K;A372T;E393Q;D419E,1.6336462359415354,0.002828681468963623,-0.003766477108001709,0.21499647421874996,0.08890831640624963,0.0009519696235656738,16.012499952316283,-8.462754745036364,6.805268049240112,3,-0.40000000000000036
PH20_RAW_01074,S23T;E32V;K131R;H194D;M311I;M314R;D321K;Q394T;A413E;A420K,1.6334877706856068,0.003234565258026123,-0.0026979446411132812,0.2069138999999997,0.06466059374999933,0.0014272212982177734,17.100000143051147,-11.985502917319536,3.366528034210205,3,-5.3
PH20_RAW_01075,E32V;K131R;Q144N;H194D;M311F;D321K;E325K;Q394T;A413E;T418S,1.6328547847542274,0.003518187999725342,-0.0026979446411132812,0.21014692968749982,0.07274316796874958,0.0014392614364624023,18.73750004172325,-18.913282230496407,1.6068928241729736,3,-5.3
PH20_RAW_01076,S23T;E32V;K131R;H194D;V238L;M311F;D321K;Q350R;A413E;A420T,1.6321820102629172,0.0028859853744506838,-0.002908945083618164,0.21014692968749965,0.11315603906249949,0.0016316533088684081,14.912500071525574,-10.576033964753151,6.323456048965454,2,-5.7
PH20_RAW_01077,E32V;K131R;Q144N;H194D;M311F;M314R;D321K;Q394T;A413E;A420K,1.6314437091734395,0.003544461727142334,-0.0026979446411132812,0.20206435546874985,0.06466059374999933,0.0017881989479064941,18.950000125169755,-19.644964709877968,3.5957140922546387,3,-5.3
PH20_RAW_01078,S23T;E32V;H194D;M311L;M314R;D321K;Q350R;A372T;A413E;D419E,1.6313044847577698,0.003031909465789795,-0.003766477108001709,0.2069138999999997,0.08890831640624697,0.0013673543930053712,17.07500010728836,-12.344603076577187,5.286309242248535,3,-5.3
PH20_RAW_01079,S23T;E32V;K131R;Q144N;H194D;V238L;M311F;D321K;A372T;V415I,1.630524771601114,0.0028270721435546876,-0.003766477108001709,0.20853041484374985,0.08082574218749983,0.001310873031616211,16.02500002384186,-9.786714926362038,8.43024206161499,2,-0.40000000000000036
PH20_RAW_01080,S23T;E32V;K131R;H194D;M311V;D321K;E325K;A372E;Q394T;D417E,1.629206270117954,0.0030298590660095214,-0.0026979446411132812,0.20529738515624968,0.07274316796874958,0.0015438199043273926,18.37500001192093,-12.95340497046709,4.586775541305542,3,0.0
PH20_RAW_01081,S23T;E32I;K131R;Q144N;H194D;I310L;M314R;D321K;Q394T;V415I,1.6284798029811982,0.0026244878768920898,-0.0031135082244873047,0.2020643554687501,0.04849544531250016,0.0015214085578918457,18.21250010728836,-7.223771143704653,9.834980010986328,3,0.0
PH20_RAW_01082,S23T;E32V;K131R;H194D;V238L;M311F;D321K;Q350R;A372E;A420K,1.6280154335142039,0.0031257033348083495,-0.0024933815002441406,0.20853041484374976,0.10507346484374658,0.0017224431037902832,16.437500023841856,-14.100163843482733,5.086944580078125,3,-0.40000000000000036
PH20_RAW_01083,S23T;E32V;K131R;H194D;V238L;I310L;M314R;D321K;A372T;T418S,1.6278110511215653,0.002753150463104248,-0.0033509135246276855,0.20853041484374996,0.056578019531249524,0.001107966899871826,17.300000071525574,-7.641798656433821,8.468120813369751,3,-0.40000000000000036
PH20_RAW_01084,E32T;K131R;H194D;M311F;M314R;D321K;A372T;Q394T;A413E;T418V,1.6272702919413933,0.0036142826080322265,-0.0031399130821228027,0.2069138999999997,0.07274316796874691,0.0019618988037109373,18.03750005364418,-20.578271366655827,1.7304325103759766,2,-5.3
PH20_RAW_01085,S23T;E32V;K131R;H194D;M311I;M314R;E325K;A413E;V415I;A420T,1.6271137022647362,0.0025842666625976564,-0.0033245086669921875,0.21014692968749946,0.07274316796874913,0.001509106159210205,15.312500157952309,-3.034827098250389,4.796869516372681,2,-5.3
PH20_RAW_01086,S23T;E32V;K131R;H194D;M311F;M314R;D321K;Q394T;A413E;A420T,1.627070707483142,0.0027585268020629884,-0.0031135082244873047,0.23116162265624968,0.09699089062499944,0.001872384548187256,17.987500143051147,-13.8515240624547,6.021795749664307,2,-5.3
PH20_RAW_01087,S23T;E32T;H194D;M311F;M314R;N322K;A372T;E393Q;V415I;A420T,1.6269469669868883,0.003152298927307129,-0.003766477108001709,0.20206435546874985,0.10507346484374702,0.0024132847785949705,17.100000014901163,-14.641232624650002,3.032613754272461,3,-0.3999999999999999
PH20_RAW_01088,E32I;K131R;H194D;V238L;M311F;M314R;D321K;Q394T;V415I;D419E,1.6267044932017891,0.003326094150543213,-0.0031135082244873047,0.22469556328125,0.08890831640624963,0.001429283618927002,16.562500113248824,-16.438216626644135,5.615607500076294,3,-0.40000000000000036
PH20_RAW_01089,S23T;E32V;H194D;V238L;M311F;E325K;Q350R;Q394T;V415I;D419E,1.6260656018785993,0.002881312370300293,-0.0031135082244873047,0.20529738515624985,0.1374037617187498,0.0015458941459655761,15.100000098347664,-10.484968684613705,3.465808391571045,3,-0.40000000000000036
PH20_RAW_01090,S23T;E32V;H194D;M311F;M314R;D321K;Q350R;Q394T;A413E;D417E,1.6258026029999273,0.0031101822853088377,-0.0026979446411132812,0.21984601874999976,0.12123861328124974,0.0014351248741149903,18.812500154972078,-19.62989281490445,3.9446136951446533,3,-5.3
PH20_RAW_01091,S23T;E32I;K131R;H194D;M311F;M314R;E325K;Q350R;A413E;A420S,1.6255246265880905,0.002672421932220459,-0.002908945083618164,0.21661298906249993,0.11315603906249949,0.0011414051055908202,16.62500014603138,-9.031963638961315,4.447455644607544,3,-5.3
PH20_RAW_01092,S23T;E32I;K131R;H194D;V238L;I310L;M314R;D321K;Q394T;T418V,1.625435749684107,0.0023967504501342775,-0.0031135082244873047,0.2101469296875001,0.06466059374999977,0.0011686086654663086,16.85000010728836,-3.4597694613039494,9.758098125457764,3,-0.40000000000000036
PH20_RAW_01093,E32I;Q144N;H194D;V238L;M311F;D321K;E325K;A372T;A413E;D417E,1.62495026083686,0.0033206820487976076,-0.003766477108001709,0.20044784062499987,0.07274316796874958,0.000725257396697998,18.787499994039536,-16.72551741078496,2.7186648845672607,3,-5.7
PH20_RAW_01094,S23T;E32V;Q144N;H194D;M311I;M314R;D321K;Q350R;A372E;V415I,1.6248323966257356,0.0027983784675598145,-0.0033245086669921875,0.2036808703124997,0.07274316796875002,0.0011639714241027832,19.237500107288362,-12.638087462633848,7.193382978439331,3,0.0
PH20_RAW_01095,S23T;E32I;K131R;H194D;I310L;M314R;D321K;Q394T;D417E;D419E,1.6238413635326399,0.0028833508491516112,-0.0026979446411132812,0.20368087031249998,0.056578019531249524,0.0017168879508972167,17.60000010728836,-9.541476164013147,7.34971809387207,3,0.0
PH20_RAW_01096,E32I;Q144N;H194D;V238L;M311F;M314R;D321K;Q394T;V415I;D419E,1.6235353651164934,0.0034111499786376952,-0.003529071807861328,0.20529738515625012,0.07274316796875002,0.0012543082237243652,18.450000125169755,-18.97343649342656,5.61188006401062,3,-0.40000000000000036
PH20_RAW_01097,E32I;K131R;Q144N;H194D;V238L;M311F;D321K;E325K;A372E;D417E,1.6234094425460042,0.0030499935150146485,-0.002908945083618164,0.2069138999999999,0.07274316796874958,0.0011904001235961913,19.237499982118607,-15.010481595993042,4.4553327560424805,3,-0.40000000000000036
PH20_RAW_01098,E32V;K131R;H194D;M311F;M314R;D321K;Q394T;A413E;D417E;A420K,1.6228661989151718,0.0037359833717346192,-0.002282381057739258,0.21176344453124968,0.08082574218749894,0.0019608855247497557,17.887500125169755,-21.715908493846655,1.7376272678375244,3,-5.3
PH20_RAW_01099,S23T;E32I;H194D;M311F;D321K;E325K;Q394T;A413E;D417E;A420T,1.6227418421515742,0.003004348278045654,-0.0031135082244873047,0.2295451078124997,0.10507346484374969,0.0015766620635986328,18.250000059604645,-15.376013293862343,2.1196646690368652,3,-5.3
PH20_RAW_01100,S23T;E32V;V238L;M311F;M314R;D321K;A372T;Q394T;A413E;D419E,1.622721514288565,0.003894662857055664,-0.004386603832244873,0.20044784062499996,0.07274316796874958,0.0007660627365112304,14.275000074505806,-16.853263299912214,3.5951650142669678,3,-5.7
PH20_RAW_01101,S23T;E32V;K131R;H194D;V238L;M314R;D321K;Q350R;A413E;A420T,1.6227023281457198,0.002737092971801758,-0.002908945083618164,0.2036808703124997,0.08890831640624963,0.0014541029930114746,16.112500143051147,-8.054991763085127,7.916061162948608,3,-5.7
PH20_RAW_01102,S23T;E32V;K131R;H194D;M311L;D321K;E325K;A372S;Q394T;A413E,1.6225003939910696,0.003007364273071289,-0.0031135082244873047,0.20529738515624976,0.07274316796875002,0.0015490412712097167,16.000000059604645,-8.478391855955124,4.244436264038086,3,-5.3
PH20_RAW_01103,S23T;E32I;H194D;I310L;M314R;D321K;Q350R;Q394T;A413E;T418V,1.6221940599998825,0.002683138847351074,-0.0031135082244873047,0.20206435546874993,0.08082574218749983,0.0012071609497070312,17.75000011920929,-9.115412022918463,7.086701393127441,3,-5.3
PH20_RAW_01104,S23T;E32V;K131R;H194D;M311V;M314R;D321K;A372E;Q394T;V415I,1.6208219927439256,0.002961575984954834,-0.0031135082244873047,0.20529738515624976,0.06466059374999977,0.0016090154647827148,17.937500095367433,-13.50492962449789,7.357150316238403,2,0.0
PH20_RAW_01105,E32V;K131R;Q144N;H194D;V238L;M311F;M314R;D321K;A372T;V415I,1.6207753150593651,0.0030075192451477053,-0.003766477108001709,0.21984601874999984,0.07274316796874958,0.0011962294578552247,17.850000077486037,-14.274661555886269,8.361025333404541,3,-0.40000000000000036
PH20_RAW_01106,S23T;E32V;Q144N;H194D;V238L;M311F;M314R;D321K;Q394T;D417E,1.6206700135177707,0.0029088497161865235,-0.0031135082244873047,0.20853041484375004,0.08890831640625008,0.0012215971946716309,19.800000154972075,-16.74606789648533,6.612282991409302,3,-0.40000000000000036
PH20_RAW_01107,E32I;Q144N;H194D;M311I;M314R;D321K;E325K;A372E;A413E;A420T,1.6206544979588329,0.0029403328895568847,-0.003740072250366211,0.20691389999999962,0.04041287109374947,0.001015615463256836,21.175000065565108,-13.792679939419031,3.558987855911255,3,-5.3
PH20_RAW_01108,S23T;E32V;K131R;H194D;I310L;M314R;D321K;Q350R;A372E;Q394T,1.6203122849149216,0.002396416664123535,-0.0026979446411132812,0.21014692968749982,0.08890831640624963,0.0017879128456115723,19.400000071525575,-10.039151892066002,8.495070934295654,3,0.0
PH20_RAW_01109,E32I;K131R;H194D;I310L;M314R;D321K;Q350R;A413E;V415I;A420T,1.6203013128751669,0.003058648109436035,-0.002908945083618164,0.20529738515624968,0.06466059374999933,0.0018145322799682617,15.975000089406967,-10.065774399787188,7.615122079849243,3,-5.3
PH20_RAW_01110,S23T;E32I;K131R;H194D;V238L;M311F;D321K;A372S;V415I;D419E,1.6202321234361525,0.003336596488952637,-0.0033245086669921875,0.20206435546874993,0.07274316796875002,0.0013676762580871582,13.375000059604645,-10.834363829344511,7.13683295249939,2,-0.40000000000000036
PH20_RAW_01111,S23T;E32V;K131R;Q144N;H194D;M314R;D321K;A372E;V415I;A420T,1.6196612019987695,0.0026188015937805174,-0.0033245086669921875,0.20206435546874965,0.04849544531249972,0.002071988582611084,18.575000095367432,-9.403294626623392,9.303486108779907,2,0.0
PH20_RAW_01112,S23T;E32T;K131R;Q144N;H194D;M311F;M314R;E325K;Q394T;T418V,1.6190304578219263,0.0027733325958251955,-0.0026979446411132812,0.20044784062499996,0.08890831640624963,0.0019243478775024414,18.46250013411045,-11.015003152191639,3.691279411315918,3,0.0
PH20_RAW_01113,E32I;K131R;H194D;M311L;D321K;E325K;A372E;Q394T;A413E;V415I,1.6187888451336778,0.0031658530235290526,-0.0031135082244873047,0.20529738515624976,0.07274316796874958,0.0017570018768310546,17.187499982118606,-13.13194041326642,1.5440378189086914,2,-5.3
PH20_RAW_01114,S23T;E32V;Q144N;H194D;V238L;M311F;D321K;Q350R;V415I;A420T,1.6175487696693276,0.0029036998748779297,-0.0033245086669921875,0.20853041484374976,0.10507346484375013,0.001631927490234375,16.1250000834465,-12.319446362555027,8.05995798110962,3,-0.40000000000000036
PH20_RAW_01115,S23T;E32I;K131R;H194D;D321K;E325K;A372T;A413E;V415I;A420T,1.6174325647661267,0.0027736783027648925,-0.003766477108001709,0.2230790484374996,0.07274316796874958,0.0014883875846862793,15.675,-6.15399781987071,5.530228853225708,3,-5.3
PH20_RAW_01116,S23T;E32I;H194D;M311L;M314R;D321K;Q394T;A413E;V415I;A420K,1.6171475141041067,0.0033926606178283692,-0.0031135082244873047,0.20368087031249998,0.07274316796875002,0.0016674518585205079,16.650000143051148,-14.40737272426486,2.6878135204315186,3,-5.3
PH20_RAW_01117,S23T;E32V;H194D;M311L;M314R;D321K;A372T;Q394T;V415I;A420S,1.6169798335619372,0.002943313121795654,-0.00397104024887085,0.2214625335937499,0.08082574218749983,0.0016976356506347655,17.47500010728836,-12.720815811306238,6.092942237854004,3,0.0
PH20_RAW_01118,E32I;K131R;H194D;M314R;D321K;E325K;A372E;A413E;D417E;A420T,1.616400540827837,0.003027355670928955,-0.002908945083618164,0.21337995937499957,0.05657801953124908,0.0016613483428955078,19.45000005364418,-13.845753539353609,3.5956363677978516,3,-5.3
PH20_RAW_01119,E32V;K131R;H194D;M311F;M314R;D321K;A372T;Q394T;A413E;A420S,1.6160942938910128,0.0032549381256103517,-0.003555476665496826,0.21984601874999976,0.08082574218749894,0.0015875816345214844,18.387500077486038,-19.068365313112736,4.132584571838379,2,-5.3
PH20_RAW_01120,S23T;E32V;K131R;H194D;M311V;M314R;E325K;Q394T;V415I;D419E,1.6159785974512304,0.0029075980186462403,-0.0031135082244873047,0.2004478406249998,0.07274316796874958,0.0015422463417053222,15.675000157952308,-7.378096405416727,5.854595899581909,3,0.0
PH20_RAW_01121,E32V;K131R;H194D;V238L;M311I;D321K;E325K;Q394T;A413E;A420T,1.615186410990665,0.003068685531616211,-0.0031135082244873047,0.21014692968749954,0.07274316796874913,0.0013341307640075684,16.38750004172325,-9.836249694228172,2.7871971130371094,3,-5.7
PH20_RAW_01122,S23T;E32V;K131R;H194D;I310L;M314R;E325K;Q394T;V415I;A420T,1.6151230470371303,0.002200019359588623,-0.0031135082244873047,0.2149964742187497,0.08082574218749938,0.0021333217620849608,16.68750013411045,-1.8537267856299877,7.835059404373169,3,0.0
PH20_RAW_01123,S23T;E32V;H194D;V238L;I310L;M314R;D321K;A372T;Q394T;D417E,1.6146155254856935,0.002657294273376465,-0.003555476665496826,0.20206435546874993,0.07274316796874958,0.0012819290161132813,18.8750000834465,-10.647101026028395,7.567985534667969,3,-0.40000000000000036
PH20_RAW_01124,S23T;E32I;K131R;H194D;M314R;D321K;Q350R;A372E;A413E;V415I,1.6142738947689144,0.002853703498840332,-0.002908945083618164,0.2004478406249998,0.08082574218749983,0.0014062166213989259,17.1875000834465,-11.71655298769474,6.219860076904297,2,-5.3
PH20_RAW_01125,S23T;E32I;H194D;M311F;M314R;E325K;A372S;E393Q;A413E;T418V,1.6141255500961107,0.002643871307373047,-0.003740072250366211,0.20529738515624985,0.08082574218749983,0.0007047653198242188,17.112500098347663,-6.866271883249283,4.951844692230225,3,-5.3
PH20_RAW_01126,E32V;K131R;H194D;V238L;M311L;M314R;D321K;Q350R;A413E;T418V,1.6139498856535506,0.003012359142303467,-0.002908945083618164,0.20206435546874973,0.0808257421874976,0.0012819290161132813,15.150000125169754,-8.942891780287027,6.383700132369995,3,-5.7
PH20_RAW_01127,S23T;E32V;Q144N;H194D;M311F;M314R;D321K;A372E;Q394T;T418V,1.6137228391352745,0.0025726318359375,-0.003529071807861328,0.21661298906249984,0.08082574218749983,0.0015275239944458007,20.97500010728836,-15.805618152022362,7.113243579864502,2,0.0
PH20_RAW_01128,S23T;E32V;H194D;V238L;M314R;D321K;A372E;Q394T;V415I;A420T,1.6135843532953424,0.002711319923400879,-0.003529071807861328,0.20529738515624976,0.08082574218749983,0.0018700838088989257,18.56250010728836,-12.798846777528524,6.776335716247559,2,-0.40000000000000036
PH20_RAW_01129,S23T;E32V;H194D;V238L;M311I;M314R;E325K;A372E;E393Q;A420T,1.6135264029225693,0.002174186706542969,-0.003740072250366211,0.20206435546874965,0.08082574218749938,0.001005411148071289,18.912500062584876,-3.7627203427255154,5.123103380203247,3,-0.40000000000000036
PH20_RAW_01130,S23T;E32V;K131R;H194D;I310L;M314R;E325K;A372E;Q394T;T418V,1.6134779709891658,0.0019964098930358885,-0.0031135082244873047,0.20206435546874973,0.07274316796874913,0.001788187026977539,18.462500086426736,-2.1976106725633144,7.190005302429199,2,0.0
PH20_RAW_01131,S23T;E32V;Q144N;H194D;M311F;M314R;D321K;A372S;A413E;A420T,1.613457324291787,0.003034532070159912,-0.003740072250366211,0.2004478406249997,0.05657801953124997,0.001521158218383789,18.512500154972077,-15.00822088867426,7.470077037811279,2,-5.3
PH20_RAW_01132,S23T;E32V;H194D;V238L;M311L;D321K;A372T;E393Q;V415I;A420T,1.6134285223956055,0.0026927828788757325,-0.004182040691375732,0.2069138999999997,0.08082574218749983,0.001565730571746826,15.274999976158142,-5.366955898702145,7.078689336776733,3,-0.40000000000000036
PH20_RAW_01133,S23T;E32V;H194D;I310L;M314R;D321K;Q350R;A372E;Q394T;D417E,1.6131841053192226,0.002672994136810303,-0.0026979446411132812,0.2004478406249998,0.08890831640624963,0.0017856240272521972,20.225000083446503,-14.435385599732399,6.633256673812866,3,0.0
PH20_RAW_01134,E32V;K131R;Q144N;H194D;M311F;D321K;E325K;A372S;Q394T;A413E,1.612833748192727,0.0033367037773132323,-0.0031135082244873047,0.20206435546874973,0.06466059374999977,0.0014392614364624023,18.12500004172325,-16.303347643464804,4.020580530166626,3,-5.3
PH20_RAW_01135,S23T;E32I;H194D;M311F;M314R;D321K;Q350R;Q394T;A413E;V415I,1.6123819248345643,0.0030111432075500487,-0.0031135082244873047,0.22792859296874993,0.12123861328125018,0.0012068867683410645,17.812500143051146,-17.66584185883403,4.674671649932861,3,-5.3
PH20_RAW_01136,S23T;E32V;K131R;Q144N;H194D;M311F;M314R;E325K;Q350R;A413E,1.6123074285129253,0.0024352431297302245,-0.002908945083618164,0.20691389999999982,0.10507346484374969,0.0011969566345214843,17.96250015795231,-8.417007818818092,5.913973569869995,3,-5.3
PH20_RAW_01137,S23T;E32V;K131R;H194D;M311I;M314R;E325K;Q394T;V415I;A420S,1.612164697883731,0.002638089656829834,-0.0031135082244873047,0.2149964742187498,0.08082574218749938,0.0014272093772888183,16.16250015795231,-5.513731528073549,4.760959625244141,3,0.0
PH20_RAW_01138,S23T;E32T;K131R;H194D;I310L;M314R;D321K;A372T;Q394T;A420T,1.6118021540033587,0.0028467059135437013,-0.0031399130821228027,0.2036808703124998,0.06466059374999933,0.0024193763732910157,18.475000047683714,-11.473081301897764,6.167415380477905,3,0.0
PH20_RAW_01139,S23T;E32I;K131R;H194D;M314R;D321K;Q394T;A413E;V415I;A420K,1.6117145064857001,0.003307604789733887,-0.0026979446411132812,0.20206435546874993,0.06466059374999977,0.0016697406768798827,16.262500131130217,-12.651995465159416,4.129507064819336,3,-5.3
PH20_RAW_01140,S23T;E32T;Q144N;H194D;M311F;M314R;D321K;A372T;Q394T;T418V,1.6112545770259235,0.0030979990959167482,-0.003555476665496826,0.20853041484374996,0.08082574218749983,0.0017240166664123536,20.050000083446502,-18.613419257104397,4.570220232009888,3,0.0
PH20_RAW_01141,S23T;E32V;H194D;M311F;M314R;D321K;Q350R;A372S;A413E;D417E,1.6109578170787426,0.0033011317253112795,-0.002908945083618164,0.20853041484374968,0.09699089062499988,0.0012588739395141602,17.450000154972077,-18.45139390230179,5.3966224193573,3,-5.3
PH20_RAW_01142,S23T;E32I;K131R;H194D;I310L;D321K;E325K;A372E;Q394T;A420T,1.6104107438083899,0.0022905826568603515,-0.0031135082244873047,0.21984601874999976,0.07274316796874958,0.0019294500350952148,18.837499976158142,-6.096216928213835,6.670121908187866,3,0.0
PH20_RAW_01143,S23T;E32I;K131R;H194D;V238L;M314R;D321K;A372T;A413E;V415I,1.6102070458542699,0.0028380036354064943,-0.003766477108001709,0.20206435546874993,0.06466059374999977,0.0009025216102600097,15.837500083446503,-8.178189735859632,7.154588937759399,2,-5.7
PH20_RAW_01144,S23T;E32V;K131R;H194D;M314R;D321K;A372T;Q394T;V415I;A420S,1.609743712006153,0.002858257293701172,-0.003555476665496826,0.21984601874999984,0.07274316796874958,0.0016999244689941406,17.08750009536743,-11.047398276627064,7.534635782241821,3,0.0
PH20_RAW_01145,S23T;E32I;H194D;V238L;D321K;E325K;A372E;Q394T;V415I;A420T,1.6095663386295724,0.0026805639266967774,-0.003529071807861328,0.21337995937499982,0.08890831640625008,0.0015766501426696777,18.00000001192093,-10.236980888992548,4.736018896102905,3,-0.40000000000000036
PH20_RAW_01146,S23T;E32I;K131R;H194D;V238L;M311I;M314R;D321K;A372E;V415I,1.6091388382335206,0.00267181396484375,-0.0033245086669921875,0.21176344453124987,0.06466059374999977,0.000894618034362793,16.950000083446504,-8.263016659766436,6.996521472930908,2,-0.40000000000000036
PH20_RAW_01147,E32I;K131R;H194D;V238L;M311F;M314R;D321K;A372T;A413E;V415I,1.609067704989136,0.0031673431396484373,-0.003766477108001709,0.21984601874999984,0.08082574218749938,0.0009654283523559571,16.46250006556511,-15.226704314351082,5.492767095565796,2,-5.7
PH20_RAW_01148,S23T;E32I;H194D;I310L;D321K;E325K;A372E;Q394T;D417E;A420T,1.6086354282397137,0.0025671601295471193,-0.0031135082244873047,0.21014692968749973,0.07274316796874958,0.00192716121673584,19.66249998807907,-10.2491386346519,4.808307647705078,3,0.0
PH20_RAW_01149,S23T;E32V;K131R;Q144N;H194D;M311I;D321K;E325K;A372E;T418S,1.607283535175616,0.002863907814025879,-0.003078639507293701,0.2069138999999997,0.04849544531249972,0.0011026382446289063,18.90000001192093,-10.214879345148802,4.100861072540283,3,0.0
PH20_RAW_01150,S23T;E32V;H194D;M311F;M314R;D321K;A372S;A413E;D417E;A420T,1.6066204811382403,0.003226053714752197,-0.0033245086669921875,0.21014692968749954,0.07274316796874958,0.0016938447952270508,17.450000154972077,-17.00004344061017,5.611990213394165,2,-5.3
PH20_RAW_01151,S23T;E32I;K131R;H194D;M311F;M314R;D321K;Q350R;A413E;T418V,1.6065920955575197,0.002690887451171875,-0.002908945083618164,0.23277813749999982,0.10507346484374969,0.0010559916496276855,16.46250013113022,-10.90731642022729,7.1249401569366455,3,-5.3
PH20_RAW_01152,S23T;E32V;K131R;Q144N;H194D;M311F;M314R;D321K;Q350R;A372E,1.6047659965502428,0.002489221096038818,-0.002908945083618164,0.22146253359374982,0.09699089062499988,0.00146176815032959,20.000000095367433,-14.219694148749113,8.529582262039185,3,0.0
PH20_RAW_01153,S23T;E32I;K131R;H194D;V238L;I310L;M314R;E325K;Q394T;V415I,1.6046257571747897,0.002233588695526123,-0.0031135082244873047,0.2020643554687501,0.08082574218749983,0.0012540221214294434,16.28750012218952,-1.2821326442062855,7.419102668762207,3,-0.40000000000000036
PH20_RAW_01154,E32V;K131R;H194D;V238L;I310L;M314R;D321K;Q350R;A372E;A420T,1.6041711083666625,0.002629244327545166,-0.002908945083618164,0.20206435546874965,0.07274316796874736,0.0018675088882446288,18.15000005364418,-10.125971000641584,8.942882299423218,3,-0.40000000000000036
PH20_RAW_01155,S23T;E32V;K131R;H194D;M311I;M314R;D321K;A372T;A413E;A420K,1.60405163066237,0.0030758142471313476,-0.0033509135246276855,0.2117634445312496,0.05657801953124908,0.0011614084243774414,16.77500009536743,-10.423231195658445,4.356741905212402,3,-5.3
PH20_RAW_01156,S23T;E32V;Q144N;H194D;M311I;D321K;E325K;A372T;A413E;T418S,1.603967801580867,0.003134596347808838,-0.003766477108001709,0.2004478406249997,0.04849544531249972,0.0006374955177307129,18.45000002384186,-12.150667518377304,2.3641932010650635,3,-5.3
PH20_RAW_01157,E32V;K131R;H194D;V238L;M311L;M314R;D321K;Q350R;A372E;A420S,1.6037338509152097,0.0030478715896606447,-0.002908945083618164,0.20044784062499987,0.07274316796874736,0.0016321539878845215,17.350000077486037,-13.117588300257921,6.321824312210083,3,-0.40000000000000036
PH20_RAW_01158,S23T;E32V;H194D;V238L;M311F;M314R;E325K;Q350R;Q394T;A413E,1.6034951273959344,0.002527761459350586,-0.0031135082244873047,0.2101469296874999,0.13740376171874713,0.0009950518608093262,17.95000016987324,-11.936898715794086,3.3868231773376465,3,-5.7
PH20_RAW_01159,S23T;E32V;H194D;M311F;M314R;N322K;Q350R;A372E;E393Q;V415I,1.6034409365749034,0.0027020096778869627,-0.0033245086669921875,0.20853041484374985,0.11315603906249683,0.0017818212509155273,18.02500003874302,-13.193024326115847,5.36026930809021,3,-0.3999999999999999
PH20_RAW_01160,S23T;E32I;Q144N;H194D;V238L;M311F;M314R;D321K;Q394T;V415I,1.603424867454992,0.0028098106384277345,-0.003529071807861328,0.2166129890625002,0.08890831640625052,0.000993359088897705,18.800000143051147,-14.955856390297413,7.34234094619751,3,-0.40000000000000036
PH20_RAW_01161,S23T;E32V;K131R;H194D;V238L;D321K;E325K;A372E;Q394T;T418S,1.6027338378603406,0.0028519272804260255,-0.0026979446411132812,0.2069138999999999,0.08082574218749983,0.0013737797737121582,18.22500001192093,-11.719670481979847,3.4684460163116455,3,-0.40000000000000036
PH20_RAW_01162,E32V;K131R;H194D;M311F;M314R;D321K;Q350R;A372E;D417E;D419E,1.6024285592651324,0.0032820820808410643,-0.0024933815002441406,0.2198460187499996,0.08890831640624697,0.0018954038619995116,18.587500077486037,-20.203912410885096,4.941034555435181,3,0.0
PH20_RAW_01163,S23T;E32I;K131R;H194D;V238L;M311F;M314R;D321K;Q394T;D419E,1.602340480404868,0.002792096138000488,-0.0031135082244873047,0.2279285929687501,0.09699089062499988,0.0011911273002624511,17.36250013113022,-13.039788030087948,6.71889328956604,3,-0.40000000000000036
PH20_RAW_01164,E32V;K131R;Q144N;H194D;M311F;M314R;D321K;Q394T;A413E;T418V,1.6023154570899327,0.003033792972564697,-0.0031135082244873047,0.20853041484374976,0.06466059374999933,0.0015275239944458007,18.525000125169754,-15.855660878121853,5.927400827407837,2,-5.3
PH20_RAW_01165,S23T;E32I;K131R;H194D;M314R;D321K;Q350R;A372E;V415I;D419E,1.6013411897249932,0.002853703498840332,-0.002908945083618164,0.21014692968749982,0.08082574218749983,0.0016042590141296387,16.962500083446503,-11.417309634387493,7.332914352416992,3,0.0
PH20_RAW_01166,S23T;E32V;H194D;M311I;D321K;Q350R;A372E;E393Q;V415I;A420T,1.6007946577325403,0.0027279257774353027,-0.0033245086669921875,0.20691389999999946,0.08890831640624963,0.001598668098449707,16.899999976158142,-9.483455386012793,5.690918684005737,3,0.0
PH20_RAW_01167,S23T;E32V;K131R;H194D;V238L;M311I;E325K;E393Q;V415I;A420T,1.6002618801265556,0.002387559413909912,-0.00382310152053833,0.2004478406249996,0.08082574218749938,0.0012953042984008788,13.96250002682209,1.460514448583126,5.74670672416687,3,-0.40000000000000036
PH20_RAW_01168,E32I;K131R;H194D;D321K;E325K;A372T;Q394T;A413E;V415I;D419E,1.600186538347655,0.003351485729217529,-0.003555476665496826,0.2069138999999997,0.06466059374999933,0.0014921903610229492,16.124999982118606,-12.873147089034319,2.3621177673339844,3,-5.3
PH20_RAW_01169,E32V;K131R;Q144N;H194D;M311L;M314R;D321K;Q394T;V415I;A420S,1.600145298900744,0.003218841552734375,-0.0031135082244873047,0.20044784062499996,0.04849544531249972,0.0019878029823303224,17.362500125169753,-13.62364287301898,6.640039920806885,3,0.0
PH20_RAW_01170,S23T;E32V;K131R;H194D;V238L;M311F;E325K;Q350R;A372E;V415I,1.5996002656349482,0.0024518728256225585,-0.002908945083618164,0.2069138999999997,0.12932118749999955,0.0015471816062927247,15.450000038743019,-7.889681000262499,5.079635858535767,2,-0.40000000000000036
PH20_RAW_01171,S23T;E32I;H194D;M311L;D321K;E325K;A372S;Q394T;A413E;V415I,1.5995052574195057,0.0031849026679992678,-0.003529071807861328,0.20368087031249987,0.07274316796875047,0.001318514347076416,15.825000059604644,-11.021769098937511,3.112679958343506,3,-5.3
PH20_RAW_01172,S23T;E32V;H194D;V238L;M311F;M314R;E325K;Q394T;A413E;A420T,1.5981022692519915,0.0024526834487915037,-0.003529071807861328,0.2117634445312498,0.11315603906249949,0.0014300227165222168,17.95000016987324,-10.533526536077261,3.6021909713745117,2,-5.7
PH20_RAW_01173,S23T;E32I;K131R;H194D;I310L;M314R;D321K;Q350R;A413E;A420T,1.5974280828159775,0.0025246500968933105,-0.002908945083618164,0.20853041484374976,0.07274316796874958,0.001576375961303711,16.77500010728836,-6.599582951515913,8.71840786933899,3,-5.3
PH20_RAW_01174,S23T;E32T;K131R;H194D;M311F;M314R;E325K;Q350R;A372E;D417E,1.597299146476441,0.0030216217041015626,-0.002077817916870117,0.20206435546874973,0.09699089062499677,0.0020941853523254394,18.750000086426734,-15.77371720597148,1.5918588638305664,3,0.0
PH20_RAW_01175,S23T;E32I;H194D;I310L;M314R;D321K;Q350R;A372E;Q394T;V415I,1.5962546185410358,0.002573955059051514,-0.0031135082244873047,0.20853041484374996,0.08890831640625008,0.0015573859214782714,19.225000071525574,-12.630825944244862,7.363314628601074,3,0.0
PH20_RAW_01176,S23T;E32V;K131R;H194D;D321K;E325K;A372T;Q394T;A413E;D417E,1.5941642319836122,0.0028491854667663575,-0.0031399130821228027,0.21014692968749965,0.08082574218749938,0.0014594793319702148,17.47500001192093,-10.78927643597126,3.362520694732666,3,-5.3
PH20_RAW_01177,E32V;K131R;H194D;M311F;M314R;D321K;A372S;Q394T;A413E;V415I,1.5940699376264704,0.00345994234085083,-0.0031135082244873047,0.21176344453124968,0.07274316796874958,0.0016771435737609863,16.625000125169755,-19.007726214826107,4.932868480682373,2,-5.3
PH20_RAW_01178,S23T;E32V;M311F;M314R;E325K;A372T;Q394T;A413E;V415I;A420S,1.5940220691037545,0.003609037399291992,-0.004386603832244873,0.20368087031249987,0.08082574218749938,0.0010694146156311035,13.662500089406967,-13.245923727750778,1.8416743278503418,3,-5.3
PH20_RAW_01179,S23T;E32V;H194D;V238L;M311L;M314R;D321K;Q350R;Q394T;A413E,1.5936400153546548,0.002798616886138916,-0.0031135082244873047,0.20044784062499996,0.10507346484375013,0.0011946678161621094,17.300000154972075,-12.381883475929499,5.036717414855957,3,-5.7
PH20_RAW_01180,E32V;Q144N;H194D;V238L;M311F;D321K;E325K;A372E;Q394T;T418S,1.5930132025528714,0.0032663226127624513,-0.0031135082244873047,0.20529738515624993,0.08082574218749983,0.0012617111206054688,20.737500005960463,-21.549412488937378,1.8028967380523682,3,-0.40000000000000036
PH20_RAW_01181,S23T;E32V;K131R;Q144N;H194D;M311F;M314R;E325K;V415I;A420T,1.5921389844910847,0.002292823791503906,-0.0033245086669921875,0.2263120781249997,0.08890831640624963,0.0018071770668029786,17.28750015795231,-6.372349686920643,7.869570732116699,3,0.0
PH20_RAW_01182,S23T;E32V;H194D;V238L;M311F;D321K;Q350R;A372T;A413E;T418V,1.5914591281872061,0.002885723114013672,-0.003766477108001709,0.20853041484374968,0.09699089062499677,0.0009966254234313964,15.562500035762787,-11.698792330920696,5.6819634437561035,2,-5.7
PH20_RAW_01183,E32V;K131R;Q144N;H194D;M311F;M314R;E325K;Q394T;A413E;V415I,1.5912545819550359,0.002870631217956543,-0.0031135082244873047,0.2004478406249998,0.08082574218749938,0.0016129374504089355,17.962500140070915,-13.234882362186909,3.5884053707122803,2,-5.3
PH20_RAW_01184,E32V;Q144N;H194D;M311F;D321K;E325K;A372T;Q394T;A413E;D417E,1.5909477210791427,0.0032635807991027834,-0.003555476665496826,0.20853041484374968,0.08082574218749938,0.0013474106788635253,19.987500005960463,-20.323376424610615,1.6969714164733887,3,-5.3
PH20_RAW_01185,S23T;E32V;Q144N;H194D;M311I;D321K;E325K;A372E;Q394T;D417E,1.5905469166671247,0.0027680516242980955,-0.0031135082244873047,0.2004478406249997,0.06466059374999977,0.0012766003608703613,20.475000023841858,-13.381140481680632,3.200725793838501,3,0.0
PH20_RAW_01186,S23T;E32V;K131R;H194D;I310L;M314R;E325K;Q350R;A372T;A413E,1.5904576080490547,0.002183687686920166,-0.0033509135246276855,0.2004478406249997,0.08890831640624919,0.0012572884559631347,17.037500086426736,-3.036010604351759,6.869676113128662,3,-5.3
PH20_RAW_01187,S23T;E32I;Q144N;H194D;M311F;D321K;E325K;Q394T;A413E;T418S,1.5899395912840275,0.0031617283821105957,-0.0031135082244873047,0.21176344453125004,0.08082574218750027,0.0009705781936645508,19.362500059604645,-17.85623288154602,1.5784223079681396,3,-5.3
PH20_RAW_01188,E32T;K131R;H194D;M311F;M314R;D321K;Q350R;A372T;A413E;T418V,1.5898734907317815,0.003712892532348633,-0.002935349941253662,0.21014692968749965,0.048495445312497054,0.001784074306488037,17.23750005364418,-19.24918534606695,2.9527149200439453,3,-5.3
PH20_RAW_01189,S23T;E32V;K131R;Q144N;H194D;M311F;M314R;E325K;Q394T;A420S,1.5897265279974024,0.0024139881134033203,-0.0031135082244873047,0.213379959375,0.08890831640624963,0.0015500307083129883,18.812500157952307,-9.594314523041248,6.09343147277832,3,0.0
PH20_RAW_01190,E32V;Q144N;H194D;M311F;M314R;D321K;Q350R;A372T;A413E;D419E,1.5892901332366196,0.0033612489700317384,-0.003766477108001709,0.2036808703124997,0.06466059374999711,0.0012575745582580566,19.200000089406966,-20.170350175350904,5.062453508377075,3,-5.3
PH20_RAW_01191,E32V;K131R;H194D;M311F;M314R;D321K;A372S;Q394T;A413E;D419E,1.5892636299419176,0.0035272836685180664,-0.0031135082244873047,0.2036808703124997,0.06466059374999933,0.0016999363899230957,17.075000125169755,-19.652004655450583,4.3056933879852295,2,-5.3
PH20_RAW_01192,S23T;E32V;H194D;V238L;M311F;M314R;E325K;Q394T;V415I;A420T,1.5891579130608362,0.0023853421211242677,-0.003529071807861328,0.2295451078124998,0.12123861328124974,0.0016052722930908203,17.275000169873238,-9.627184689044952,5.342420339584351,3,-0.40000000000000036
PH20_RAW_01193,S23T;E32I;K131R;H194D;M311I;M314R;E325K;E393Q;A413E;T418V,1.5887577499637155,0.0022598028182983397,-0.0033245086669921875,0.20529738515624976,0.06466059374999933,0.0005443930625915527,16.187500086426734,0.456591434776783,4.807961463928223,3,-5.3
PH20_RAW_01194,E32I;K131R;H194D;M311F;D321K;E325K;A372S;Q394T;A413E;D419E,1.5885292313421266,0.003496527671813965,-0.0031135082244873047,0.2117634445312498,0.07274316796874958,0.0014065027236938477,16.51250002980232,-16.940883491188288,2.265376567840576,3,-5.3
PH20_RAW_01195,E32I;K131R;H194D;I310L;M314R;D321K;Q350R;Q394T;A413E;V415I,1.5869178036267366,0.003035116195678711,-0.0026979446411132812,0.20044784062499987,0.07274316796874958,0.0015573859214782714,16.775000089406966,-12.586751982569695,6.177471876144409,3,-5.3
PH20_RAW_01196,S23T;E32V;K131R;H194D;M311L;M314R;E325K;Q394T;V415I;D419E,1.5868996619592586,0.0025412917137145998,-0.0031135082244873047,0.21337995937499982,0.08890831640624963,0.0019207596778869629,15.612500157952308,-5.160176891833544,4.9253153800964355,3,0.0
PH20_RAW_01197,S23T;E32T;K131R;H194D;M311L;M314R;D321K;A372T;Q394T;V415I,1.5868790958799832,0.0031206369400024413,-0.0031399130821228027,0.2101469296874999,0.08082574218749983,0.0021840214729309084,16.950000071525572,-14.20370663702488,3.8848464488983154,3,0.0
PH20_RAW_01198,S23T;E32V;Q144N;H194D;M311F;M314R;E325K;Q394T;D417E;A420S,1.5858695307003634,0.0026905655860900877,-0.0031135082244873047,0.20368087031249998,0.08890831640624963,0.0015477418899536132,19.63750016987324,-13.841858126223087,4.231617212295532,3,0.0
PH20_RAW_01199,E32V;K131R;H194D;V238L;M311F;D321K;Q350R;A372T;A413E;V415I,1.5856499849522645,0.0032377004623413085,-0.0033509135246276855,0.20691389999999962,0.10507346484374924,0.0013468503952026368,14.587500005960464,-15.300277005881071,4.772733926773071,2,-5.7
PH20_RAW_01200,S23T;E32I;K131R;H194D;M311I;M314R;D321K;A372E;E393Q;T418V,1.5828604208128465,0.0023137807846069338,-0.0033245086669921875,0.21984601874999976,0.056578019531249524,0.0008092045783996582,18.225000023841858,-5.271362949162722,7.423570156097412,3,0.0
PH20_RAW_01201,S23T;E32I;K131R;H194D;V238L;M311F;M314R;D321K;A372E;D417E,1.582310350528957,0.0026392340660095215,-0.002908945083618164,0.21984601874999993,0.08890831640624963,0.0011901259422302246,18.537500083446503,-14.224216509610415,6.470906496047974,2,-0.40000000000000036
PH20_RAW_01202,S23T;E32I;K131R;H194D;M311F;M314R;E325K;E393Q;A413E;T418S,1.5820745583685103,0.0026433348655700685,-0.002908945083618164,0.21499647421874996,0.08890831640624963,0.0008168339729309082,17.550000086426735,-9.205106884241104,2.732213258743286,3,-5.3
PH20_RAW_01203,S23T;E32T;K131R;H194D;M311L;M314R;D321K;A372T;Q394T;D419E,1.5819784819648852,0.003187978267669678,-0.0031399130821228027,0.20206435546874993,0.07274316796874958,0.0022068142890930174,17.400000071525575,-14.852271724492311,3.257671356201172,3,0.0
PH20_RAW_01204,E32I;Q144N;H194D;M311F;M314R;D321K;A372T;A413E;V415I;A420K,1.581860245231227,0.003563249111175537,-0.003766477108001709,0.20529738515624985,0.056578019531249524,0.0012918591499328613,18.450000077486038,-20.49662420153618,3.454171657562256,3,-5.3
PH20_RAW_01205,S23T;E32I;K131R;H194D;M311L;M314R;D321K;Q350R;A413E;V415I,1.5817937438698484,0.002798581123352051,-0.002908945083618164,0.21499647421874987,0.08890831640625008,0.0013410210609436034,15.250000131130218,-8.907993778586388,6.435838937759399,3,-5.3
PH20_RAW_01206,S23T;E32V;K131R;H194D;M311F;D321K;A372T;Q394T;V415I;D419E,1.5810840899622784,0.002929794788360596,-0.003555476665496826,0.2263120781249997,0.09699089062499944,0.0019002676010131836,15.612500023841857,-13.619092743843794,5.653344631195068,2,0.0
PH20_RAW_01207,S23T;E32I;K131R;H194D;I310L;D321K;E325K;A372E;Q394T;T418S,1.5796937787030836,0.002639484405517578,-0.0026979446411132812,0.21176344453124996,0.06466059374999977,0.0014960527420043944,18.887499976158143,-10.16270775347948,4.270792722702026,3,0.0
PH20_RAW_01208,S23T;E32V;K131R;H194D;V238L;M311F;D321K;A372T;E393Q;A420T,1.5795885001024943,0.002403068542480469,-0.003766477108001709,0.2263120781249997,0.09699089062499944,0.0013927698135375976,16.31249996423721,-7.393649213016033,7.961846828460693,3,-0.40000000000000036
PH20_RAW_01209,S23T;E32V;K131R;H194D;M314R;D321K;A372T;Q394T;A413E;D419E,1.5795238738518345,0.002848243713378906,-0.003555476665496826,0.20206435546874973,0.06466059374999933,0.0015474677085876465,17.48750009536743,-12.050978306680918,5.505720376968384,2,-5.3
PH20_RAW_01210,S23T;E32V;K131R;H194D;M311V;M314R;E325K;A372T;V415I;D419E,1.579393825378433,0.002748847007751465,-0.003766477108001709,0.20529738515624968,0.06466059374999933,0.0012764334678649902,15.350000110268592,-6.1407625041902065,6.8448097705841064,3,0.0
PH20_RAW_01211,S23T;E32I;K131R;H194D;D321K;E325K;A372T;Q394T;A413E;V415I,1.5788457795987363,0.0027501463890075685,-0.003555476665496826,0.2182295039062498,0.08082574218749983,0.001231241226196289,16.475,-8.911487944424152,4.092578649520874,3,-5.3
PH20_RAW_01212,S23T;E32V;K131R;H194D;V238L;M314R;D321K;Q394T;A413E;A420T,1.5784666766861881,0.0026384830474853516,-0.0031135082244873047,0.2004478406249998,0.07274316796874958,0.001631927490234375,16.912500143051147,-9.420746441930532,6.69377875328064,2,-5.7
PH20_RAW_01213,S23T;E32I;K131R;H194D;V238L;M311F;M314R;E325K;D417E;D419E,1.5780442219293773,0.002585256099700928,-0.002908945083618164,0.21499647421874996,0.09699089062499944,0.001123356819152832,16.27500014603138,-8.07114389538765,4.9683520793914795,3,-0.40000000000000036
PH20_RAW_01214,E32V;K131R;Q144N;H194D;M311F;M314R;D321K;A372E;Q394T;V415I,1.5778760876334967,0.002924609184265137,-0.0031135082244873047,0.2149964742187498,0.07274316796874958,0.001877748966217041,20.00000007748604,-19.302889708429575,6.20401406288147,2,0.0
PH20_RAW_01215,S23T;E32I;K131R;H194D;M311L;M314R;D321K;Q350R;A413E;D419E,1.5767175124983137,0.002865922451019287,-0.002908945083618164,0.2069138999999999,0.08082574218749983,0.0013638138771057129,15.700000131130219,-9.564541477710009,5.808663845062256,3,-5.3
PH20_RAW_01216,S23T;E32I;K131R;H194D;I310L;D321K;A372T;E393Q;V415I;A420T,1.576520152885567,0.0023952841758728026,-0.003766477108001709,0.21014692968749973,0.056578019531249524,0.0016902923583984376,15.549999928474426,-2.4380387626588345,9.322729587554932,3,0.0
PH20_RAW_01217,E32I;Q144N;H194D;V238L;M311F;D321K;E325K;Q394T;A413E;A420T,1.5759345909009521,0.003022122383117676,-0.003529071807861328,0.2069138999999999,0.08082574218749983,0.0012264251708984375,18.86250004172325,-16.1792332790792,2.987912654876709,3,-5.7
PH20_RAW_01218,S23T;E32I;K131R;H194D;D321K;E325K;A372T;Q394T;A413E;D419E,1.5759272854822983,0.0028174877166748046,-0.003555476665496826,0.21014692968749982,0.07274316796874958,0.0012540340423583985,16.925,-9.469956677407026,3.4654035568237305,3,-5.3
PH20_RAW_01219,S23T;E32I;K131R;Q144N;H194D;D321K;E325K;A372E;Q394T;V415I,1.57586649246903,0.002564513683319092,-0.0031135082244873047,0.20529738515624993,0.06466059375000022,0.0015214085578918457,18.8125,-9.653005667030811,5.82551908493042,3,0.0
PH20_RAW_01220,S23T;E32V;H194D;M311V;M314R;D321K;Q350R;A372E;V415I;A420T,1.5752124895580524,0.0028794527053833006,-0.0033245086669921875,0.21014692968749954,0.08082574218749983,0.0016642570495605468,17.71250010728836,-14.620723940432072,7.9770801067352295,3,0.0
PH20_RAW_01221,E32V;K131R;H194D;V238L;M311F;M314R;E325K;Q394T;A413E;T418V,1.57517989854625,0.0026428937911987306,-0.0031135082244873047,0.20853041484374976,0.096990890624999,0.0012601375579833984,16.600000140070915,-10.063182048499584,3.511523485183716,2,-5.7
PH20_RAW_01222,E32I;Q144N;H194D;M311F;D321K;E325K;A372T;Q394T;A413E;D419E,1.5746918925416198,0.0032318830490112305,-0.00397104024887085,0.20853041484374985,0.07274316796874958,0.001141965389251709,19.437499994039534,-18.91400584951043,1.7998542785644531,3,-5.3
PH20_RAW_01223,E32I;K131R;H194D;V238L;M311F;D321K;E325K;Q394T;A413E;A420T,1.5743570673367726,0.0029370665550231935,-0.0031135082244873047,0.2263120781249998,0.09699089062499944,0.0014014005661010741,16.975000029802324,-13.859770305454731,2.991640090942383,3,-5.7
PH20_RAW_01224,S23T;E32I;Q144N;H194D;M311F;M314R;D321K;Q350R;A372E;D419E,1.574290358673444,0.002734100818634033,-0.0033245086669921875,0.21176344453124996,0.08890831640625008,0.0012540340423583985,20.27500009536743,-17.52890408784151,6.770650863647461,3,0.0
PH20_RAW_01225,S23T;E32I;K131R;Q144N;H194D;M311I;D321K;E325K;A372E;T418V,1.5738614999191445,0.0023487567901611327,-0.0033245086669921875,0.21337995937499973,0.04849544531249972,0.0008974671363830566,18.125,-4.543787237256765,6.381052255630493,3,0.0
PH20_RAW_01226,E32I;K131R;H194D;M311F;M314R;E325K;A372T;A413E;V415I;A420S,1.573686648374503,0.002949059009552002,-0.003766477108001709,0.2149964742187498,0.08082574218749894,0.0012915730476379395,16.30000008046627,-12.348884262144566,3.1121013164520264,2,-5.3
PH20_RAW_01227,S23T;E32V;H194D;M314R;D321K;Q350R;Q394T;A413E;V415I;A420T,1.5733713426428553,0.002857530117034912,-0.0031135082244873047,0.21014692968749965,0.09699089062499988,0.0018457293510437012,17.137500154972077,-13.847742073237896,5.762611389160156,3,-5.3
PH20_RAW_01228,S23T;E32V;K131R;H194D;M311F;M314R;D321K;A372S;Q394T;A413E,1.5718315745201776,0.0029259443283081053,-0.0031135082244873047,0.2149964742187498,0.08082574218749983,0.0014389872550964356,17.425000143051147,-15.512677177786827,6.036154270172119,2,-5.3
PH20_RAW_01229,S23T;E32T;K131R;H194D;M311I;M314R;D321K;A372T;Q394T;D419E,1.5717704503673087,0.00320742130279541,-0.0031399130821228027,0.2036808703124998,0.06466059374999933,0.0017360568046569825,17.675000071525574,-15.135286051779985,2.8046295642852783,3,0.0
PH20_RAW_01230,S23T;E32I;H194D;V238L;M311F;D321K;Q350R;Q394T;A413E;V415I,1.5716594580880192,0.003039991855621338,-0.0031135082244873047,0.20368087031249998,0.12123861328125018,0.0011439800262451171,15.537500071525574,-15.828748170286417,3.75404953956604,2,-5.7
PH20_RAW_01231,S23T;E32I;K131R;H194D;M311L;M314R;D321K;E393Q;A413E;T418S,1.5715273226757218,0.0029141902923583984,-0.002908945083618164,0.20529738515625,0.05657801953124997,0.0010164499282836914,16.900000071525575,-9.681551810353994,4.382107496261597,3,-5.3
PH20_RAW_01232,E32I;K131R;Q144N;H194D;M311F;M314R;D321K;Q350R;A413E;V415I,1.5711428975939052,0.0031279206275939943,-0.002908945083618164,0.21176344453124987,0.08082574218749983,0.001231241226196289,17.375000113248824,-16.777685951441526,6.2119832038879395,3,-5.3
PH20_RAW_01233,S23T;E32I;K131R;H194D;V238L;D321K;E325K;A372E;Q394T;T418V,1.569576884963183,0.002336776256561279,-0.0031135082244873047,0.21337995937499993,0.08082574218749983,0.0011686086654663086,17.45,-6.036529175937176,5.7486371994018555,3,-0.40000000000000036
PH20_RAW_01234,S23T;E32I;H194D;M311F;M314R;D321K;Q350R;A372E;D417E;D419E,1.569447452773849,0.0029256224632263185,-0.002908945083618164,0.22146253359374982,0.10507346484374969,0.0014267206192016602,19.21250009536743,-19.430093128234148,4.912564039230347,3,0.0
PH20_RAW_01235,S23T;E32I;H194D;M311I;M314R;D321K;A372E;Q394T;A413E;V415I,1.5692040652965513,0.0028595924377441406,-0.003529071807861328,0.2004478406249998,0.06466059374999977,0.001110994815826416,18.65000009536743,-14.94156989082694,3.102842330932617,1,-5.3
PH20_RAW_01236,E32I;K131R;Q144N;H194D;M311F;M314R;D321K;Q350R;A413E;D419E,1.5682988801963702,0.0031952619552612304,-0.002908945083618164,0.20368087031249987,0.07274316796874958,0.0012540340423583985,17.825000113248826,-17.332769379019737,5.584808111190796,3,-5.3
PH20_RAW_01237,S23T;E32I;K131R;H194D;I310L;M314R;D321K;Q350R;A413E;T418S,1.568265776600441,0.002873551845550537,-0.0024933815002441406,0.20044784062499996,0.06466059374999977,0.0011429786682128906,16.82500010728836,-10.595407463610172,6.319078683853149,3,-5.3
PH20_RAW_01238,E32V;K131R;H194D;M311F;M314R;D321K;A372T;Q394T;V415I;D419E,1.5679620245204595,0.003110241889953613,-0.003555476665496826,0.23762768203124968,0.08890831640624919,0.0017856240272521972,17.43750007748604,-18.26033977791667,5.584127902984619,3,0.0
PH20_RAW_01239,S23T;E32V;K131R;H194D;M311L;M314R;E325K;A372T;A413E;V415I,1.5668288661019525,0.0023825407028198243,-0.003766477108001709,0.20853041484374968,0.08082574218749938,0.001456904411315918,15.512500110268594,-4.059301290661097,4.8024749755859375,2,-5.3
PH20_RAW_01240,S23T;E32V;K131R;Q144N;H194D;I310L;M314R;D321K;Q394T;A420T,1.5659672788038412,0.002266216278076172,-0.0031135082244873047,0.20529738515624985,0.04849544531249972,0.001985001564025879,18.962500119209288,-6.9647840820252895,10.364383697509766,3,0.0
PH20_RAW_01241,E32I;K131R;Q144N;H194D;M311I;D321K;E325K;Q394T;A413E;V415I,1.565292232158324,0.003130173683166504,-0.0031135082244873047,0.2004478406249998,0.04849544531249972,0.0010483622550964355,17.02500002980232,-11.486524265259504,2.744940996170044,3,-5.3
PH20_RAW_01242,E32V;K131R;Q144N;H194D;M311L;M314R;D321K;Q394T;V415I;D419E,1.5646496350194423,0.003141486644744873,-0.0031135082244873047,0.20044784062499987,0.04849544531249972,0.0020105957984924315,17.087500125169754,-13.554129671305418,6.351353883743286,3,0.0
PH20_RAW_01243,S23T;E32I;H194D;M311F;D321K;E325K;A372S;Q394T;A413E;D417E,1.5642347946549942,0.0031717658042907716,-0.0031135082244873047,0.21337995937499982,0.08890831640625008,0.0011432647705078125,17.687500059604645,-17.185707978904247,2.1340231895446777,3,-5.3
PH20_RAW_01244,S23T;E32V;H194D;V238L;M311L;M314R;D321K;Q350R;A372T;A413E,1.564202147035133,0.0026398658752441405,-0.003766477108001709,0.20529738515624985,0.09699089062499722,0.0009288549423217774,16.97500010728836,-10.819690313190222,6.026931285858154,3,-5.7
PH20_RAW_01245,S23T;E32I;H194D;M311L;M314R;D321K;A372E;Q394T;V415I;D419E,1.5626780867945886,0.0028401494026184084,-0.003529071807861328,0.20853041484374996,0.07274316796875002,0.001779794692993164,18.15000009536743,-14.532098803669214,4.668938398361206,2,0.0
PH20_RAW_01246,E32V;K131R;H194D;M314R;D321K;Q350R;A372E;Q394T;V415I;A420S,1.5626222260419282,0.0030832529067993165,-0.0026979446411132812,0.20529738515624976,0.08082574218749938,0.0020260691642761232,17.98750007748604,-17.2691786326468,5.610068082809448,3,0.0
PH20_RAW_01247,S23T;E32I;K131R;H194D;I310L;M314R;D321K;Q350R;Q394T;A413E,1.5619809668285032,0.0025011181831359865,-0.0026979446411132812,0.20368087031249998,0.08082574218749983,0.0013192296028137207,17.57500010728836,-9.21436084061861,7.280757665634155,3,-5.3
PH20_RAW_01248,E32I;K131R;H194D;M311F;M314R;E325K;A372T;E393Q;A413E;D419E,1.560977271708775,0.0027134895324707033,-0.003766477108001709,0.2117634445312498,0.08082574218749894,0.0009882211685180663,17.625000020861627,-10.528770212084055,2.9536452293395996,3,-5.3
PH20_RAW_01249,E32V;K131R;H194D;M311F;D321K;Q350R;E393Q;A413E;D417E;A420T,1.5609635731388853,0.0031565070152282716,-0.0024933815002441406,0.20691389999999946,0.096990890624999,0.0018941760063171387,16.037499994039536,-15.567207727581263,3.9794609546661377,3,-5.3
PH20_RAW_01250,S23T;E32V;H194D;V238L;M311L;M314R;D321K;A372S;V415I;A420T,1.5607297443292476,0.002847146987915039,-0.003740072250366211,0.20853041484374976,0.06466059375000022,0.0016286373138427734,15.262500154972077,-9.063137389719486,8.444323301315308,3,-0.40000000000000036
PH20_RAW_01251,S23T;E32I;K131R;H194D;V238L;M314R;D321K;Q350R;A413E;T418V,1.5583377261108153,0.002570843696594238,-0.002908945083618164,0.20206435546874993,0.08082574218749983,0.0008155345916748047,15.387500131130219,-6.460645101964474,7.7969231605529785,3,-5.7
PH20_RAW_01252,E32I;K131R;H194D;V238L;I310L;D321K;E325K;A372E;Q394T;A420T,1.5580065170914466,0.002499878406524658,-0.0031135082244873047,0.20691389999999982,0.06466059374999933,0.0017518997192382812,18.38749995827675,-8.834901843219995,5.680283069610596,3,-0.40000000000000036
PH20_RAW_01253,E32V;K131R;Q144N;H194D;M311I;M314R;D321K;Q394T;V415I;D419E,1.5574203233715878,0.0031609296798706054,-0.0031135082244873047,0.20206435546874973,0.04041287109374947,0.0015398383140563965,17.362500125169753,-13.701747637242079,5.898312091827393,3,0.0
PH20_RAW_01254,E32V;K131R;H194D;V238L;M311F;M314R;E325K;Q350R;A413E;D417E,1.5567657912538984,0.0028360605239868162,-0.0024933815002441406,0.2036808703124997,0.11315603906249772,0.0011920928955078125,16.450000140070916,-12.97935925796628,3.0660479068756104,3,-5.7
PH20_RAW_01255,S23T;E32I;K131R;H194D;I310L;M314R;D321K;Q394T;A413E;A420T,1.5551645301838077,0.002426040172576904,-0.0031135082244873047,0.20529738515624985,0.056578019531249524,0.0017542004585266112,17.57500010728836,-7.875696774572134,7.4961254596710205,2,-5.3
PH20_RAW_01256,S23T;E32I;H194D;M311L;D321K;E325K;Q350R;A372E;A413E;A420T,1.554878538684575,0.002549731731414795,-0.0033245086669921875,0.21337995937499965,0.09699089062499988,0.001574087142944336,17.762500011920928,-10.573705699294806,3.2672533988952637,3,-5.3
PH20_RAW_01257,S23T;E32V;K131R;Q144N;H194D;M311F;M314R;E325K;Q394T;V415I,1.5546612777309818,0.002269291877746582,-0.0031135082244873047,0.2214625335937499,0.09699089062499988,0.0015500307083129883,18.08750015795231,-9.079427156597376,6.431920528411865,3,0.0
PH20_RAW_01258,E32V;K131R;H194D;V238L;M311I;D321K;E325K;A372T;A413E;T418S,1.5546154699112706,0.003258836269378662,-0.0033509135246276855,0.20691389999999962,0.05657801953124908,0.0006349205970764161,16.112499994039535,-12.359461341053247,1.3780817985534668,3,-5.7
PH20_RAW_01259,S23T;E32T;H194D;V238L;M311F;M314R;D321K;A372T;Q394T;T418S,1.5544170317264914,0.003380930423736572,-0.0031399130821228027,0.2101469296875001,0.09699089062499988,0.0014579296112060547,19.112500083446502,-23.344985630363226,1.275447130203247,3,-0.40000000000000036
PH20_RAW_01260,S23T;E32V;K131R;H194D;V238L;M314R;D321K;Q350R;A372T;A413E,1.5535745731668846,0.002554810047149658,-0.0033509135246276855,0.2036808703124998,0.08890831640624963,0.0009311437606811523,16.58750009536743,-9.300429701805115,7.468624830245972,3,-5.7
PH20_RAW_01261,S23T;E32V;K131R;Q144N;H194D;M311L;M314R;D321K;A372T;A420S,1.5534787794557543,0.002526092529296875,-0.003766477108001709,0.20853041484374996,0.04849544531249972,0.0014838337898254394,17.83750009536743,-8.338686492294073,8.733539581298828,3,0.0
PH20_RAW_01262,S23T;E32I;K131R;H194D;M311V;M314R;D321K;Q394T;V415I;D419E,1.5526796844439839,0.003066277503967285,-0.0031135082244873047,0.20853041484374996,0.05657801953124997,0.0013383746147155762,15.887500131130219,-12.238999091088772,7.2558913230896,3,0.0
PH20_RAW_01263,S23T;E32I;K131R;H194D;I310L;D321K;Q350R;A372T;V415I;D419E,1.5514083181984797,0.002695918083190918,-0.0033509135246276855,0.2036808703124998,0.07274316796874958,0.0016042590141296387,14.39999998807907,-6.368658319115639,8.349956750869751,3,0.0
PH20_RAW_01264,E32I;K131R;H194D;M311I;M314R;D321K;A372T;A413E;V415I;A420S,1.5505446380154422,0.0032393574714660645,-0.003766477108001709,0.2069138999999997,0.040412871093749025,0.0010204315185546875,15.92500006556511,-13.216831836849451,4.308953762054443,2,-5.3
PH20_RAW_01265,S23T;E32V;K131R;H194D;V238L;M314R;D321K;A372T;A413E;A420T,1.5502749598139678,0.002479732036590576,-0.003766477108001709,0.20529738515624968,0.06466059374999933,0.0013661146163940429,16.58750009536743,-7.8019100315868855,7.683992624282837,2,-5.7
PH20_RAW_01266,S23T;E32I;K131R;H194D;I310L;M314R;D321K;A372E;Q394T;T418V,1.5495246132874003,0.0021550893783569337,-0.0031135082244873047,0.2101469296874999,0.056578019531249524,0.001584315299987793,18.675000059604645,-7.088260844349861,8.59130072593689,2,0.0
PH20_RAW_01267,E32I;K131R;H194D;I310L;M314R;D321K;Q350R;A372T;A413E;V415I,1.5492968169638666,0.0028763651847839356,-0.0033509135246276855,0.20529738515624976,0.06466059374999933,0.0012915730476379395,16.45000004172325,-11.396518744528294,7.1676857471466064,3,-5.3
PH20_RAW_01268,S23T;E32I;K131R;H194D;M311F;M314R;E325K;Q394T;A413E;V415I,1.5490901868544023,0.0024291157722473146,-0.0031135082244873047,0.2214625335937499,0.10507346484374969,0.0013192296028137207,16.70000014603138,-9.752537224441767,3.56366229057312,2,-5.3
PH20_RAW_01269,S23T;E32V;K131R;H194D;M311F;M314R;E325K;Q394T;D417E;D419E,1.548223624157744,0.0025281548500061036,-0.0026979446411132812,0.22307904843749976,0.10507346484374924,0.0017455101013183593,17.47500015795231,-11.478914637118578,3.9466586112976074,3,0.0
PH20_RAW_01270,S23T;E32V;H194D;V238L;M311F;E325K;A372T;Q394T;V415I;D419E,1.548155676488513,0.0026239514350891112,-0.00397104024887085,0.20691389999999982,0.11315603906249949,0.0014579057693481444,15.575000050663949,-10.481094092130661,3.2337398529052734,2,-0.40000000000000036
PH20_RAW_01271,E32I;K131R;Q144N;H194D;M311F;M314R;D321K;Q394T;V415I;A420S,1.5481014939770334,0.0031066656112670897,-0.0031135082244873047,0.21822950390625007,0.06466059374999977,0.001584315299987793,18.225000113248825,-17.975924614816904,6.391441106796265,3,0.0
PH20_RAW_01272,S23T;E32I;K131R;H194D;I310L;M314R;D321K;Q394T;V415I;A420T,1.5480874237199014,0.002358698844909668,-0.0031135082244873047,0.22307904843749987,0.06466059374999977,0.0019294500350952148,16.90000010728836,-6.8844799399375916,9.23635482788086,3,0.0
PH20_RAW_01273,S23T;E32V;Q144N;H194D;M311F;D321K;Q350R;A372E;V415I;A420T,1.5478737039055557,0.002662038803100586,-0.0033245086669921875,0.2085304148437496,0.09699089062499988,0.0020476341247558593,17.950000035762788,-15.664479989558458,6.893160581588745,2,0.0
PH20_RAW_01274,S23T;E32V;H194D;V238L;M311I;M314R;D321K;Q350R;A372E;D417E,1.547345713578375,0.0026651978492736816,-0.002908945083618164,0.2036808703124997,0.08890831640624697,0.0009209513664245605,18.52500010728836,-13.692057259380817,5.448743104934692,3,-0.40000000000000036
PH20_RAW_01275,S23T;E32I;Q144N;H194D;M311F;M314R;E325K;Q394T;A413E;V415I,1.5473258620451693,0.002514171600341797,-0.003529071807861328,0.20206435546875,0.08890831640625008,0.001144254207611084,18.58750015795231,-12.223902396857738,3.5599348545074463,2,-5.3
PH20_RAW_01276,S23T;E32I;K131R;H194D;V238L;D321K;E325K;A372T;A413E;A420T,1.5467748255879554,0.0024489760398864746,-0.003766477108001709,0.21337995937499973,0.07274316796874958,0.0010726809501647948,16.025,-5.216504123061895,5.643675804138184,3,-5.7
PH20_RAW_01277,S23T;E32V;K131R;H194D;V238L;M311F;D321K;A372T;E393Q;T418S,1.5463754135906331,0.0027519702911376954,-0.0033509135246276855,0.2182295039062499,0.08890831640624963,0.0009593725204467774,16.362499964237212,-11.573600102216005,5.5625176429748535,3,-0.40000000000000036
PH20_RAW_01278,S23T;E32V;K131R;H194D;I310L;M314R;E325K;A372T;Q394T;V415I,1.54427626930744,0.0020177364349365234,-0.003555476665496826,0.2149964742187498,0.08082574218749938,0.0016103625297546388,17.162500086426736,-3.177302122116089,7.387623071670532,3,0.0
PH20_RAW_01279,S23T;E32I;K131R;H194D;M311F;M314R;D321K;Q350R;A413E;D417E,1.5430915114958847,0.0027854442596435547,-0.0024933815002441406,0.22469556328124982,0.10507346484374969,0.001165771484375,17.11250013113022,-15.227922186255455,5.457182168960571,3,-5.3
PH20_RAW_01280,E32I;K131R;Q144N;H194D;M311L;D321K;E325K;A372T;A413E;V415I,1.5429573210307137,0.002951979637145996,-0.003766477108001709,0.2036808703124998,0.04849544531249972,0.0012533068656921387,16.424999982118607,-9.782456520944834,4.188196659088135,3,-5.3
PH20_RAW_01281,S23T;E32V;H194D;M311F;D321K;Q350R;A372E;Q394T;D417E;A420S,1.5424509859748634,0.002974724769592285,-0.0026979446411132812,0.20529738515624976,0.11315603906249949,0.0019631743431091308,18.412500035762786,-20.70433184504509,3.258934497833252,2,0.0
PH20_RAW_01282,S23T;E32V;H194D;V238L;M314R;E325K;A372T;Q394T;V415I;D419E,1.5421594450224843,0.0024750590324401855,-0.00397104024887085,0.20044784062499987,0.08890831640624963,0.001280355453491211,16.77500012218952,-7.801713224500418,4.826344966888428,3,-0.40000000000000036
PH20_RAW_01283,S23T;E32I;H194D;V238L;M311F;M314R;E325K;Q350R;A372E;D419E,1.5421134123333549,0.0023432016372680665,-0.0033245086669921875,0.21176344453124996,0.12123861328124752,0.0009866476058959961,18.350000110268592,-11.965579248964787,4.35477352142334,3,-0.40000000000000036
PH20_RAW_01284,S23T;E32V;K131R;Q144N;H194D;M311L;M314R;D321K;Q394T;D419E,1.5414415429664636,0.0026074886322021485,-0.0031135082244873047,0.20368087031249998,0.05657801953124997,0.0017724394798278808,17.88750014305115,-10.103159222751856,7.454639673233032,3,0.0
PH20_RAW_01285,E32I;K131R;H194D;V238L;M311F;M314R;E325K;Q350R;A413E;V415I,1.5409657762545836,0.0027370214462280273,-0.002908945083618164,0.21176344453124987,0.11315603906249949,0.0009638547897338867,15.450000128149986,-11.123459976166487,3.7961058616638184,3,-5.7
PH20_RAW_01286,E32I;K131R;H194D;V238L;M311F;D321K;E325K;Q394T;A413E;T418S,1.5408445843100183,0.00328596830368042,-0.0026979446411132812,0.21822950390624998,0.08890831640624963,0.0009680032730102539,17.02500002980232,-18.05333012714982,0.592310905456543,3,-5.7
PH20_RAW_01287,S23T;E32I;K131R;H194D;M311I;D321K;A372T;E393Q;V415I;D419E,1.5406795519926655,0.0027559995651245117,-0.003766477108001709,0.21014692968749973,0.056578019531249524,0.0010069727897644043,14.749999952316283,-5.909738842397928,5.959943771362305,3,0.0
PH20_RAW_01288,S23T;E32V;K131R;H194D;V238L;M311I;M314R;E325K;V415I;A420T,1.5400711550349815,0.002192223072052002,-0.0033245086669921875,0.21822950390624962,0.08082574218749938,0.0012686491012573243,14.987500157952308,-1.5291939117014408,6.650545835494995,3,-0.40000000000000036
PH20_RAW_01289,E32I;K131R;H194D;V238L;I310L;M314R;D321K;Q350R;A372E;T418V,1.539579590733846,0.0024629950523376463,-0.002908945083618164,0.20044784062499987,0.06466059374999933,0.001228940486907959,17.42500004172325,-8.541938684880733,8.823744297027588,3,-0.40000000000000036
PH20_RAW_01290,S23T;E32V;K131R;Q144N;H194D;M311I;M314R;D321K;Q394T;V415I,1.5391868525064278,0.0025595903396606447,-0.0031135082244873047,0.21337995937499982,0.05657801953124997,0.0012788891792297364,17.712500143051148,-9.598848134279251,7.628772974014282,3,0.0
PH20_RAW_01291,S23T;E32I;K131R;H194D;M311I;D321K;E325K;Q394T;A413E;D417E,1.5391616283879554,0.0027876973152160646,-0.0026979446411132812,0.21337995937499973,0.07274316796874958,0.0009828925132751465,16.762500047683716,-9.849452212452888,1.9901399612426758,3,-5.3
PH20_RAW_01292,S23T;E32V;Q144N;H194D;V238L;M311F;M314R;E325K;Q394T;T418V,1.53891286547358,0.002126610279083252,-0.003529071807861328,0.21014692968749998,0.09699089062499988,0.0010222554206848144,18.612500169873236,-8.284064926207066,6.351311206817627,3,-0.40000000000000036
PH20_RAW_01293,S23T;E32V;H194D;M311I;M314R;D321K;Q350R;A372E;V415I;A420T,1.5386231202105844,0.0025325894355773928,-0.0033245086669921875,0.22469556328124946,0.08890831640624963,0.0015720129013061523,17.925000107288362,-12.563200674951077,6.594757795333862,3,0.0
PH20_RAW_01294,S23T;E32I;H194D;V238L;M311L;M314R;D321K;Q350R;A372E;V415I,1.5384274548279768,0.0025467157363891603,-0.0033245086669921875,0.21014692968749998,0.09699089062500033,0.0011634707450866699,17.250000095367433,-11.704337984323502,6.631842851638794,3,-0.40000000000000036
PH20_RAW_01295,E32T;K131R;H194D;V238L;M311F;M314R;D321K;Q350R;A372E;Q394T,1.5383314700440704,0.0034377574920654297,-0.002282381057739258,0.20206435546874993,0.07274316796874691,0.001984405517578125,19.38750005364418,-23.41420131549239,2.3525612354278564,3,-0.40000000000000036
PH20_RAW_01296,S23T;E32V;H194D;M314R;D321K;Q350R;A372T;Q394T;A413E;A420S,1.537973384181737,0.002819943428039551,-0.003555476665496826,0.20206435546874985,0.08890831640624963,0.001322770118713379,18.33750010728836,-15.66876982152462,4.976686000823975,3,-5.3
PH20_RAW_01297,S23T;E32I;H194D;M311F;M314R;D321K;A372E;Q394T;A413E;D417E,1.5374738670817345,0.002827012538909912,-0.0031135082244873047,0.20853041484374985,0.08890831640624963,0.0014065027236938477,20.23750009536743,-21.12557476386428,2.5772273540496826,1,-5.3
PH20_RAW_01298,E32I;K131R;H194D;V238L;M311F;M314R;E325K;Q350R;A413E;D419E,1.537115683236397,0.0028043627738952638,-0.002908945083618164,0.20368087031249987,0.10507346484374924,0.0009866476058959961,15.900000128149987,-11.7242741137743,3.168930768966675,3,-5.7
PH20_RAW_01299,S23T;E32I;H194D;V238L;M311F;M314R;D321K;Q350R;Q394T;A413E,1.5364193520058038,0.002686440944671631,-0.0031135082244873047,0.21822950390625007,0.12123861328125018,0.00079118013381958,18.162500143051147,-16.969476964324713,4.788118600845337,3,-5.7
PH20_RAW_01300,S23T;E32V;H194D;V238L;M311I;M314R;D321K;A372T;Q394T;A420S,1.5359995625019944,0.0026380538940429686,-0.00397104024887085,0.21337995937499993,0.07274316796874958,0.0008111715316772461,18.10000010728836,-12.071541000157595,5.753347396850586,3,-0.40000000000000036
PH20_RAW_01301,S23T;E32V;H194D;I310L;M314R;E325K;Q350R;A372E;Q394T;T418V,1.5351085587993791,0.0018907546997070312,-0.0031135082244873047,0.20206435546874973,0.09699089062499677,0.001586282253265381,19.037500098347664,-5.806037105619907,6.372284889221191,3,0.0
PH20_RAW_01302,S23T;E32V;K131R;Q144N;H194D;M311I;M314R;D321K;Q394T;D419E,1.5343508700534265,0.0026269316673278808,-0.0031135082244873047,0.20529738515624985,0.04849544531249972,0.0013016819953918456,18.162500143051147,-10.244475428014994,7.001597881317139,3,0.0
PH20_RAW_01303,S23T;E32V;K131R;Q144N;H194D;V238L;M311F;D321K;Q394T;T418V,1.5336068218920393,0.0024613022804260256,-0.0031135082244873047,0.20529738515624993,0.08082574218749983,0.0014017105102539062,16.375000071525573,-9.471878539770842,7.850293874740601,2,-0.40000000000000036
PH20_RAW_01304,S23T;E32V;K131R;Q144N;H194D;M311F;M314R;E325K;A372S;D419E,1.533606592492401,0.00252758264541626,-0.0033245086669921875,0.20206435546874985,0.06466059374999977,0.0013965725898742675,17.175000157952308,-8.609006304293871,7.256754159927368,3,0.0
PH20_RAW_01305,S23T;E32I;K131R;V238L;M311F;M314R;D321K;A372E;D417E;D419E,1.5332088660753358,0.0035758137702941893,-0.0033245086669921875,0.20206435546875,0.056578019531249524,0.0009595632553100586,13.850000050663947,-15.047606874257326,4.982587099075317,3,-0.40000000000000036
PH20_RAW_01306,S23T;E32I;K131R;H194D;V238L;M311F;E325K;Q350R;V415I;D419E,1.5321948999838941,0.0025565743446350096,-0.002908945083618164,0.2101469296874999,0.12123861328124974,0.001276540756225586,13.400000074505806,-6.590253073722124,4.978376865386963,3,-0.40000000000000036
PH20_RAW_01307,S23T;E32V;K131R;H194D;M314R;D321K;Q350R;Q394T;A413E;T418V,1.5311711934713232,0.002513742446899414,-0.0026979446411132812,0.21014692968749973,0.08890831640624963,0.0014376878738403321,16.587500143051148,-9.74777651950717,6.7752296924591064,3,-5.3
PH20_RAW_01308,S23T;E32I;K131R;H194D;M311F;M314R;N322K;E393Q;A413E;T418V,1.531105008080818,0.002387845516204834,-0.0033245086669921875,0.20368087031249998,0.08890831640624963,0.0013400673866271972,15.650000062584876,-6.80770917609334,5.373942136764526,2,-5.699999999999999
PH20_RAW_01309,E32V;K131R;H194D;M311I;M314R;D321K;Q350R;A413E;V415I;A420T,1.5309603975890707,0.00299375057220459,-0.002908945083618164,0.2166129890624994,0.07274316796874913,0.0015720129013061523,15.475000125169753,-12.44303160905838,5.408915042877197,3,-5.3
PH20_RAW_01310,S23T;E32I;Q144N;H194D;M311F;M314R;E325K;Q394T;V415I;D419E,1.528949238773098,0.002514171600341797,-0.003529071807861328,0.21176344453125004,0.08890831640625008,0.0013422966003417969,18.362500157952308,-12.172109872102737,4.672989130020142,3,0.0
PH20_RAW_01311,S23T;E32V;H194D;M311I;M314R;D321K;Q350R;Q394T;A413E;T418V,1.52820480401173,0.002618241310119629,-0.0031135082244873047,0.21337995937499965,0.08890831640624963,0.0009646415710449219,17.250000154972078,-11.703957445919514,4.8804943561553955,3,-5.3
PH20_RAW_01312,E32V;K131R;H194D;V238L;M311I;M314R;E325K;Q394T;V415I;D419E,1.5278169832841737,0.0027700304985046388,-0.0031135082244873047,0.20206435546874973,0.07274316796874913,0.0012724518775939942,15.437500140070915,-8.02144069597125,3.4824347496032715,3,-0.40000000000000036
PH20_RAW_01313,E32I;K131R;H194D;V238L;D321K;E325K;A372T;Q394T;A413E;V415I,1.5276076886697567,0.002959442138671875,-0.003555476665496826,0.20529738515624985,0.07274316796874958,0.0010536909103393555,16.024999982118608,-11.597166687250137,3.1027398109436035,3,-5.7
PH20_RAW_01314,S23T;E32I;K131R;H194D;V238L;M314R;D321K;Q350R;A372E;D419E,1.5274117437272878,0.002529001235961914,-0.002908945083618164,0.20044784062499996,0.08082574218749983,0.0011885523796081542,17.3125000834465,-10.628529883921146,7.446361303329468,3,-0.40000000000000036
PH20_RAW_01315,S23T;E32V;H194D;M311I;D321K;E325K;A372S;Q394T;A413E;A420T,1.5269222965828504,0.002846074104309082,-0.003529071807861328,0.2085304148437495,0.06466059374999977,0.001311349868774414,16.850000071525574,-11.03954204916954,3.18904185295105,3,-5.3
PH20_RAW_01316,S23T;E32V;H194D;V238L;M311F;M314R;E325K;A372T;Q394T;A413E,1.5264447317395107,0.0022704005241394043,-0.00397104024887085,0.21176344453124987,0.11315603906249949,0.0009070634841918945,18.425000122189523,-11.89395458996296,3.154754638671875,2,-5.7
PH20_RAW_01317,E32V;K131R;H194D;M311F;M314R;D321K;Q350R;Q394T;A413E;T418V,1.5257107263835747,0.0028430819511413574,-0.0026979446411132812,0.22792859296874965,0.10507346484374702,0.0015005946159362793,17.212500125169754,-16.992705926299095,5.113407850265503,3,-5.3
PH20_RAW_01318,S23T;E32I;H194D;M311F;D321K;Q350R;A372S;E393Q;A413E;T418V,1.525573432308874,0.002872908115386963,-0.0033245086669921875,0.2004478406249998,0.08890831640625008,0.0008823156356811523,15.45000001192093,-11.884178385138512,5.63310694694519,3,-5.3
PH20_RAW_01319,E32V;K131R;H194D;V238L;M314R;D321K;A372T;Q394T;V415I;D419E,1.5250211170927221,0.0029901981353759764,-0.003555476665496826,0.20691389999999982,0.06466059374999933,0.0015451669692993163,16.36250007748604,-13.572147458791733,6.256110906600952,3,-0.40000000000000036
PH20_RAW_01320,E32I;K131R;H194D;V238L;M311F;M314R;D321K;Q350R;A372E;D419E,1.524674489358504,0.0028583407402038574,-0.002908945083618164,0.2182295039062499,0.09699089062499766,0.0012514591217041016,17.93750006556511,-17.749676894396544,5.784539461135864,3,-0.40000000000000036
PH20_RAW_01321,S23T;E32I;K131R;H194D;V238L;M311L;D321K;E325K;A372E;T418S,1.5244192508981513,0.0026122450828552244,-0.002908945083618164,0.213379959375,0.07274316796875002,0.001102137565612793,16.9125,-9.120190888643265,3.539320945739746,3,-0.40000000000000036
PH20_RAW_01322,S23T;E32I;K131R;Q144N;H194D;M311L;D321K;E325K;A372T;A413E,1.5244062085385868,0.0024179816246032715,-0.003766477108001709,0.2069138999999999,0.05657801953124997,0.001015150547027588,17.225,-6.119805183261633,5.291482448577881,3,-5.3
PH20_RAW_01323,E32V;K131R;Q144N;H194D;V238L;M311I;M314R;D321K;V415I;A420T,1.5242592363009608,0.0027924180030822754,-0.0045233964920043945,0.20529738515624968,0.04041287109374947,0.0013584852218627929,16.462500125169754,-9.630505409091711,8.076584339141846,3,-0.40000000000000036
PH20_RAW_01324,S23T;E32I;H194D;V238L;M311I;M314R;D321K;Q350R;A372E;D419E,1.5242091021982214,0.002633500099182129,-0.0033245086669921875,0.20368087031249987,0.08082574218749983,0.0007155060768127442,17.97500009536743,-12.595449540764093,5.551625967025757,3,-0.40000000000000036
PH20_RAW_01325,S23T;E32I;K131R;H194D;I310L;M314R;D321K;Q350R;A372E;D417E,1.523947071966425,0.0023482561111450194,-0.0024933815002441406,0.20529738515624985,0.07274316796874958,0.001516270637512207,18.525000059604643,-10.330048691481352,8.145825147628784,3,0.0
PH20_RAW_01326,S23T;E32T;K131R;H194D;V238L;M311F;M314R;E325K;A372T;Q394T,1.522112604178201,0.0025250792503356935,-0.0031399130821228027,0.21014692968749998,0.11315603906249949,0.0015686988830566407,17.950000086426734,-13.001403842121363,2.3483991622924805,3,-0.40000000000000036
PH20_RAW_01327,S23T;E32V;H194D;M311F;M314R;D321K;Q350R;A372E;Q394T;T418V,1.5212466916808673,0.00238192081451416,-0.0031135082244873047,0.23601116718749973,0.11315603906249638,0.0015005946159362793,19.66250010728836,-16.929311759769917,6.299250602722168,3,0.0
PH20_RAW_01328,E32V;K131R;H194D;I310L;M314R;D321K;Q350R;Q394T;A413E;A420T,1.5207583199061514,0.002676844596862793,-0.0026979446411132812,0.20368087031249962,0.07274316796874913,0.0020209789276123048,17.525000101327898,-12.493535809218884,6.706875562667847,3,-5.3
PH20_RAW_01329,S23T;E32I;K131R;H194D;V238L;M311F;E325K;A372T;E393K;A413E,1.520320640635489,0.0023511409759521484,-0.003766477108001709,0.20206435546874993,0.1212386132812493,0.000725698471069336,15.674999979138374,-7.495708346366882,3.6578125953674316,3,-5.7
PH20_RAW_01330,E32I;K131R;H194D;I310L;D321K;E325K;A372T;Q394T;A413E;D417E,1.5203125567070226,0.0028460383415222167,-0.0031399130821228027,0.20206435546874973,0.05657801953124908,0.0014042019844055175,17.68749995827675,-11.898607231676579,3.1750285625457764,3,-5.3
PH20_RAW_01331,E32I;K131R;H194D;V238L;M311I;D321K;E325K;A372E;Q394T;D419E,1.5193627245367105,0.0028605937957763674,-0.0031135082244873047,0.20691389999999982,0.06466059374999933,0.001068580150604248,17.587499982118608,-12.434019725769758,2.3174972534179688,3,-0.40000000000000036
PH20_RAW_01332,S23T;E32I;K131R;H194D;I310L;M314R;E325K;A372T;A413E;T418V,1.5192165091067746,0.0019423604011535645,-0.003766477108001709,0.2004478406249998,0.05657801953124908,0.0010536909103393555,16.312500074505806,-0.10572988912463188,6.9659059047698975,2,-5.3
PH20_RAW_01333,S23T;E32I;K131R;H194D;V238L;M311I;D321K;Q350R;V415I;D419E,1.51913439456582,0.002846872806549072,-0.002908945083618164,0.20206435546874985,0.08082574218749983,0.001005399227142334,13.025000059604645,-6.999950423836708,6.17522931098938,3,-0.40000000000000036
PH20_RAW_01334,S23T;E32V;K131R;Q144N;H194D;M311F;M314R;E325K;A372T;D419E,1.5187695187190995,0.002177882194519043,-0.003766477108001709,0.2182295039062498,0.08082574218749938,0.0013070106506347656,18.212500110268593,-8.236402571201324,6.794959306716919,3,0.0
PH20_RAW_01335,S23T;E32V;K131R;V238L;M311F;D321K;Q350R;A372T;A413E;V415I,1.5182687931184378,0.0035729408264160156,-0.003766477108001709,0.2004478406249998,0.08890831640624963,0.0008553385734558106,10.249999991059303,-12.022869527339935,5.014875411987305,3,-5.7
PH20_RAW_01336,S23T;E32I;K131R;H194D;M311I;M314R;D321K;A372E;E393Q;D417E,1.517907247000922,0.002408337593078613,-0.002908945083618164,0.2117634445312498,0.056578019531249524,0.0009189844131469727,18.875000023841856,-9.657995522022247,5.755812168121338,3,0.0
PH20_RAW_01337,S23T;E32I;K131R;Q144N;H194D;M314R;D321K;A372T;V415I;A420S,1.5178701149696874,0.002618575096130371,-0.003766477108001709,0.20529738515625,0.040412871093749914,0.0012555956840515138,17.275000083446503,-9.453073762357235,9.043476819992065,3,0.0
PH20_RAW_01338,S23T;E32I;K131R;Q144N;H194D;I310L;M314R;E325K;V415I;A420T,1.5174996023501366,0.0019603371620178223,-0.0033245086669921875,0.20044784062499987,0.04849544531249972,0.001688992977142334,16.875000122189523,-0.5207589827477932,9.343900442123413,3,0.0
PH20_RAW_01339,S23T;E32I;K131R;H194D;D321K;E325K;Q350R;A372E;A413E;T418S,1.5174025194940346,0.002813577651977539,-0.0024933815002441406,0.2036808703124998,0.08082574218749983,0.0011429786682128906,17.425,-12.945094104856253,2.309617757797241,3,-5.3
PH20_RAW_01340,E32I;K131R;H194D;V238L;M311F;D321K;E325K;A372S;Q394T;A413E,1.5169806009807105,0.0031044840812683105,-0.0031135082244873047,0.2101469296874999,0.08082574218749983,0.0009680032730102539,16.412500029802324,-15.6180749386549,3.0059986114501953,3,-5.7
PH20_RAW_01341,E32V;K131R;H194D;V238L;I310L;M314R;D321K;A372T;Q394T;T418V,1.5166058315151432,0.0023901939392089845,-0.003555476665496826,0.21014692968749982,0.05657801953124908,0.0013473987579345702,17.27500005364418,-7.91526947170496,8.736779689788818,3,-0.40000000000000036
PH20_RAW_01342,S23T;E32V;K131R;H194D;M314R;E325K;A372E;Q394T;V415I;A420K,1.5165170827826842,0.002515220642089844,-0.0026979446411132812,0.20206435546874973,0.08082574218749938,0.0020488619804382322,17.55000011026859,-9.711344297975302,3.415090560913086,3,0.0
PH20_RAW_01343,S23T;E32I;K131R;H194D;V238L;M311F;M314R;E325K;Q350R;A413E,1.515915585250265,0.0022030234336853026,-0.002908945083618164,0.21499647421874996,0.12123861328124974,0.000725698471069336,16.25000014603138,-7.7562212981283665,4.8993916511535645,3,-5.7
PH20_RAW_01344,S23T;E32I;K131R;H194D;V238L;M311F;M314R;E393Q;V415I;A420K,1.5145398698796244,0.0026311159133911135,-0.002908945083618164,0.20044784062500004,0.08890831640624963,0.0012781143188476563,14.812500098347664,-7.941389735788107,5.540641784667969,3,-0.40000000000000036
PH20_RAW_01345,E32T;K131R;H194D;M311F;D321K;Q350R;A372T;Q394T;V415I;D419E,1.5137976213476967,0.0036801576614379885,-0.0027243494987487793,0.2036808703124997,0.09699089062499633,0.0024229049682617187,15.587499982118606,-22.718291118741035,1.185753583908081,3,0.0
PH20_RAW_01346,S23T;E32V;H194D;M311I;M314R;E325K;A372E;Q394T;V415I;A420K,1.5137301266688856,0.0026197195053100585,-0.0031135082244873047,0.20529738515624968,0.08082574218749938,0.0015758156776428222,18.21250012218952,-11.65936916321516,1.520355224609375,3,0.0
PH20_RAW_01347,E32I;Q144N;H194D;M311F;D321K;E325K;Q350R;A372E;A413E;T418S,1.5135671657493706,0.003227972984313965,-0.002908945083618164,0.20206435546874985,0.08082574218749983,0.0010309100151062011,19.937499994039534,-22.507323313504457,0.6440684795379639,3,-5.3
PH20_RAW_01348,S23T;E32I;K131R;H194D;M311F;M314R;E325K;A372T;A413E;V415I,1.513534178552662,0.002270364761352539,-0.003766477108001709,0.2263120781249998,0.09699089062499944,0.0010534167289733888,16.375000098347662,-8.46844133362174,4.553876161575317,2,-5.3
PH20_RAW_01349,S23T;E32V;H194D;V238L;M311F;M314R;E325K;A372T;Q394T;D419E,1.513251069692949,0.0022704005241394043,-0.00397104024887085,0.2214625335937499,0.11315603906249949,0.0011051058769226073,18.200000122189522,-11.606572918593884,4.26780891418457,3,-0.40000000000000036
PH20_RAW_01350,E32V;K131R;H194D;M311F;D321K;A372T;Q394T;A413E;V415I;A420K,1.51282438801244,0.0034499406814575196,-0.0031399130821228027,0.2085304148437496,0.08082574218749894,0.002026081085205078,15.487500005960465,-19.607623241841793,1.5155835151672363,2,-5.3
PH20_RAW_01351,S23T;E32V;H194D;M311L;M314R;D321K;Q350R;A372E;Q394T;V415I,1.512418353552544,0.002489614486694336,-0.0031135082244873047,0.2182295039062498,0.10507346484375013,0.0017856240272521972,18.45000010728836,-14.93885888531804,5.610149383544922,3,0.0
PH20_RAW_01352,S23T;E32V;K131R;H194D;V238L;M311L;M314R;E325K;Q394T;D419E,1.511693728849508,0.0022165894508361815,-0.0031135082244873047,0.20368087031249998,0.08890831640624963,0.0015050530433654784,15.96250015795231,-4.429419282823801,5.038762331008911,3,-0.40000000000000036
PH20_RAW_01353,E32T;K131R;H194D;M311F;M314R;D321K;Q350R;Q394T;A413E;T418S,1.5104004544883527,0.0038577914237976074,-0.0018668174743652344,0.20044784062499987,0.08082574218749716,0.0019616246223449706,18.012500101327895,-27.130925573408604,-0.8451244831085205,3,-5.3
PH20_RAW_01354,S23T;E32I;H194D;M311F;D321K;Q350R;A372T;E393Q;A413E;T418V,1.5101891416433304,0.002523207664489746,-0.003766477108001709,0.21661298906249976,0.10507346484374969,0.0007927536964416504,16.487499964237212,-11.536448147147894,5.171312093734741,3,-5.3
PH20_RAW_01355,E32V;K131R;H194D;V238L;M311F;M314R;D321K;A372S;Q394T;V415I,1.509859265482547,0.003067898750305176,-0.0031135082244873047,0.21984601874999984,0.08082574218749983,0.0014366865158081054,16.300000125169753,-17.373371433466673,6.7865447998046875,3,-0.40000000000000036
PH20_RAW_01356,S23T;E32I;K131R;H194D;V238L;M311I;D321K;A372T;E393Q;A420S,1.5097110053479874,0.0025086522102355955,-0.003766477108001709,0.20044784062499996,0.056578019531249524,0.0005684733390808105,15.374999952316283,-4.851143408566713,6.362076759338379,3,-0.40000000000000036
PH20_RAW_01357,S23T;E32V;K131R;H194D;V238L;M314R;D321K;A372T;Q394T;A413E,1.509594442051133,0.0024562001228332518,-0.003555476665496826,0.20044784062499987,0.07274316796874958,0.0011089682579040528,17.387500095367432,-10.654569819569588,6.246342420578003,2,-5.7
PH20_RAW_01358,S23T;E32I;Q144N;H194D;M311F;D321K;Q350R;A372E;E393Q;T418V,1.5092293700279975,0.0023375749588012695,-0.0033245086669921875,0.20368087031249987,0.08890831640625008,0.0010829210281372071,18.824999964237215,-12.18616971001029,6.904252529144287,3,0.0
PH20_RAW_01359,S23T;E32V;K131R;H194D;M311I;M314R;D321K;Q350R;A413E;A420T,1.508778076915563,0.0024597525596618654,-0.002908945083618164,0.21984601874999948,0.08082574218749938,0.0013338565826416016,16.275000143051148,-8.94543518871069,6.512200832366943,3,-5.3
PH20_RAW_01360,E32V;K131R;Q144N;H194D;M311F;M314R;D321K;Q350R;A413E;A420T,1.5085865024906453,0.002769649028778076,-0.002908945083618164,0.21499647421874962,0.08082574218749938,0.0016948342323303222,18.125000125169755,-16.52069302275777,6.741386890411377,3,-5.3
PH20_RAW_01361,S23T;E32V;K131R;Q144N;H194D;M311I;M314R;D321K;A372T;V415I,1.5081797724654906,0.0024008393287658692,-0.003766477108001709,0.2182295039062497,0.04849544531249972,0.0010130763053894042,17.387500095367432,-8.107982777059078,8.61898684501648,3,0.0
PH20_RAW_01362,S23T;E32V;Q144N;H194D;V238L;M311L;M314R;D321K;A372T;T418V,1.5078039607067275,0.0022387146949768067,-0.004182040691375732,0.20529738515624993,0.05657801953124997,0.0009560585021972656,17.63750010728836,-6.794853087514639,8.991419315338135,3,-0.40000000000000036
PH20_RAW_01363,S23T;E32V;K131R;H194D;V238L;M311I;M314R;D321K;A372E;Q394T,1.5076752779904115,0.002290010452270508,-0.0031135082244873047,0.21014692968749982,0.07274316796874958,0.001101064682006836,18.500000095367433,-10.778076581656933,6.088274955749512,2,-0.40000000000000036
PH20_RAW_01364,S23T;E32I;Q144N;H194D;M311F;M314R;D321K;A372S;D417E;A420S,1.5073839411984304,0.0030401945114135742,-0.0033245086669921875,0.20044784062500004,0.04849544531250016,0.0011676192283630372,18.487500143051147,-17.539802379906178,7.084921360015869,3,0.0
PH20_RAW_01365,S23T;E32I;K131R;Q144N;H194D;M311F;D321K;A372T;A413E;V415I,1.5068986589472884,0.002690112590789795,-0.003766477108001709,0.20206435546874985,0.06466059374999977,0.0012578964233398438,16.02500001192093,-12.107854265719652,6.049131393432617,1,-5.3
PH20_RAW_01366,S23T;E32V;K131R;H194D;M314R;D321K;Q350R;A372E;Q394T;V415I,1.5068392852289534,0.0024045586585998537,-0.0026979446411132812,0.21661298906249976,0.09699089062499988,0.0017879128456115723,18.062500095367433,-13.190120749175549,7.051842927932739,3,0.0
PH20_RAW_01367,S23T;E32V;K131R;Q144N;H194D;M311F;M314R;D321K;Q394T;D417E,1.5068230645470422,0.002527010440826416,-0.0026979446411132812,0.2214625335937499,0.08082574218749983,0.001574397087097168,19.300000143051147,-15.811652541160583,7.103157997131348,3,0.0
PH20_RAW_01368,S23T;E32V;H194D;V238L;I310L;M314R;E325K;A372T;D417E;A420T,1.506493116516848,0.0019931435585021974,-0.003766477108001709,0.2004478406249997,0.07274316796874913,0.0014495134353637695,17.537500098347664,-3.8141892440617085,7.076905965805054,3,-0.40000000000000036
PH20_RAW_01369,S23T;E32V;K131R;H194D;M314R;E325K;Q394T;A413E;V415I;A420T,1.5063962669742474,0.0022755026817321776,-0.0031135082244873047,0.20368087031249962,0.08082574218749938,0.0019580721855163574,16.02500015795231,-6.101861879229546,4.651602029800415,2,-5.3
PH20_RAW_01370,S23T;E32I;K131R;H194D;V238L;I310L;D321K;A372T;E393Q;A420T,1.5063819306522812,0.0020705819129943847,-0.003766477108001709,0.20044784062499987,0.056578019531249524,0.0012745857238769531,15.899999928474426,-1.476930659264326,9.436176538467407,3,-0.40000000000000036
PH20_RAW_01371,S23T;E32I;H194D;M311F;M314R;E325K;Q350R;A413E;V415I;A420T,1.5062437521061054,0.0023469924926757812,-0.0033245086669921875,0.2263120781249997,0.12123861328124974,0.0013744711875915527,16.47500015795231,-10.742737520486116,4.183592081069946,3,-5.3
PH20_RAW_01372,S23T;E32I;K131R;H194D;M311L;M314R;D321K;A372T;A413E;V415I,1.5056098094904276,0.002541220188140869,-0.003766477108001709,0.21661298906249984,0.06466059374999977,0.001253032684326172,15.725000083446503,-8.825665049254894,6.203770399093628,2,-5.3
PH20_RAW_01373,S23T;E32I;K131R;Q144N;H194D;M311L;M314R;D321K;A372E;V415I,1.505297278275409,0.0023555874824523924,-0.0033245086669921875,0.20368087031249998,0.04849544531250016,0.0015432000160217284,18.0625000834465,-9.445966593921185,7.936710834503174,2,0.0
PH20_RAW_01374,S23T;E32I;H194D;M311F;M314R;E325K;Q350R;Q394T;A413E;A420S,1.5047098418503684,0.0024681568145751955,-0.0031135082244873047,0.213379959375,0.12123861328124974,0.0011173248291015624,18.000000157952307,-13.924768436700106,2.4074528217315674,3,-5.3
PH20_RAW_01375,S23T;E32V;H194D;M314R;D321K;Q350R;A372T;Q394T;A413E;V415I,1.5041622370990626,0.0026752471923828123,-0.003555476665496826,0.21014692968749973,0.09699089062499988,0.001322770118713379,17.612500107288362,-15.09687776491046,5.3151750564575195,3,-5.3
PH20_RAW_01376,S23T;E32I;K131R;H194D;V238L;M311I;M314R;D321K;A372E;A420K,1.5039976003180682,0.002657961845397949,-0.002908945083618164,0.2069138999999999,0.056578019531249524,0.0009803175926208496,17.400000083446503,-10.535003304481506,5.075100421905518,3,-0.40000000000000036
PH20_RAW_01377,S23T;E32V;K131R;M311F;M314R;D321K;A372E;Q394T;D417E;D419E,1.503389582228492,0.003518712520599365,-0.0031135082244873047,0.21014692968749982,0.06466059374999933,0.001581716537475586,15.050000062584877,-18.45531789213419,3.9608936309814453,3,0.0
PH20_RAW_01378,S23T;E32I;K131R;Q144N;H194D;M311F;M314R;D321K;Q394T;A413E,1.5031164822006728,0.0024953126907348634,-0.0031135082244873047,0.21176344453125004,0.07274316796875002,0.0011709094047546386,18.97500013113022,-14.718955267220736,6.092986583709717,2,-5.3
PH20_RAW_01379,S23T;E32V;K131R;H194D;V238L;M311I;M314R;D321K;D417E;A420T,1.501416095957182,0.0024499416351318358,-0.002908945083618164,0.21822950390624962,0.06466059374999933,0.001293015480041504,16.20000014305115,-7.844003200531006,7.3217833042144775,3,-0.40000000000000036
PH20_RAW_01380,E32V;K131R;Q144N;H194D;M311I;D321K;E325K;Q394T;A413E;A420T,1.5008753484018809,0.002771902084350586,-0.0031135082244873047,0.20368087031249954,0.048495445312499275,0.0015119552612304688,17.775000041723253,-11.314099002629519,3.2743446826934814,3,-5.3
PH20_RAW_01381,S23T;E32I;K131R;Q144N;H194D;I310L;M314R;D321K;Q394T;T418V,1.500527416845002,0.0020999670028686523,-0.0031135082244873047,0.20368087031250007,0.040412871093749914,0.001346433162689209,18.237500107288362,-5.419312871992588,10.245245695114136,3,0.0
PH20_RAW_01382,S23T;E32V;K131R;H194D;V238L;M314R;D321K;A372T;Q394T;D419E,1.4999133572998753,0.0024562001228332518,-0.003555476665496826,0.2101469296874999,0.07274316796874958,0.0013070106506347656,17.16250009536743,-10.207525543868542,7.359396696090698,3,-0.40000000000000036
PH20_RAW_01383,E32V;K131R;H194D;M311L;D321K;E325K;A372T;Q394T;A413E;T418V,1.4997164498549107,0.002667140960693359,-0.003555476665496826,0.2198460187499996,0.07274316796874913,0.001522660255432129,16.262499994039537,-9.89787194877863,3.0896213054656982,3,-5.3
PH20_RAW_01384,E32V;K131R;Q144N;H194D;V238L;M311F;M314R;E325K;Q394T;D419E,1.499684441697558,0.002545928955078125,-0.0031135082244873047,0.20044784062499996,0.08082574218749938,0.001395273208618164,18.087500140070915,-12.360858768224716,4.814906597137451,3,-0.40000000000000036
PH20_RAW_01385,S23T;E32I;H194D;M311L;D321K;E325K;A372E;Q394T;V415I;A420T,1.49954569018115,0.002383780479431152,-0.003529071807861328,0.22792859296874973,0.08890831640625008,0.00192716121673584,17.887500011920928,-11.130974933505058,3.785200357437134,3,0.0
PH20_RAW_01386,S23T;E32V;H194D;M311F;M314R;E325K;Q350R;A372E;Q394T;D419E,1.499438725122328,0.0022861003875732423,-0.0031135082244873047,0.21984601874999976,0.12123861328124663,0.0016088008880615235,19.550000122189523,-15.222847308963537,3.3330800533294678,3,0.0
PH20_RAW_01387,E32V;K131R;Q144N;H194D;M311L;D321K;E325K;A372E;Q394T;T418V,1.498834180132622,0.002481508255004883,-0.0031135082244873047,0.2069138999999997,0.056578019531249524,0.0018128275871276856,18.599999994039536,-10.544070698320866,4.822561740875244,3,0.0
PH20_RAW_01388,S23T;E32V;H194D;M314R;D321K;A372T;Q394T;A413E;V415I;A420T,1.498495487267722,0.0026001691818237304,-0.00397104024887085,0.2117634445312496,0.07274316796874958,0.0017577409744262695,17.612500107288362,-13.70595520734787,5.530542850494385,2,-5.3
PH20_RAW_01389,E32V;K131R;H194D;M311V;M314R;D321K;Q350R;A372T;A413E;V415I,1.4983432315450291,0.0031583309173583984,-0.0033509135246276855,0.20206435546874957,0.06466059374999933,0.0011412978172302246,15.737500077486038,-15.749573741108179,6.343801021575928,3,-5.3
PH20_RAW_01390,S23T;E32I;K131R;H194D;V238L;M311L;M314R;E325K;A372E;E393Q,1.498335352738163,0.0018064737319946288,-0.0033245086669921875,0.20044784062500004,0.08082574218749983,0.0009496688842773437,17.73750003874302,-2.021643925458193,5.651063442230225,3,-0.40000000000000036
PH20_RAW_01391,E32I;K131R;H194D;V238L;M311I;M314R;D321K;Q394T;V415I;A420S,1.4980142500960338,0.0030060648918151856,-0.0031135082244873047,0.21014692968749998,0.056578019531249524,0.0010457873344421388,15.925000113248824,-13.042742222547531,5.1724162101745605,3,-0.40000000000000036
PH20_RAW_01392,S23T;E32I;K131R;Q144N;M311F;M314R;D321K;A413E;V415I;A420T,1.497113110549862,0.003388082981109619,-0.003740072250366211,0.2069138999999999,0.040412871093749914,0.0011747002601623536,13.037500098347664,-12.153985250741243,6.669492483139038,3,-5.3
PH20_RAW_01393,S23T;E32V;H194D;M311I;D321K;E325K;A372S;Q394T;A413E;T418S,1.496633941087148,0.0031949758529663088,-0.0031135082244873047,0.2004478406249997,0.05657801953124997,0.0008779525756835938,16.900000071525575,-15.086550619453192,0.78971266746521,3,-5.3
PH20_RAW_01394,E32I;K131R;H194D;M311F;M314R;E325K;Q350R;A372E;E393Q;A413E,1.4962852673024825,0.002337145805358887,-0.002908945083618164,0.20853041484374976,0.10507346484374791,0.0010534167289733888,18.875000020861627,-12.617516864091158,2.759538412094116,3,-5.3
PH20_RAW_01395,S23T;E32I;K131R;H194D;M311F;D321K;Q350R;A413E;V415I;A420T,1.4956309420145553,0.0026816844940185545,-0.002908945083618164,0.22146253359374962,0.10507346484374969,0.0017539262771606445,14.237500059604645,-12.17176779359579,5.68257474899292,2,-5.3
PH20_RAW_01396,S23T;E32V;K131R;H194D;I310L;D321K;Q350R;A372T;Q394T;A420S,1.495335662858783,0.0023914694786071776,-0.0031399130821228027,0.20206435546874985,0.08082574218749938,0.0017879128456115723,16.225,-8.503447759896517,7.730396270751953,3,0.0
PH20_RAW_01397,S23T;E32V;Q144N;H194D;V238L;M311I;M314R;D321K;A372T;T418V,1.4949172062507214,0.002258157730102539,-0.004182040691375732,0.20691389999999982,0.04849544531249972,0.00048530101776123047,17.91250010728836,-7.199627544730902,8.538377523422241,3,-0.40000000000000036
PH20_RAW_01398,E32V;K131R;H194D;V238L;I310L;M314R;E325K;A372T;Q394T;V415I,1.4948896295369847,0.00222703218460083,-0.003555476665496826,0.20206435546874985,0.07274316796874913,0.001432812213897705,16.712500068545342,-5.778823994100094,6.397784233093262,3,-0.40000000000000036
PH20_RAW_01399,S23T;E32I;K131R;H194D;D321K;E325K;A372E;Q394T;V415I;A420T,1.4947066657361143,0.0022987246513366697,-0.0031135082244873047,0.2263120781249997,0.08082574218749983,0.0019294500350952148,17.5,-9.348598439246416,5.226893901824951,3,0.0
PH20_RAW_01400,E32V;K131R;H194D;M311F;D321K;E325K;A372S;Q394T;A413E;T418S,1.4946328186668216,0.003419816493988037,-0.0026979446411132812,0.2149964742187497,0.07274316796874958,0.0014139056205749513,16.86250004172325,-20.35289204493165,1.0226261615753174,3,-5.3
PH20_RAW_01401,S23T;E32V;H194D;M311I;M314R;D321K;A372E;Q394T;V415I;A420T,1.4944352421122586,0.0024339795112609864,-0.003529071807861328,0.22146253359374954,0.07274316796874958,0.0017498373985290528,18.72500010728836,-13.926783837378025,5.3724753856658936,2,0.0
PH20_RAW_01402,E32I;K131R;H194D;M314R;D321K;E325K;A372E;Q394T;A413E;A420T,1.4933498743302234,0.002546513080596924,-0.0031135082244873047,0.21984601874999968,0.06466059374999933,0.001639556884765625,20.00000005364418,-14.767963781952858,3.417447805404663,3,-5.3
PH20_RAW_01403,S23T;E32I;H194D;V238L;M311L;M314R;E325K;Q394T;V415I;D419E,1.492157086225927,0.0023941278457641603,-0.003529071807861328,0.2020643554687501,0.08890831640625008,0.0012745261192321777,15.787500157952309,-6.815592255443335,3.907006025314331,3,-0.40000000000000036
PH20_RAW_01404,S23T;E32V;Q144N;H194D;M311F;M314R;E325K;A372E;Q394T;A420K,1.4919159635307566,0.002395617961883545,-0.0031135082244873047,0.20368087031249987,0.08890831640624963,0.0016986370086669923,20.862500122189523,-15.711588215082884,2.8528270721435547,3,0.0
PH20_RAW_01405,S23T;E32V;K131R;H194D;M311V;M314R;D321K;Q394T;V415I;A420T,1.4917817007354512,0.002640664577484131,-0.0031135082244873047,0.21984601874999968,0.06466059374999977,0.0017791748046875,16.187500143051146,-11.480813916772604,8.41247010231018,3,0.0
PH20_RAW_01406,S23T;E32I;H194D;M311V;D321K;E325K;Q394T;A413E;D417E;A420T,1.4904073520412058,0.002953827381134033,-0.0031135082244873047,0.2004478406249997,0.06466059374999977,0.0013082027435302734,17.125000059604645,-14.183910429477692,2.7701096534729004,3,-5.3
PH20_RAW_01407,S23T;E32V;M311F;M314R;E325K;Q350R;A372E;Q394T;A413E;V415I,1.4898610398008434,0.003155338764190674,-0.003529071807861328,0.2004478406249998,0.10507346484374969,0.0011574029922485352,14.637500089406966,-15.445764496922493,1.3588814735412598,3,-5.3
PH20_RAW_01408,S23T;E32V;K131R;H194D;M311L;M314R;D321K;Q350R;A413E;T418S,1.489184836214077,0.002789211273193359,-0.0024933815002441406,0.21014692968749982,0.08082574218749983,0.0013712167739868164,16.050000143051147,-12.687289286404848,4.565913438796997,3,-5.3
PH20_RAW_01409,S23T;E32I;K131R;H194D;I310L;M314R;D321K;A372S;Q394T;V415I,1.4891535945689633,0.002526116371154785,-0.0031135082244873047,0.20691389999999998,0.04849544531250016,0.0014960527420043944,16.33750010728836,-8.713573791086674,9.250713348388672,3,0.0
PH20_RAW_01410,S23T;E32V;K131R;H194D;V238L;M311F;M314R;D321K;A372S;Q394T,1.4880711930561852,0.0025339007377624513,-0.0031135082244873047,0.22307904843749995,0.08890831640625008,0.0011985301971435547,17.100000143051147,-13.857854638248682,7.889830589294434,3,-0.40000000000000036
PH20_RAW_01411,E32V;K131R;Q144N;H194D;M311F;D321K;Q350R;Q394T;V415I;D419E,1.4880571774893558,0.003099668025970459,-0.0026979446411132812,0.20529738515624976,0.08890831640624963,0.001988530158996582,16.07500005364418,-18.031390130519867,5.382721900939941,3,0.0
PH20_RAW_01412,S23T;E32I;K131R;Q144N;H194D;V238L;M311F;D321K;V415I;A420T,1.4877249169397473,0.0024803519248962403,-0.0033245086669921875,0.2101469296874999,0.07274316796875002,0.001540398597717285,15.225000059604644,-9.414008129388094,8.350244045257568,2,-0.40000000000000036
PH20_RAW_01413,S23T;E32I;H194D;M311F;D321K;Q350R;A372E;Q394T;V415I;D419E,1.4861076879898594,0.002798330783843994,-0.0031135082244873047,0.21337995937499982,0.11315603906249994,0.0017577290534973144,17.13750002384186,-19.00835659354925,3.7003064155578613,2,0.0
PH20_RAW_01414,S23T;E32V;H194D;M311F;M314R;N322K;Q350R;E393Q;A413E;A420T,1.4850009629863612,0.002448439598083496,-0.0033245086669921875,0.20529738515624976,0.10507346484374747,0.001776731014251709,16.950000086426734,-11.999979455024004,4.675359725952148,3,-5.699999999999999
PH20_RAW_01415,S23T;E32I;K131R;H194D;M311F;M314R;D321K;A372S;A413E;D417E,1.484546806622874,0.0028777837753295897,-0.002908945083618164,0.21014692968749982,0.06466059374999977,0.0011673450469970703,16.55000013113022,-15.390826474875212,5.686908483505249,2,-5.3
PH20_RAW_01416,E32I;Q144N;H194D;M311F;M314R;D321K;Q350R;A413E;V415I;A420T,1.4842032948589008,0.0029471874237060546,-0.0033245086669921875,0.21337995937499973,0.08082574218749983,0.0014643073081970215,17.950000125169755,-19.127164404839277,5.609630584716797,3,-5.3
PH20_RAW_01417,S23T;E32I;H194D;V238L;M311I;M314R;E325K;A372T;V415I;A420S,1.48307037968156,0.0023321747779846192,-0.004182040691375732,0.20853041484374996,0.07274316796874958,0.0005151629447937012,16.012500110268594,-5.830311644822359,4.732864141464233,3,-0.40000000000000036
PH20_RAW_01418,S23T;E32I;K131R;H194D;M311F;M314R;D321K;Q394T;D417E;D419E,1.4815660387700502,0.0026868343353271484,-0.0026979446411132812,0.23116162265624993,0.08890831640624963,0.0015416383743286134,17.687500131130218,-16.492484249174595,5.347954034805298,3,0.0
PH20_RAW_01419,S23T;E32V;H194D;M311F;D321K;A372T;Q394T;A413E;D417E;A420K,1.4813327725927812,0.0031925201416015624,-0.0031399130821228027,0.20206435546874965,0.08890831640624919,0.0017856359481811523,17.112500035762785,-20.605402126908302,0.7570550441741943,2,-5.3
PH20_RAW_01420,S23T;E32I;H194D;V238L;M311I;M314R;E325K;Q394T;V415I;D419E,1.48084512963865,0.0024135708808898926,-0.003529071807861328,0.20368087031249998,0.08082574218749983,0.0008037686347961426,16.062500157952307,-7.14878499135375,3.4539642333984375,3,-0.40000000000000036
PH20_RAW_01421,S23T;E32I;K131R;Q144N;H194D;V238L;M314R;D321K;V415I;A420T,1.4785385547631171,0.0023314595222473145,-0.0033245086669921875,0.20368087031249998,0.04849544531250016,0.0013628482818603515,16.42500013113022,-6.879633203148842,9.942849159240723,3,-0.40000000000000036
PH20_RAW_01422,S23T;E32V;K131R;H194D;I310L;M314R;E325K;Q350R;A372E;T418S,1.4781360952451432,0.002081167697906494,-0.0024933815002441406,0.2004478406249998,0.08082574218749938,0.0015220999717712401,18.112500086426735,-7.424404371529818,5.604662179946899,3,0.0
PH20_RAW_01423,E32V;Q144N;H194D;M311F;M314R;D321K;Q350R;A372E;Q394T;D419E,1.4779802264074569,0.0028862953186035156,-0.0031135082244873047,0.20691389999999982,0.08082574218749672,0.0016986370086669923,21.025000089406966,-23.58082153275609,4.759118556976318,3,0.0
PH20_RAW_01424,S23T;E32V;K131R;H194D;M311I;M314R;E325K;Q350R;A372E;V415I,1.4779754100559197,0.00202564001083374,-0.002908945083618164,0.21661298906249957,0.09699089062499944,0.001249384880065918,16.812500110268594,-6.178215052932501,5.268380641937256,3,0.0
PH20_RAW_01425,S23T;E32I;K131R;H194D;V238L;I310L;M314R;E325K;Q394T;T418V,1.476630328855671,0.0017090678215026856,-0.0031135082244873047,0.20368087031250007,0.07274316796874958,0.0010790467262268067,16.312500122189523,0.5203691646456718,7.829368352890015,3,-0.40000000000000036
PH20_RAW_01426,S23T;E32V;K131R;H194D;M311V;M314R;D321K;Q350R;A372T;A413E,1.4764938662319287,0.002624332904815674,-0.0033509135246276855,0.20529738515624968,0.07274316796874691,0.0009031414985656739,16.53750009536743,-12.23684298619628,7.447086811065674,3,-5.3
PH20_RAW_01427,S23T;E32I;K131R;Q144N;H194D;M311F;M314R;D321K;A372S;V415I,1.4762182635883931,0.002618920803070068,-0.0033245086669921875,0.21822950390624998,0.05657801953125041,0.001169908046722412,16.937500131130218,-12.775436166673899,9.285224676132202,3,0.0
PH20_RAW_01428,E32I;K131R;H194D;V238L;M311I;M314R;D321K;Q394T;A413E;V415I,1.4758690983608571,0.0029287099838256835,-0.0031135082244873047,0.20044784062499987,0.056578019531249524,0.0008705377578735352,15.875000113248825,-13.253481142222881,3.7706758975982666,2,-5.7
PH20_RAW_01429,S23T;E32I;K131R;H194D;D321K;E325K;A372E;Q394T;A413E;T418S,1.4750734725629302,0.0027149677276611327,-0.0026979446411132812,0.20044784062499987,0.06466059374999977,0.001320803165435791,18.225,-14.224184941500425,1.0873353481292725,2,-5.3
PH20_RAW_01430,S23T;E32T;K131R;H194D;M311F;D321K;Q350R;A372T;Q394T;D419E,1.4742493954484337,0.003146159648895264,-0.0027243494987487793,0.20691389999999982,0.09699089062499633,0.002184748649597168,16.3875,-19.27527455240488,2.289039373397827,3,0.0
PH20_RAW_01431,S23T;E32I;Q144N;H194D;I310L;M314R;D321K;A372T;Q394T;V415I,1.4729028696619657,0.0022614717483520506,-0.00397104024887085,0.20368087031250007,0.04849544531250016,0.001231515407562256,19.262500071525572,-10.796395517885685,8.785191059112549,3,0.0
PH20_RAW_01432,S23T;E32I;K131R;H194D;I310L;M314R;D321K;A372T;Q394T;D419E,1.4728497352344454,0.0022437572479248047,-0.003555476665496826,0.21499647421874996,0.056578019531249524,0.001429283618927002,17.825000059604644,-8.83345203846693,8.161743402481079,3,0.0
PH20_RAW_01433,S23T;E32V;K131R;H194D;M311I;M314R;D321K;Q350R;Q394T;A413E,1.472171373783237,0.002436220645904541,-0.0026979446411132812,0.2149964742187497,0.08890831640624963,0.0010767102241516114,17.07500014305115,-11.612921584397554,5.074550628662109,3,-5.3
PH20_RAW_01434,S23T;E32I;K131R;H194D;V238L;M311F;M314R;E325K;Q394T;A413E,1.4715647647424237,0.0021044135093688963,-0.0031135082244873047,0.21176344453125004,0.10507346484374969,0.0009035229682922363,17.05000014603138,-9.127210933715105,3.6771092414855957,2,-5.7
PH20_RAW_01435,S23T;E32I;H194D;M311L;D321K;E325K;A372S;Q394T;A413E;T418V,1.471144253786819,0.0026603817939758303,-0.003529071807861328,0.20529738515624985,0.06466059375000022,0.0011435389518737794,15.850000059604644,-9.235884349793196,3.5229456424713135,3,-5.3
PH20_RAW_01436,E32I;K131R;H194D;M311I;M314R;D321K;A372E;E393Q;A413E;A420T,1.4711184837070084,0.002552366256713867,-0.0033245086669921875,0.20206435546874957,0.040412871093749025,0.0012172460556030273,18.500000005960466,-11.928997490555048,4.171758651733398,2,-5.3
PH20_RAW_01437,S23T;E32I;K131R;Q144N;H194D;M311F;M314R;D321K;A372E;D417E,1.4704512105952783,0.0023424506187438967,-0.002908945083618164,0.21337995937499993,0.06466059374999977,0.001367950439453125,19.925000083446502,-15.590614788234234,6.958054065704346,2,0.0
PH20_RAW_01438,S23T;E32V;H194D;M311L;M314R;D321K;Q350R;Q394T;A413E;D417E,1.4698423770226021,0.002693355083465576,-0.0026979446411132812,0.2036808703124998,0.09699089062499988,0.0015451788902282714,17.625000154972078,-15.97199772670865,3.665778160095215,3,-5.3
PH20_RAW_01439,E32I;K131R;H194D;M311F;M314R;E325K;Q350R;A372E;A413E;V415I,1.4698369405685552,0.0024953603744506834,-0.002908945083618164,0.21176344453124968,0.10507346484374924,0.0013795614242553711,17.27500008046627,-14.534574054181576,2.6293084621429443,2,-5.3
PH20_RAW_01440,S23T;E32V;K131R;H194D;M311L;M314R;D321K;Q394T;A413E;A420T,1.4695014009527623,0.0023416996002197264,-0.0031135082244873047,0.2149964742187497,0.07274316796874958,0.0019824385643005373,16.800000143051147,-10.266768999397755,5.742960214614868,2,-5.3
PH20_RAW_01441,S23T;E32T;K131R;H194D;M311F;M314R;D321K;A372T;Q394T;A420T,1.4693516995887457,0.0026501893997192385,-0.0031399130821228027,0.23116162265624976,0.09699089062499944,0.002244126796722412,18.562500071525573,-18.432049825787544,4.165651321411133,3,0.0
PH20_RAW_01442,S23T;E32I;H194D;V238L;M311F;M314R;E325K;Q394T;A413E;D417E,1.4685318789070245,0.002380990982055664,-0.0031135082244873047,0.20206435546875,0.10507346484374969,0.0009012341499328614,17.875000157952307,-13.337294925004244,1.8152949810028076,2,-5.7
PH20_RAW_01443,S23T;E32V;K131R;H194D;M311L;M314R;E325K;Q394T;A413E;T418V,1.467856187169627,0.0020167708396911623,-0.0031135082244873047,0.20529738515624976,0.08082574218749938,0.0015477418899536132,15.862500157952308,-3.8378616869449615,4.222526788711548,2,-5.3
PH20_RAW_01444,S23T;E32V;H194D;V238L;M311F;M314R;E325K;Q350R;A372E;A420T,1.4673797744252217,0.001917588710784912,-0.0033245086669921875,0.22307904843749968,0.12123861328124708,0.0014274477958679198,18.65000012218952,-11.101507972925901,5.511352300643921,3,-0.40000000000000036
PH20_RAW_01445,E32I;K131R;H194D;V238L;M311I;M314R;D321K;A372T;V415I;A420S,1.4663285685517249,0.00284731388092041,-0.003766477108001709,0.21499647421874987,0.048495445312499275,0.0007799744606018066,15.600000065565109,-11.582722388207912,6.162630081176758,3,-0.40000000000000036
PH20_RAW_01446,S23T;E32I;K131R;H194D;M311L;M314R;E325K;Q350R;A413E;A420S,1.4647899677131977,0.002255594730377197,-0.002908945083618164,0.20044784062499996,0.08890831640624963,0.0012514591217041016,15.437500146031379,-5.591088227927685,4.1686201095581055,3,-5.3
PH20_RAW_01447,S23T;E32I;K131R;H194D;M311F;M314R;D321K;Q350R;A413E;A420T,1.4633413261686221,0.0023281335830688476,-0.002908945083618164,0.23601116718749973,0.10507346484374969,0.0014011263847351074,16.86250013113022,-13.178383395075798,6.716643810272217,3,-5.3
PH20_RAW_01448,S23T;E32V;K131R;H194D;M314R;D321K;Q350R;Q394T;A413E;D417E,1.4630960189651243,0.0026082992553710938,-0.002282381057739258,0.20206435546874973,0.08890831640624963,0.0015474677085876465,17.237500143051147,-14.276318214833736,5.107471704483032,3,-5.3
PH20_RAW_01449,E32I;K131R;H194D;M311F;M314R;E325K;A372E;Q394T;A413E;A420S,1.4628867837830974,0.0025414466857910157,-0.0031135082244873047,0.20044784062499987,0.08082574218749894,0.0015573859214782714,18.80000008046627,-16.314295899122953,1.0685369968414307,1,-5.3
PH20_RAW_01450,S23T;E32I;H194D;M311F;E325K;Q350R;A372T;A413E;V415I;D419E,1.4623284052775871,0.002585601806640625,-0.003766477108001709,0.2036808703124997,0.11315603906249949,0.001227104663848877,14.77500003874302,-11.729061026126146,2.074911594390869,2,-5.3
PH20_RAW_01451,S23T;E32I;H194D;V238L;M311F;M314R;D321K;A372T;Q394T;A413E,1.4621881878595375,0.002429080009460449,-0.00397104024887085,0.21984601875000004,0.09699089062499988,0.0007031917572021485,18.637500095367432,-16.798385951668024,4.556050062179565,2,-5.7
PH20_RAW_01452,S23T;E32V;H194D;M311I;M314R;D321K;Q350R;Q394T;A413E;D417E,1.4621071938404002,0.0027127981185913084,-0.0026979446411132812,0.20529738515624968,0.08890831640624963,0.0010744214057922363,17.900000154972076,-16.142609853297472,3.2127363681793213,3,-5.3
PH20_RAW_01453,S23T;E32V;K131R;H194D;M311V;M314R;D321K;A372T;V415I;A420T,1.4609188980287278,0.0024819135665893554,-0.003766477108001709,0.22469556328124957,0.056578019531249524,0.001513361930847168,15.862500095367432,-9.983390498906374,9.402683973312378,3,0.0
PH20_RAW_01454,E32V;K131R;H194D;V238L;M311F;E325K;Q350R;Q394T;V415I;D419E,1.4601538226676736,0.002708768844604492,-0.0026979446411132812,0.20529738515624976,0.1212386132812493,0.0017211437225341797,14.150000068545342,-12.273811131715775,2.9668445587158203,3,-0.40000000000000036
PH20_RAW_01455,S23T;E32V;K131R;H194D;V238L;M311F;M314R;A372T;V415I;D419E,1.4597976390274532,0.0023299694061279298,-0.003766477108001709,0.2036808703124998,0.08890831640624919,0.0014819860458374023,14.437500122189523,-9.080305743962526,6.786625146865845,1,-0.40000000000000036
PH20_RAW_01456,E32I;K131R;H194D;M311L;D321K;E325K;A372T;A413E;V415I;A420T,1.4590632692630847,0.0026861906051635744,-0.003766477108001709,0.22469556328124957,0.06466059374999933,0.0016613483428955078,15.112499982118607,-9.60233224928379,3.589571475982666,3,-5.3
PH20_RAW_01457,S23T;E32V;Q144N;H194D;M311V;M314R;D321K;A372T;V415I;A420T,1.458652727382855,0.002566969394683838,-0.004182040691375732,0.20529738515624968,0.040412871093749914,0.0013383865356445313,17.75000010728836,-12.477566845715046,9.398956537246704,3,0.0
PH20_RAW_01458,E32V;K131R;H194D;V238L;M311L;M314R;E325K;A372E;E393Q;A420T,1.4584673675189213,0.0019822001457214357,-0.0035335421562194824,0.2004478406249997,0.07274316796874913,0.0016514182090759278,17.687500032782555,-5.239243362098932,5.077181339263916,3,-0.40000000000000036
PH20_RAW_01459,S23T;E32I;Q144N;H194D;V238L;M311F;M314R;D321K;A372E;Q394T,1.4584061372677644,0.002243447303771973,-0.003529071807861328,0.20691390000000015,0.08082574218750027,0.000993359088897705,20.97500009536743,-17.57639292255044,6.288990497589111,2,-0.40000000000000036
PH20_RAW_01460,S23T;E32V;H194D;M311I;M314R;E325K;A372T;Q394T;V415I;A420S,1.4574550598296963,0.002275073528289795,-0.00397104024887085,0.21661298906249976,0.08082574218749938,0.0011373162269592285,17.21250012218952,-9.046933390200138,3.7111706733703613,3,0.0
PH20_RAW_01461,S23T;E32V;K131R;H194D;M314R;D321K;Q394T;A413E;D417E;A420T,1.457071433125711,0.002533221244812012,-0.0026979446411132812,0.20368087031249962,0.06466059374999933,0.0019824385643005373,17.237500143051147,-12.901660930365324,5.3228394985198975,2,-5.3
PH20_RAW_01462,E32I;K131R;H194D;V238L;M311F;M314R;E325K;A372E;D417E;D419E,1.4567486029735184,0.0025528907775878907,-0.002908945083618164,0.20206435546874985,0.08082574218749894,0.001361513137817383,17.65000008046627,-14.119240913540125,2.811715841293335,2,-0.40000000000000036
PH20_RAW_01463,S23T;E32V;K131R;H194D;I310L;D321K;Q350R;A372T;Q394T;D419E,1.4565418117216216,0.002314114570617676,-0.0031399130821228027,0.20206435546874973,0.08082574218749938,0.0018107056617736816,15.95,-8.583852160722017,7.4417102336883545,3,0.0
PH20_RAW_01464,S23T;E32I;Q144N;H194D;M311F;M314R;E325K;Q350R;A413E;T418V,1.4562450457473346,0.0020882606506347655,-0.0033245086669921875,0.2069138999999999,0.09699089062499988,0.0007914543151855469,17.812500157952307,-9.388420429080725,5.192482948303223,3,-5.3
PH20_RAW_01465,E32V;K131R;Q144N;H194D;M311F;M314R;E325K;Q394T;A413E;T418V,1.45611271408361,0.0023461103439331053,-0.0031135082244873047,0.20206435546874973,0.07274316796874913,0.0014379620552062988,17.987500140070914,-11.757218714803457,3.998671054840088,2,-5.3
PH20_RAW_01466,S23T;E32V;K131R;H194D;V238L;M311I;D321K;Q350R;Q394T;A420S,1.45565268256261,0.002542424201965332,-0.0026979446411132812,0.20044784062499987,0.08890831640624963,0.0011890530586242676,14.850000071525574,-9.471515167504549,5.555668830871582,3,-0.40000000000000036
PH20_RAW_01467,E32I;K131R;H194D;V238L;M311L;M314R;D321K;A372T;A413E;V415I,1.4552458089945686,0.0027505159378051758,-0.003766477108001709,0.20368087031249987,0.056578019531249524,0.0010754823684692382,15.27500006556511,-11.47161240875721,5.213931560516357,2,-5.7
PH20_RAW_01468,S23T;E32V;Q144N;H194D;M311F;M314R;E325K;Q350R;A372T;A413E,1.4545847747118148,0.0020722270011901854,-0.003766477108001709,0.20853041484374976,0.10507346484374702,0.0009070634841918945,19.012500122189522,-12.08716494217515,4.864184617996216,3,-5.3
PH20_RAW_01469,E32V;K131R;H194D;V238L;M314R;D321K;Q350R;A372E;Q394T;V415I,1.454561124481477,0.00261385440826416,-0.0026979446411132812,0.2036808703124998,0.08890831640624963,0.0016103625297546388,17.61250007748604,-15.923075392842293,6.062004089355469,3,-0.40000000000000036
PH20_RAW_01470,S23T;E32I;K131R;H194D;V238L;M311L;M314R;D321K;Q394T;V415I,1.4534941890747575,0.00230792760848999,-0.0031135082244873047,0.21984601875000012,0.08082574218750027,0.001278388500213623,15.72500013113022,-8.632722366601229,7.067232847213745,3,-0.40000000000000036
PH20_RAW_01471,S23T;E32I;Q144N;H194D;M311F;M314R;D321K;A372T;D417E;D419E,1.4520017145225257,0.0026131391525268553,-0.003766477108001709,0.21661298906249993,0.06466059374999977,0.0011008501052856446,19.250000095367433,-17.327207673341036,6.334440469741821,3,0.0
PH20_RAW_01472,S23T;E32I;K131R;H194D;I310L;M314R;E325K;Q350R;A413E;A420T,1.451836236158608,0.0018369674682617188,-0.002908945083618164,0.20206435546874973,0.08082574218749938,0.001486814022064209,16.237500122189523,-2.473372772336006,6.78967809677124,3,-5.3
PH20_RAW_01473,S23T;E32V;K131R;Q144N;H194D;M314R;D321K;Q394T;V415I;A420T,1.4511058907225631,0.0022743582725524903,-0.0031135082244873047,0.2117634445312498,0.05657801953124997,0.001985001564025879,17.625000143051146,-10.178861502557993,8.92115569114685,3,0.0
PH20_RAW_01474,S23T;E32I;H194D;M311V;M314R;D321K;Q350R;A372T;A413E;V415I,1.450763623430588,0.0028018712997436523,-0.003766477108001709,0.2036808703124998,0.07274316796875002,0.0006726145744323731,16.36250009536743,-14.904543239623308,6.315330505371094,3,-5.3
PH20_RAW_01475,S23T;E32V;K131R;H194D;M311F;M314R;E325K;A372T;A413E;A420T,1.4505901808817292,0.001912093162536621,-0.003766477108001709,0.22954510781249954,0.096990890624999,0.001517009735107422,17.125000110268594,-8.229066703468561,5.083279848098755,2,-5.3
PH20_RAW_01476,S23T;E32I;H194D;V238L;I310L;M314R;E325K;A372T;Q394T;V415I,1.450403598330655,0.001870572566986084,-0.00397104024887085,0.20368087031250007,0.08082574218749983,0.0009641289710998535,17.337500086426736,-4.793176360428333,6.369313716888428,3,-0.40000000000000036
PH20_RAW_01477,S23T;E32V;H194D;M311I;E325K;Q350R;A372E;E393Q;V415I;A420T,1.4503417430648404,0.002040243148803711,-0.0033245086669921875,0.20044784062499943,0.09699089062499944,0.001509106159210205,16.362499991059302,-5.578202843666077,3.7621889114379883,3,0.0
PH20_RAW_01478,S23T;E32T;K131R;H194D;M311F;M314R;D321K;A372S;Q394T;T418S,1.4503405523916435,0.0033487915992736817,-0.002282381057739258,0.20691389999999998,0.07274316796875002,0.0019002914428710937,17.57500011920929,-23.013474196195602,2.228116989135742,3,0.0
PH20_RAW_01479,S23T;E32V;K131R;H194D;V238L;M311F;M314R;N322K;Q394T;V415I,1.4501524769264955,0.002296733856201172,-0.0031135082244873047,0.21176344453125004,0.11315603906249994,0.0018071770668029786,15.25000013411045,-11.263673331588507,5.778876304626465,2,-0.8000000000000003
PH20_RAW_01480,S23T;E32I;K131R;H194D;M311V;M314R;D321K;Q350R;A372E;D419E,1.449747045741617,0.0025985240936279297,-0.002908945083618164,0.20206435546874985,0.06466059374999977,0.0011605501174926757,17.262500083446504,-13.591488216072321,7.42482328414917,3,0.0
PH20_RAW_01481,S23T;E32I;K131R;H194D;M314R;D321K;Q350R;Q394T;A413E;V415I,1.4494044283909322,0.0025092601776123048,-0.0026979446411132812,0.2101469296874999,0.08890831640625008,0.0013192296028137207,16.23750013113022,-12.32458145916462,5.83752965927124,3,-5.3
PH20_RAW_01482,S23T;E32V;K131R;H194D;M311I;M314R;D321K;A372S;A413E;A420T,1.4486509659985454,0.0025520920753479004,-0.0033245086669921875,0.20529738515624948,0.04041287109374947,0.0013354301452636718,15.712500143051148,-9.18026702478528,6.741927146911621,2,-5.3
PH20_RAW_01483,S23T;E32I;H194D;M311I;M314R;D321K;Q350R;Q394T;A413E;V415I,1.448565558538883,0.0026137590408325194,-0.0031135082244873047,0.21337995937499982,0.08890831640625008,0.0008461833000183106,16.900000143051148,-14.18405694887042,3.9427943229675293,3,-5.3
PH20_RAW_01484,S23T;E32I;K131R;H194D;V238L;M311L;M314R;D321K;Q394T;D419E,1.448211238781562,0.0023752689361572266,-0.0031135082244873047,0.21176344453125012,0.07274316796875002,0.0013011813163757325,16.17500013113022,-9.298666380345821,6.440057754516602,3,-0.40000000000000036
PH20_RAW_01485,S23T;E32V;K131R;H194D;V238L;M311F;D321K;Q350R;A372E;T418S,1.4479383522786011,0.002601182460784912,-0.0024933815002441406,0.21014692968749982,0.10507346484374969,0.0013735055923461913,16.46250002384186,-16.336883407086134,4.611005783081055,2,-0.40000000000000036
PH20_RAW_01486,S23T;E32I;K131R;H194D;V238L;M314R;E325K;A372T;V415I;D419E,1.4472193198098697,0.0021503210067749024,-0.003766477108001709,0.20529738515624993,0.07274316796874958,0.0010110020637512207,15.075000098347664,-3.9556077644228935,6.338913440704346,3,-0.40000000000000036
PH20_RAW_01487,S23T;E32I;K131R;H194D;V238L;I310L;M314R;E325K;D417E;A420T,1.4471759835441906,0.0018271565437316894,-0.002908945083618164,0.20044784062499987,0.06466059374999933,0.0014459729194641114,16.16250012218952,-1.2491349503397942,7.599260568618774,3,-0.40000000000000036
PH20_RAW_01488,E32V;K131R;H194D;M311F;M314R;D321K;Q350R;A372S;A413E;D417E,1.447079185679706,0.0031285881996154785,-0.0024933815002441406,0.2085304148437496,0.08082574218749938,0.0014341235160827636,16.500000125169755,-20.14782053977251,4.897658586502075,3,-5.3
PH20_RAW_01489,S23T;E32I;K131R;H194D;V238L;I310L;M314R;D321K;Q394T;T418S,1.4469439203698802,0.0023828983306884766,-0.0026979446411132812,0.2052973851562502,0.05657801953124997,0.0010803461074829102,17.300000107288362,-10.002967935055494,6.950472593307495,3,-0.40000000000000036
PH20_RAW_01490,S23T;E32I;K131R;M311I;M314R;D321K;A372T;A413E;V415I;D419E,1.4465289792950953,0.0034972429275512695,-0.004182040691375732,0.2004478406249998,0.024247722656249415,0.0005517125129699707,11.312500050663948,-9.92167492955923,4.262409210205078,3,-5.3
PH20_RAW_01491,S23T;E32I;K131R;M311F;M314R;D321K;Q394T;A413E;D417E;D419E,1.4463076387701406,0.0036234140396118166,-0.0031135082244873047,0.20368087031249998,0.056578019531249524,0.0011130332946777343,13.225000098347664,-17.57373708486557,2.7465803623199463,3,-5.3
PH20_RAW_01492,E32I;Q144N;H194D;M311F;M314R;D321K;A372T;E393Q;A413E;A420T,1.4459694045424354,0.0025316119194030763,-0.004182040691375732,0.2117634445312498,0.056578019531249524,0.0010501742362976074,20.025000017881393,-16.604973152279854,5.507791996002197,3,-5.3
PH20_RAW_01493,S23T;E32I;K131R;Q144N;H194D;I310L;M314R;E325K;A372T;V415I,1.4459171106617064,0.0017780542373657226,-0.003766477108001709,0.20044784062499996,0.04849544531249972,0.0011660337448120117,17.350000074505807,-1.877775862812996,8.896464109420776,3,0.0
PH20_RAW_01494,E32V;K131R;H194D;M311F;M314R;N322K;Q350R;A372E;V415I;A420S,1.4458174659462888,0.0028323769569396974,-0.002908945083618164,0.2036808703124998,0.08890831640624697,0.0022832155227661133,16.200000068545343,-17.42874837294221,4.3925864696502686,2,-0.3999999999999999
PH20_RAW_01495,E32V;K131R;H194D;I310L;M314R;D321K;A372T;Q394T;A413E;A420T,1.4455935663014192,0.002419483661651611,-0.003555476665496826,0.20529738515624957,0.04849544531249883,0.001932990550994873,18.00000005364418,-12.364880681037903,6.474807024002075,2,-5.3
PH20_RAW_01496,S23T;E32I;K131R;H194D;M311F;D321K;Q350R;Q394T;V415I;D419E,1.444881949363744,0.0026581525802612306,-0.0026979446411132812,0.22631207812499987,0.11315603906249994,0.0016948223114013673,14.812500059604645,-14.594991948455572,5.357978820800781,3,0.0
PH20_RAW_01497,S23T;E32I;H194D;M311F;M314R;D321K;A372S;Q394T;A413E;A420K,1.4445348451804851,0.0030896306037902833,-0.0031135082244873047,0.20853041484374996,0.07274316796875002,0.0012941598892211915,17.70000014305115,-20.289875376969576,2.9829769134521484,3,-5.3
PH20_RAW_01498,E32V;K131R;H194D;V238L;I310L;D321K;Q350R;A372T;V415I;A420T,1.4435599840299467,0.0024796009063720705,-0.0033509135246276855,0.20206435546874957,0.07274316796874913,0.0018675088882446288,14.249999982118606,-8.101254593580961,8.516696691513062,3,-0.40000000000000036
PH20_RAW_01499,E32I;K131R;H194D;V238L;D321K;E325K;A372E;Q394T;V415I;A420T,1.4430096137971555,0.0025080204010009765,-0.0031135082244873047,0.21337995937499973,0.07274316796874958,0.0017518997192382812,17.049999982118607,-12.055139046162367,4.237055063247681,3,-0.40000000000000036
PH20_RAW_01500,S23T;E32I;K131R;H194D;M311I;M314R;D321K;Q350R;A413E;T418V,1.442776555382215,0.0022935032844543456,-0.002908945083618164,0.2182295039062497,0.07274316796874958,0.0006952881813049316,15.550000131130219,-7.425493959337473,6.3930628299713135,3,-5.3
PH20_RAW_01501,S23T;E32V;K131R;H194D;M311L;M314R;D321K;Q394T;A413E;T418S,1.442730802395994,0.0026906013488769533,-0.0026979446411132812,0.2069138999999999,0.06466059374999977,0.0015490412712097167,16.850000143051147,-14.153879527002573,3.3436310291290283,2,-5.3
PH20_RAW_01502,S23T;E32I;K131R;V238L;M311F;M314R;D321K;Q394T;A413E;T418V,1.442677115139198,0.0031368136405944824,-0.003529071807861328,0.2101469296875001,0.06466059374999977,0.0005647540092468262,12.475000098347664,-11.729526281356812,5.15496039390564,3,-5.7
PH20_RAW_01503,S23T;E32V;K131R;H194D;M311F;D321K;Q350R;A372T;A413E;D417E,1.4424616125842002,0.002598440647125244,-0.002935349941253662,0.21337995937499957,0.10507346484374924,0.0014592051506042481,15.712500023841859,-15.265904534608126,4.505080461502075,2,-5.3
PH20_RAW_01504,S23T;E32I;H194D;M311I;M314R;D321K;Q350R;Q394T;A413E;D419E,1.4415603990305228,0.002681100368499756,-0.0031135082244873047,0.20529738515624985,0.08082574218749983,0.0008689761161804199,17.350000143051147,-14.92828319966793,3.3156192302703857,3,-5.3
PH20_RAW_01505,S23T;E32I;K131R;H194D;M314R;D321K;Q394T;A413E;V415I;A420T,1.4413853886445063,0.002434182167053223,-0.0031135082244873047,0.2117634445312498,0.06466059374999977,0.0017542004585266112,16.23750013113022,-11.040581170469522,6.0528974533081055,2,-5.3
PH20_RAW_01506,S23T;E32I;K131R;Q144N;H194D;M311L;D321K;E325K;A372E;A420T,1.4406909914655157,0.001966559886932373,-0.0033245086669921875,0.2149964742187498,0.05657801953124997,0.0017133593559265138,18.25,-6.537647642195225,6.425797700881958,3,0.0
PH20_RAW_01507,S23T;E32I;K131R;H194D;M311F;D321K;A372T;E393Q;V415I;A420T,1.4384383830012122,0.0021987676620483397,-0.003766477108001709,0.23762768203124968,0.08890831640624963,0.001515042781829834,15.637499952316285,-9.198430716991425,7.320965528488159,3,0.0
PH20_RAW_01508,S23T;E32V;H194D;V238L;M311I;M314R;D321K;Q350R;A372E;T418S,1.4382935263911976,0.0025567889213562013,-0.002908945083618164,0.20691389999999982,0.08082574218749716,0.0007229089736938476,18.32500010728836,-15.644692782312632,4.308875560760498,3,-0.40000000000000036
PH20_RAW_01509,E32I;K131R;Q144N;H194D;V238L;M311F;M314R;D321K;Q394T;V415I,1.4378264815984823,0.0026372671127319336,-0.0031135082244873047,0.2166129890625001,0.07274316796875002,0.0011686086654663086,17.850000113248825,-16.730453684926033,6.843377113342285,3,-0.40000000000000036
PH20_RAW_01510,S23T;E32I;K131R;H194D;V238L;M311F;M314R;E325K;A372S;D419E,1.4374097293742416,0.002295362949371338,-0.0033245086669921875,0.21014692968749998,0.08082574218749983,0.0009253144264221192,15.46250014603138,-7.939357049763203,6.2421722412109375,3,-0.40000000000000036
PH20_RAW_01511,S23T;E32V;K131R;H194D;V238L;M311F;E325K;Q350R;Q394T;V415I,1.4373974633805007,0.0021074295043945314,-0.0026979446411132812,0.21661298906249984,0.1374037617187498,0.0014601945877075195,14.500000086426734,-8.376497466117144,4.69730544090271,3,-0.40000000000000036
PH20_RAW_01512,S23T;E32I;H194D;V238L;M311F;M314R;E325K;A372T;A413E;D417E,1.4370754156072674,0.0022222399711608887,-0.003766477108001709,0.2069138999999999,0.09699089062499944,0.0006354212760925293,17.55000011026859,-11.866856079548597,2.805508852005005,2,-5.7
PH20_RAW_01513,S23T;E32V;K131R;H194D;M311V;M314R;D321K;A372S;Q394T;V415I,1.4356794109769846,0.0028080821037292482,-0.0031135082244873047,0.2036808703124998,0.04849544531250016,0.0013457775115966798,15.625000143051148,-13.181201431900263,8.426828622817993,3,0.0
PH20_RAW_01514,S23T;E32V;K131R;H194D;M314R;E325K;A372T;Q394T;A413E;V415I,1.4355143096295366,0.002093219757080078,-0.003555476665496826,0.2036808703124997,0.08082574218749938,0.0014351129531860352,16.500000110268594,-7.427036289125681,4.204165697097778,2,-5.3
PH20_RAW_01515,E32V;K131R;H194D;M311F;M314R;E325K;A372T;Q394T;A413E;V415I,1.4354694523783709,0.0024225592613220217,-0.003555476665496826,0.22146253359374962,0.096990890624999,0.0014980196952819823,17.1250000923872,-14.425801612436771,2.542343854904175,2,-5.3
PH20_RAW_01516,S23T;E32I;Q144N;H194D;M311F;D321K;E325K;A372E;Q394T;T418S,1.4353277433947949,0.0025280237197875975,-0.0031135082244873047,0.21984601875000004,0.08082574218750027,0.0011458277702331543,20.86250001192093,-19.599916726350784,2.26530122756958,3,0.0
PH20_RAW_01517,S23T;E32I;K131R;H194D;V238L;M311F;M314R;E325K;A372E;D417E,1.4352797142654932,0.0019515514373779296,-0.002908945083618164,0.21337995937499993,0.09699089062499944,0.0011005640029907227,18.000000098347662,-10.163405857980251,4.542176723480225,2,-0.40000000000000036
PH20_RAW_01518,E32V;K131R;H194D;V238L;D321K;E325K;A372T;Q394T;A413E;T418S,1.4346927938943113,0.0029500722885131836,-0.0031399130821228027,0.2004478406249998,0.06466059374999933,0.0010838866233825683,16.824999994039537,-15.390370700508356,1.2328143119812012,3,-5.7
PH20_RAW_01519,E32V;K131R;H194D;V238L;M311I;D321K;A372T;E393Q;V415I;A420T,1.4332619805919242,0.0025396823883056642,-0.005314469337463379,0.2085304148437495,0.05657801953124908,0.0012702226638793945,14.599999946355819,-7.622754991054535,6.126683712005615,3,-0.40000000000000036
PH20_RAW_01520,S23T;E32I;H194D;V238L;M311I;M314R;D321K;Q394T;D417E;D419E,1.432520056179442,0.0026712894439697267,-0.0031135082244873047,0.20368087031249998,0.06466059374999977,0.0008281350135803222,17.275000143051148,-13.903140388429165,4.12520170211792,3,-0.40000000000000036
PH20_RAW_01521,S23T;E32V;K131R;Q144N;H194D;V238L;M311F;D321K;Q350R;A420T,1.432445889067044,0.002197158336639404,-0.002908945083618164,0.2117634445312498,0.09699089062499988,0.0015690207481384277,15.975000071525574,-10.474727876484394,8.66427993774414,3,-0.40000000000000036
PH20_RAW_01522,S23T;E32I;H194D;I310L;D321K;Q350R;A372T;Q394T;V415I;D419E,1.4324023804112882,0.0024916529655456543,-0.003555476665496826,0.20044784062499987,0.08082574218749983,0.0015801787376403809,15.775,-11.179242800921202,6.309953927993774,3,0.0
PH20_RAW_01523,S23T;E32V;K131R;H194D;M311F;M314R;E325K;A372S;A413E;T418S,1.4322686186551012,0.0026106953620910643,-0.002908945083618164,0.20529738515624976,0.07274316796874958,0.0011731743812561034,16.13750015795231,-12.779146302491426,3.1457455158233643,2,-5.3
PH20_RAW_01524,E32I;K131R;Q144N;H194D;M311F;D321K;E325K;A372E;D417E;A420T,1.4317996536595612,0.0024874210357666016,-0.002908945083618164,0.22146253359374962,0.06466059374999933,0.001776266098022461,19.312499982118606,-16.00841911137104,4.343855142593384,3,0.0
PH20_RAW_01525,S23T;E32V;K131R;V238L;M311F;M314R;D321K;A372E;Q394T;D417E,1.4315409101915089,0.003126668930053711,-0.0031135082244873047,0.20853041484374996,0.07274316796874958,0.0011432170867919922,14.950000062584877,-17.146147597581148,4.7015156745910645,3,-0.40000000000000036
PH20_RAW_01526,S23T;E32I;K131R;H194D;M311F;M314R;D321K;Q350R;A413E;T418S,1.4313004126799842,0.002677035331726074,-0.0024933815002441406,0.22792859296874993,0.09699089062499988,0.0009677290916442871,16.91250013113022,-17.30505369231105,4.317314624786377,3,-5.3
PH20_RAW_01527,S23T;E32I;K131R;H194D;M311V;D321K;E325K;A372T;A413E;T418S,1.4310503633102716,0.002867400646209717,-0.0033509135246276855,0.20691389999999982,0.04849544531249972,0.0006112813949584961,16.025,-12.579716879874468,3.222808599472046,3,-5.3
PH20_RAW_01528,S23T;E32I;K131R;H194D;V238L;M311L;M314R;D321K;A372E;D417E,1.4308356854456445,0.00222240686416626,-0.002908945083618164,0.20368087031249998,0.06466059374999977,0.001300179958343506,17.350000083446503,-10.362432289868593,6.192070960998535,2,-0.40000000000000036
PH20_RAW_01529,S23T;E32V;K131R;H194D;V238L;M311F;M314R;Q350R;V415I;A420K,1.430411143317119,0.0025061368942260742,-0.0024933815002441406,0.20529738515624985,0.11315603906249949,0.0016328811645507813,13.962500169873238,-11.02831994369626,5.724447727203369,3,-0.40000000000000036
PH20_RAW_01530,E32I;K131R;H194D;I310L;M314R;D321K;Q350R;A372E;Q394T;V415I,1.4299238441881268,0.002401411533355713,-0.0026979446411132812,0.20853041484374985,0.07274316796874958,0.001732635498046875,18.275000041723253,-14.438713625073433,6.86435079574585,3,0.0
PH20_RAW_01531,E32I;K131R;H194D;V238L;M311I;M314R;D321K;A372T;V415I;D419E,1.4298570073582588,0.002769958972930908,-0.003766477108001709,0.2149964742187498,0.048495445312499275,0.0008027672767639161,15.32500006556511,-11.557568155229092,5.873944044113159,3,-0.40000000000000036
PH20_RAW_01532,S23T;E32I;K131R;H194D;M311I;M314R;D321K;Q350R;A372E;A413E,1.42848372822457,0.0022516608238220214,-0.002908945083618164,0.2069138999999997,0.07274316796874958,0.0008702635765075684,17.700000083446504,-11.724419813603163,4.929446697235107,2,-5.3
PH20_RAW_01533,S23T;E32I;K131R;H194D;D321K;E325K;A372T;A413E;D417E;A420T,1.4283540664711434,0.0023437142372131348,-0.0033509135246276855,0.21661298906249957,0.06466059374999933,0.001423192024230957,16.35,-8.562214773148298,4.272736549377441,3,-5.3
PH20_RAW_01534,S23T;E32I;H194D;M311F;M314R;E325K;A372S;Q394T;V415I;A420S,1.4279661030136803,0.002493155002593994,-0.003529071807861328,0.2166129890625,0.08890831640625008,0.0012941479682922364,16.76250015795231,-13.601998049765825,4.377408504486084,3,0.0
PH20_RAW_01535,S23T;E32I;K131R;H194D;I310L;E325K;A372T;E393Q;V415I;A420T,1.4278087694707282,0.001707601547241211,-0.003766477108001709,0.2036808703124997,0.06466059374999933,0.0016007304191589355,15.012499943375587,1.5463742911815643,7.393999814987183,3,0.0
PH20_RAW_01536,S23T;E32I;Q144N;H194D;M311F;M314R;D321K;Q350R;A413E;T418S,1.4277918146850208,0.0027620911598205565,-0.002908945083618164,0.20853041484375004,0.08082574218750027,0.0007927536964416504,18.800000143051147,-19.85570400953293,4.313587188720703,3,-5.3
PH20_RAW_01537,E32I;K131R;Q144N;H194D;M311F;M314R;E325K;Q350R;A413E;V415I,1.427720456158475,0.0024402379989624024,-0.002908945083618164,0.20529738515624985,0.08890831640624963,0.0011416792869567872,16.837500128149987,-12.552866443991661,4.28325343132019,3,-5.3
PH20_RAW_01538,S23T;E32V;Q144N;H194D;M311F;E325K;A372T;Q394T;V415I;D419E,1.4274163221020904,0.0023271679878234864,-0.00397104024887085,0.2004478406249998,0.08890831640624963,0.001635730266571045,16.962500050663948,-12.251138482242823,3.7208874225616455,2,0.0
PH20_RAW_01539,S23T;E32V;K131R;M311F;M314R;D321K;A372E;Q394T;V415I;A420T,1.4267534455125248,0.002994060516357422,-0.003529071807861328,0.2295451078124997,0.07274316796874958,0.001794278621673584,14.350000062584877,-15.838421527296305,5.847530364990234,3,0.0
PH20_RAW_01540,S23T;E32I;H194D;V238L;M311F;D321K;Q350R;A372E;D417E;A420K,1.4260189355819433,0.0028732776641845702,-0.0024933815002441406,0.20044784062499987,0.10507346484374969,0.0014267206192016602,16.937500023841856,-19.3284858353436,2.6976959705352783,3,-0.40000000000000036
PH20_RAW_01541,S23T;E32I;H194D;M311I;D321K;E325K;A372T;A413E;D417E;A420T,1.4258865357018118,0.0024482131004333494,-0.003766477108001709,0.21984601874999948,0.06466059374999933,0.0009501457214355468,17.012500011920928,-10.49572030454874,2.3780012130737305,3,-5.3
PH20_RAW_01542,S23T;E32V;K131R;H194D;I310L;M314R;D321K;A372S;Q394T;A420T,1.425628821160268,0.0021678447723388673,-0.0031135082244873047,0.21014692968749973,0.04849544531249972,0.001959645748138428,17.087500119209288,-8.500598058104515,9.78011703491211,3,0.0
PH20_RAW_01543,E32V;K131R;H194D;M311L;M314R;D321K;A372T;Q394T;A413E;V415I,1.4251020984967238,0.0026934146881103516,-0.003555476665496826,0.21176344453124968,0.06466059374999933,0.0016976356506347655,16.475000077486037,-14.894070092588663,4.192238092422485,2,-5.3
PH20_RAW_01544,E32V;K131R;Q144N;H194D;V238L;M311F;D321K;Q350R;A372T;A420S,1.4246597242027084,0.0026935696601867675,-0.0033509135246276855,0.20044784062499987,0.08082574218749716,0.0012842178344726562,16.375000005960466,-15.546557821333408,6.775068759918213,3,-0.40000000000000036
PH20_RAW_01545,S23T;E32V;K131R;H194D;V238L;M311I;D321K;Q350R;A372T;A420S,1.4245856156919154,0.0023836731910705567,-0.0033509135246276855,0.20529738515624976,0.08082574218749938,0.0009232401847839355,14.525000023841859,-7.983376484364271,6.545882701873779,3,-0.40000000000000036
PH20_RAW_01546,E32I;K131R;Q144N;H194D;V238L;M311F;M314R;D321K;A372T;A413E,1.4241279380751626,0.0025458574295043946,-0.003766477108001709,0.20368087031249998,0.056578019531249524,0.0007275462150573731,18.20000006556511,-15.765740159898996,6.0933616161346436,2,-5.7
PH20_RAW_01547,E32T;K131R;H194D;V238L;M311F;M314R;E325K;Q394T;D417E;A420T,1.423954003570397,0.00281139612197876,-0.002282381057739258,0.2004478406249998,0.096990890624999,0.0022646188735961914,17.350000116229058,-17.67951463907957,0.4350574016571045,3,-0.40000000000000036
PH20_RAW_01548,S23T;E32I;K131R;H194D;M311F;M314R;D321K;Q350R;Q394T;A413E,1.4236074715470382,0.0023046016693115236,-0.0026979446411132812,0.23116162265624993,0.11315603906249994,0.0011439800262451171,17.66250013113022,-15.988013040274382,5.278993606567383,3,-5.3
PH20_RAW_01549,E32I;K131R;H194D;I310L;M314R;D321K;A372E;Q394T;V415I;A420T,1.4228687243197065,0.002326333522796631,-0.0031135082244873047,0.21014692968749973,0.048495445312499275,0.0021676063537597657,18.275000041723253,-13.110898796468973,7.079718589782715,2,0.0
PH20_RAW_01550,S23T;E32V;K131R;H194D;M314R;E325K;A372T;Q394T;V415I;D419E,1.422832244262663,0.002093219757080078,-0.003555476665496826,0.21337995937499973,0.08082574218749938,0.001633155345916748,16.275000110268593,-7.116400223225355,5.317219972610474,3,0.0
PH20_RAW_01551,S23T;E32V;K131R;H194D;V238L;M314R;E325K;Q394T;V415I;A420T,1.4223877084587113,0.0018834590911865235,-0.0031135082244873047,0.2117634445312498,0.08890831640624963,0.0017176151275634765,15.700000157952308,-4.458320114761591,6.5052783489227295,3,-0.40000000000000036
PH20_RAW_01552,E32T;K131R;H194D;M311F;M314R;E325K;A372T;Q394T;D417E;D419E,1.421586234162328,0.0030211567878723144,-0.0027243494987487793,0.20206435546874973,0.08890831640624874,0.002180159091949463,17.92500006854534,-20.465426802635193,-0.7530009746551514,3,0.0
PH20_RAW_01553,S23T;E32V;K131R;Q144N;H194D;M314R;D321K;A372T;Q394T;A420S,1.4202620899953624,0.002236771583557129,-0.003555476665496826,0.20368087031249998,0.04849544531249972,0.0014620423316955566,18.825000095367432,-11.792882081121206,8.135230302810669,3,0.0
PH20_RAW_01554,S23T;E32V;K131R;M311I;M314R;D321K;Q394T;A413E;V415I;A420T,1.418768438138181,0.003230381011962891,-0.003529071807861328,0.20691389999999962,0.04041287109374947,0.0012583255767822266,11.937500110268592,-10.55752045288682,4.428774118423462,3,-5.3
PH20_RAW_01555,S23T;E32I;K131R;H194D;M311F;M314R;D321K;Q394T;A413E;A420T,1.4176019389283743,0.0022295236587524412,-0.0031135082244873047,0.23277813749999982,0.08890831640624963,0.001578950881958008,17.66250013113022,-14.612489700317383,5.494361400604248,2,-5.3
PH20_RAW_01556,S23T;E32I;K131R;H194D;M311L;M314R;D321K;A372E;E393Q;T418S,1.4172523561856436,0.0022804856300354002,-0.002908945083618164,0.213379959375,0.05657801953124997,0.001191699504852295,18.40000002384186,-11.409922864288092,5.068986415863037,3,0.0
PH20_RAW_01557,S23T;E32V;K131R;Q144N;H194D;M311F;M314R;E325K;A372E;T418S,1.417046734690341,0.0020753622055053713,-0.002908945083618164,0.20853041484374985,0.07274316796874958,0.0013737797737121582,19.512500110268594,-13.03012952208519,4.416891098022461,2,0.0
PH20_RAW_01558,S23T;E32I;K131R;H194D;M311F;M314R;E325K;Q394T;A413E;T418V,1.4156171634444177,0.001904594898223877,-0.0031135082244873047,0.22307904843749987,0.09699089062499944,0.001144254207611084,16.72500014603138,-8.199017010629177,3.9739279747009277,2,-5.3
PH20_RAW_01559,E32V;K131R;Q144N;H194D;V238L;M311F;D321K;Q350R;Q394T;V415I,1.4148672505028033,0.0027076244354248048,-0.0026979446411132812,0.20368087031249987,0.09699089062499988,0.0015500307083129883,15.97500005364418,-16.783185970038176,6.1233439445495605,3,-0.40000000000000036
PH20_RAW_01560,S23T;E32V;K131R;H194D;M311F;E325K;Q350R;Q394T;A413E;A420K,1.4142985938808688,0.002485620975494385,-0.002282381057739258,0.2036808703124997,0.1212386132812493,0.001786351203918457,15.275000086426735,-12.381398152559996,0.9222080707550049,3,-5.3
PH20_RAW_01561,S23T;E32I;H194D;V238L;M311F;D321K;Q350R;A372E;Q394T;V415I,1.4141239203565623,0.00240628719329834,-0.0031135082244873047,0.21176344453124996,0.12123861328125018,0.0013192296028137207,17.037500023841858,-17.70532700791955,4.4409284591674805,2,-0.40000000000000036
PH20_RAW_01562,S23T;E32I;K131R;V238L;M311F;M314R;D321K;A372T;A413E;T418V,1.4132070569736424,0.002978062629699707,-0.004182040691375732,0.21499647421874996,0.056578019531249524,0.0002989411354064941,12.150000050663948,-10.168796293437481,6.145174264907837,3,-5.7
PH20_RAW_01563,E32I;Q144N;H194D;M311F;M314R;D321K;Q350R;A372T;A413E;V415I,1.413160238795547,0.002764904499053955,-0.003766477108001709,0.21337995937499982,0.08082574218749983,0.0009413480758666993,18.42500007748604,-20.45966148376465,5.16219425201416,3,-5.3
PH20_RAW_01564,S23T;E32I;K131R;H194D;M311L;D321K;E325K;A372S;Q394T;A413E,1.4131423806414558,0.002478361129760742,-0.0031135082244873047,0.2069138999999999,0.06466059375000022,0.0012556076049804687,15.675000047683715,-9.234323166310787,3.7170019149780273,3,-5.3
PH20_RAW_01565,S23T;E32I;K131R;Q144N;V238L;M311F;M314R;D321K;A372E;T418V,1.412658276311755,0.0027924299240112303,-0.003740072250366211,0.2020643554687501,0.040412871093749914,0.0005891084671020508,14.487500050663948,-10.799836449325085,7.878114700317383,3,-0.40000000000000036
PH20_RAW_01566,S23T;E32I;H194D;V238L;M311L;M314R;D321K;Q350R;A372E;T418V,1.412611476305535,0.002022194862365723,-0.0033245086669921875,0.21176344453124996,0.08890831640625008,0.0009884953498840332,17.27500009536743,-9.802770275622606,7.042108535766602,3,-0.40000000000000036
PH20_RAW_01567,S23T;E32I;K131R;H194D;M314R;E325K;A372E;Q394T;V415I;D419E,1.410757849160811,0.002067410945892334,-0.0031135082244873047,0.20044784062499987,0.07274316796874958,0.001692521572113037,17.225000098347664,-8.691210608929396,4.181902170181274,2,0.0
PH20_RAW_01568,S23T;E32I;K131R;H194D;M314R;D321K;A372T;A413E;V415I;A420T,1.4100647133086166,0.0022754311561584474,-0.003766477108001709,0.21661298906249965,0.056578019531249524,0.0014883875846862793,15.912500083446503,-9.563970144838095,7.043111324310303,2,-5.3
PH20_RAW_01569,S23T;E32I;H194D;V238L;M311F;D321K;A372E;Q394T;V415I;A420T,1.4099437334925218,0.0023312091827392576,-0.003529071807861328,0.21337995937499982,0.09699089062499988,0.0017542004585266112,17.037500023841858,-16.24683340638876,4.656296253204346,1,-0.40000000000000036
PH20_RAW_01570,E32V;K131R;Q144N;H194D;I310L;M314R;E325K;A372T;V415I;A420T,1.408417303094823,0.0019537806510925293,-0.003766477108001709,0.2004478406249996,0.040412871093749025,0.0018677830696105957,17.30000006854534,-4.987730860710144,8.322582006454468,3,0.0
PH20_RAW_01571,S23T;E32I;K131R;H194D;M314R;D321K;A372S;Q394T;V415I;A420S,1.4081301487192088,0.002678954601287842,-0.0031135082244873047,0.20529738515625,0.04849544531250016,0.0014960527420043944,15.72500013113022,-12.498325306922197,7.468996286392212,3,0.0
PH20_RAW_01572,S23T;E32I;Q144N;H194D;M311F;D321K;A372T;Q394T;V415I;A420S,1.40785751830009,0.0025632023811340333,-0.00397104024887085,0.20853041484375004,0.07274316796875002,0.0014090657234191895,17.45000002384186,-16.806806854903698,5.410868883132935,2,0.0
PH20_RAW_01573,S23T;E32I;K131R;Q144N;H194D;M311L;D321K;E325K;A372E;T418S,1.4078375322005108,0.0023154616355895996,-0.002908945083618164,0.20691389999999998,0.04849544531250016,0.0012799620628356934,18.3,-10.701251838356256,4.026468515396118,3,0.0
PH20_RAW_01574,E32V;K131R;H194D;V238L;M311F;M314R;A372T;E393Q;V415I;A420K,1.4067389567613195,0.0026245594024658205,-0.0033509135246276855,0.2004478406249998,0.08082574218749894,0.001456904411315918,15.237500044703484,-12.350116789340973,4.519323348999023,3,-0.40000000000000036
PH20_RAW_01575,E32I;K131R;H194D;M311F;M314R;D321K;A372S;Q394T;V415I;A420S,1.406261841856379,0.0030082941055297853,-0.0031135082244873047,0.22307904843749995,0.06466059374999977,0.0015589594841003418,16.350000113248825,-19.579974703490734,5.807174444198608,3,0.0
PH20_RAW_01576,S23T;E32I;K131R;H194D;V238L;M314R;D321K;A372T;D417E;D419E,1.4060872712243953,0.002408039569854736,-0.0033509135246276855,0.20529738515624993,0.056578019531249524,0.0010353684425354003,16.287500083446503,-10.383007485419512,7.010150909423828,3,-0.40000000000000036
PH20_RAW_01577,S23T;E32I;H194D;M311F;M314R;N322K;E393K;A413E;D417E;A420T,1.4058940215546694,0.0025118112564086912,-0.0033245086669921875,0.20044784062499987,0.11315603906249949,0.001744246482849121,16.850000086426736,-16.069729551672935,2.9981601238250732,3,-5.699999999999999
PH20_RAW_01578,E32I;K131R;H194D;V238L;M311F;D321K;Q350R;Q394T;A413E;V415I,1.4056134487402216,0.0028674483299255373,-0.0026979446411132812,0.20368087031249987,0.10507346484374969,0.0013192296028137207,14.587500041723251,-17.623691987246275,3.2550857067108154,2,-5.7
PH20_RAW_01579,S23T;E32I;K131R;H194D;V238L;M314R;E325K;A372E;E393Q;A420T,1.4055327532852495,0.0015406847000122071,-0.0033245086669921875,0.20044784062499987,0.07274316796874958,0.0011850237846374513,17.92500003874302,-2.635290078818798,6.490404367446899,3,-0.40000000000000036
PH20_RAW_01580,S23T;E32I;K131R;H194D;V238L;I310L;M314R;D321K;A372T;Q394T,1.4048428088124674,0.0018517136573791503,-0.003555476665496826,0.2133799593750001,0.06466059374999977,0.0009907841682434081,17.725000059604646,-7.349656943231821,8.902365446090698,3,-0.40000000000000036
PH20_RAW_01581,S23T;E32V;Q144N;H194D;V238L;M311F;D321K;A372T;Q394T;A420K,1.404013142344317,0.002608954906463623,-0.003555476665496826,0.20044784062499996,0.08082574218749983,0.0013724923133850097,17.850000035762786,-16.9767612144351,4.468818187713623,3,-0.40000000000000036
PH20_RAW_01582,E32I;K131R;H194D;D321K;E325K;Q350R;A372E;Q394T;A413E;T418V,1.4037444199819122,0.0024506211280822753,-0.0026979446411132812,0.20529738515624968,0.08082574218749938,0.0013824105262756348,17.399999982118608,-13.330059461295605,2.5782766342163086,3,-5.3
PH20_RAW_01583,S23T;E32V;K131R;H194D;V238L;M311I;E325K;A372T;E393Q;T418V,1.4033987844378928,0.001680755615234375,-0.0046141743659973145,0.20206435546874965,0.07274316796874913,0.00059736967086792,14.462499979138375,2.029400482773781,5.709536075592041,3,-0.40000000000000036
PH20_RAW_01584,S23T;E32I;K131R;H194D;M311V;M314R;E325K;Q394T;V415I;D419E,1.4033033383797997,0.002378594875335693,-0.0031135082244873047,0.20206435546874993,0.06466059374999977,0.0012488126754760741,15.35000014603138,-8.284811612218618,5.327161550521851,3,0.0
PH20_RAW_01585,S23T;E32I;K131R;M311F;M314R;E325K;Q350R;A372E;A413E;V415I,1.4031784493305839,0.0028306007385253905,-0.0033245086669921875,0.20529738515624985,0.08890831640624963,0.0008880496025085449,12.937500065565109,-11.22431654855609,2.8714499473571777,3,-5.3
PH20_RAW_01586,S23T;E32I;K131R;Q144N;H194D;I310L;M314R;D321K;A372T;D417E,1.4030175027862997,0.0020357728004455566,-0.0033509135246276855,0.20044784062499996,0.032330296874999664,0.0011904001235961913,18.562500059604645,-8.385519187897444,9.567701578140259,3,0.0
PH20_RAW_01587,S23T;E32V;K131R;H194D;M311L;M314R;D321K;A372S;Q394T;D419E,1.4024037056403496,0.0025091171264648438,-0.0031135082244873047,0.20853041484374985,0.05657801953124997,0.0017470836639404297,16.01250014305115,-11.579854093492031,6.870373010635376,3,0.0
PH20_RAW_01588,E32T;K131R;H194D;V238L;M311F;M314R;E325K;A372T;Q394T;T418V,1.4017565810090582,0.0025345563888549806,-0.0031399130821228027,0.20853041484374985,0.08890831640624741,0.0016318798065185548,17.17500006854534,-14.622760593891144,1.655379056930542,3,-0.40000000000000036
PH20_RAW_01589,S23T;E32I;K131R;H194D;M311F;M314R;E325K;A372E;Q394T;A413E,1.401166665312041,0.0018627524375915527,-0.0031135082244873047,0.21176344453124987,0.09699089062499944,0.0013192296028137207,18.875000098347662,-12.50510972738266,2.5103118419647217,1,-5.3
PH20_RAW_01590,S23T;E32I;H194D;V238L;I310L;M314R;D321K;A372T;Q394T;D417E,1.400371164842226,0.002128291130065918,-0.003555476665496826,0.20368087031250007,0.06466059374999977,0.0009884953498840332,18.550000071525574,-11.625139031559229,7.04055118560791,3,-0.40000000000000036
PH20_RAW_01591,E32I;K131R;H194D;V238L;M311L;M314R;D321K;Q350R;A413E;T418V,1.4001337753228917,0.00248335599899292,-0.002908945083618164,0.20368087031249987,0.07274316796874958,0.0009884953498840332,14.825000113248825,-9.901463862508535,5.8562657833099365,3,-5.7
PH20_RAW_01592,S23T;E32V;K131R;H194D;M311F;D321K;A372S;Q394T;D417E;D419E,1.3991662762232198,0.0028495311737060545,-0.0026979446411132812,0.2036808703124997,0.07274316796874958,0.0019246339797973633,15.250000071525573,-16.74884021282196,4.857647180557251,2,0.0
PH20_RAW_01593,E32V;K131R;H194D;M311F;M314R;N322K;A372E;Q394T;V415I;D419E,1.3989068430264193,0.002656412124633789,-0.0031135082244873047,0.2004478406249998,0.08890831640624919,0.0024838328361511232,16.72500006854534,-18.70269914343953,2.881618022918701,1,-0.3999999999999999
PH20_RAW_01594,S23T;E32V;H194D;V238L;M311F;D321K;A372T;Q394T;D417E;A420K,1.398064349746953,0.002800476551055908,-0.0031399130821228027,0.21014692968749982,0.09699089062499944,0.0015451788902282714,16.787500035762786,-18.928217831999063,2.610731363296509,3,-0.40000000000000036
PH20_RAW_01595,S23T;E32V;K131R;H194D;V238L;M311F;D321K;A372S;Q394T;T418V,1.3979603922941202,0.002362930774688721,-0.0031135082244873047,0.21014692968749982,0.08082574218749983,0.0013763546943664552,14.500000071525573,-10.794418513774872,7.266027212142944,2,-0.40000000000000036
PH20_RAW_01596,S23T;E32V;K131R;H194D;V238L;M314R;D321K;A372E;Q394T;T418S,1.3970537424643843,0.00235368013381958,-0.0026979446411132812,0.20044784062499996,0.06466059374999977,0.0013737797737121582,18.46250009536743,-15.052926622331142,4.98132848739624,2,-0.40000000000000036
PH20_RAW_01597,S23T;E32V;K131R;Q144N;H194D;M311F;M314R;D321K;Q394T;T418S,1.395967941759584,0.0024186015129089356,-0.0026979446411132812,0.22469556328125,0.07274316796875002,0.0013763546943664552,19.100000143051147,-17.846239682286978,5.963290452957153,3,0.0
PH20_RAW_01598,S23T;E32V;K131R;H194D;V238L;M311F;E325K;A372T;V415I;A420T,1.3957108478350813,0.0018736004829406738,-0.003766477108001709,0.2230790484374996,0.10507346484374924,0.0016293525695800781,14.175000038743018,-5.722563445568085,5.9028871059417725,2,-0.40000000000000036
PH20_RAW_01599,S23T;E32V;K131R;H194D;M311L;M314R;D321K;A372T;Q394T;V415I,1.3950967056400865,0.0020920753479003905,-0.003555476665496826,0.23277813749999982,0.08082574218749983,0.0016347289085388184,16.60000009536743,-10.439164370298386,7.03575325012207,3,0.0
PH20_RAW_01600,S23T;E32V;H194D;M311L;M314R;D321K;A372T;Q394T;A413E;D417E,1.3949826296835102,0.0024359941482543944,-0.003555476665496826,0.20529738515624976,0.07274316796874958,0.0014571905136108398,18.10000010728836,-15.829478677362204,3.4337096214294434,2,-5.3
PH20_RAW_01601,S23T;E32V;Q144N;H194D;M311F;M314R;E325K;A372T;Q394T;D419E,1.3944316216843191,0.0019736170768737795,-0.00397104024887085,0.21499647421874987,0.08890831640624963,0.0012829303741455078,19.58750012218952,-13.28934883698821,4.754956483840942,3,0.0
PH20_RAW_01602,S23T;E32V;H194D;V238L;M311I;M314R;D321K;A372E;Q394T;T418S,1.393428777708389,0.002458178997039795,-0.0031135082244873047,0.20368087031249987,0.06466059374999977,0.000900733470916748,19.12500010728836,-17.03904278948903,3.0865931510925293,2,-0.40000000000000036
PH20_RAW_01603,E32V;Q144N;H194D;M311F;M314R;E325K;Q350R;A372E;V415I;A420T,1.3931252194434678,0.0021548032760620116,-0.0033245086669921875,0.21337995937499957,0.09699089062499944,0.001843428611755371,19.23750010430813,-15.999270133674145,4.895214080810547,3,0.0
PH20_RAW_01604,S23T;E32V;K131R;Q144N;H194D;M311F;M314R;A372T;E393K;V415I,1.3930953736959253,0.0020177721977233886,-0.003766477108001709,0.20529738515624985,0.09699089062499944,0.0013722062110900878,16.950000074505805,-10.992166370153427,7.925506353378296,3,0.0
PH20_RAW_01605,S23T;E32I;Q144N;H194D;M311L;D321K;E325K;A372E;Q394T;D417E,1.3911352462058286,0.0022196054458618166,-0.0031135082244873047,0.20044784062499996,0.06466059375000022,0.0014539241790771484,19.87500001192093,-13.865952406078577,3.126333236694336,3,0.0
PH20_RAW_01606,S23T;E32V;K131R;Q144N;H194D;M311F;M314R;E325K;A372T;T418V,1.3909292669314275,0.0015860199928283691,-0.003766477108001709,0.22792859296874973,0.08082574218749938,0.0011092424392700195,17.787500110268592,-6.001037374138832,7.83240008354187,3,0.0
PH20_RAW_01607,S23T;E32I;K131R;H194D;M311L;M314R;E325K;Q394T;A413E;V415I,1.3906344243112965,0.0020122885704040526,-0.0031135082244873047,0.20529738515624993,0.08082574218749983,0.001429283618927002,15.51250014603138,-6.208075616508722,3.2848267555236816,2,-5.3
PH20_RAW_01608,E32I;K131R;H194D;V238L;M311I;M314R;D321K;Q350R;A413E;T418V,1.3900065959954415,0.0025027990341186523,-0.002908945083618164,0.20529738515624976,0.06466059374999933,0.0005177378654479981,15.100000113248825,-10.180803086608648,5.403223991394043,3,-5.7
PH20_RAW_01609,E32I;K131R;H194D;V238L;M311L;D321K;E325K;A372T;A413E;A420T,1.389469911445921,0.002361488342285156,-0.003766477108001709,0.2149964742187497,0.06466059374999933,0.0012456417083740235,15.462499982118606,-8.61645758152008,3.7030184268951416,3,-5.7
PH20_RAW_01610,E32V;K131R;V238L;M311F;M314R;E325K;Q394T;A413E;V415I;A420T,1.3884110877604463,0.003149378299713135,-0.003529071807861328,0.20206435546874973,0.07274316796874913,0.001351916790008545,11.86250010728836,-12.478036612272263,2.2420828342437744,3,-5.7
PH20_RAW_01611,S23T;E32I;Q144N;H194D;M311F;M314R;E325K;A372E;Q394T;V415I,1.3881184769702677,0.0018804669380187988,-0.003529071807861328,0.21014692968749998,0.08890831640625008,0.0013195037841796874,20.087500110268593,-14.176474295556545,4.246813774108887,2,0.0
PH20_RAW_01612,E32V;K131R;Q144N;M311F;M314R;D321K;A372T;A413E;V415I;A420T,1.3873317560996943,0.003381526470184326,-0.004182040691375732,0.20691389999999962,0.03233029687499922,0.0013534903526306152,13.462500044703484,-16.652732364833355,5.648174047470093,3,-5.3
PH20_RAW_01613,S23T;E32V;V238L;M311L;M314R;D321K;A372E;Q394T;V415I;A420T,1.3870481336891864,0.0029590725898742676,-0.0039446353912353516,0.20044784062499987,0.05657801953124997,0.0015515327453613282,13.662500074505806,-13.005488831549883,5.07781982421875,3,-0.40000000000000036
PH20_RAW_01614,S23T;E32I;K131R;Q144N;H194D;M311I;M314R;D321K;Q350R;A413E,1.3870098999023648,0.0021965384483337404,-0.002908945083618164,0.20044784062499987,0.05657801953124997,0.0006323814392089844,17.262500131130217,-9.713500563055277,6.5833916664123535,3,-5.3
PH20_RAW_01615,S23T;E32V;K131R;H194D;V238L;M311F;M314R;E393K;D417E;A420T,1.3863743171312357,0.0020668745040893556,-0.002908945083618164,0.20529738515624976,0.11315603906249905,0.0016521453857421876,15.762500122189522,-10.726249523460865,6.628302812576294,3,-0.40000000000000036
PH20_RAW_01616,E32V;K131R;Q144N;H194D;V238L;M311F;M314R;E325K;Q350R;A372E,1.3860687339554971,0.002010834217071533,-0.002908945083618164,0.20206435546874985,0.08890831640624741,0.0011946558952331543,19.0125000923872,-13.038352556526661,5.611013650894165,3,-0.40000000000000036
PH20_RAW_01617,S23T;E32V;K131R;Q144N;H194D;M311I;M314R;D321K;D417E;A420T,1.3859701432888996,0.002153158187866211,-0.003078639507293701,0.2117634445312496,0.04041287109374947,0.0014708399772644042,17.587500143051148,-9.37343842163682,7.80893087387085,3,0.0
PH20_RAW_01618,S23T;E32V;K131R;Q144N;H194D;I310L;M314R;E325K;A372T;A420T,1.3859593729280597,0.0014197826385498047,-0.003766477108001709,0.2036808703124997,0.048495445312499275,0.0016296267509460448,18.100000086426736,-1.502662144601345,9.425867795944214,3,0.0
PH20_RAW_01619,S23T;E32V;K131R;H194D;V238L;I310L;D321K;Q350R;A372T;Q394T,1.38591505564495,0.0019220709800720215,-0.0031399130821228027,0.20044784062499987,0.08890831640624963,0.0013722062110900878,15.85,-7.2191402316093445,8.182332277297974,3,-0.40000000000000036
PH20_RAW_01620,S23T;E32I;K131R;H194D;V238L;M311F;E325K;A372E;V415I;A420T,1.3839735675441727,0.0018477916717529296,-0.0033245086669921875,0.21014692968749973,0.09699089062499944,0.0016887187957763672,15.12500002682209,-7.282050430774689,4.767569303512573,1,-0.40000000000000036
PH20_RAW_01621,E32V;K131R;H194D;M311L;M314R;D321K;Q350R;A372E;V415I;A420T,1.3833561280160125,0.0023406028747558595,-0.002908945083618164,0.2230790484374995,0.08082574218749938,0.002218019962310791,16.700000077486038,-14.049176275730133,6.548835754394531,3,0.0
PH20_RAW_01622,S23T;E32V;K131R;H194D;M314R;D321K;Q350R;Q394T;A413E;A420T,1.3832693086649455,0.0021509885787963866,-0.0026979446411132812,0.21337995937499965,0.08890831640624963,0.0017828226089477539,16.987500143051147,-12.230257831513882,6.366933345794678,3,-5.3
PH20_RAW_01623,S23T;E32V;K131R;Q144N;H194D;M314R;D321K;A372T;Q394T;V415I,1.3830059186607502,0.0020920753479003905,-0.003555476665496826,0.21176344453124987,0.05657801953124997,0.0014620423316955566,18.10000009536743,-11.377582035958767,8.473719358444214,3,0.0
PH20_RAW_01624,S23T;E32V;K131R;Q144N;M311F;D321K;A372T;Q394T;V415I;A420S,1.3827014392937629,0.003254902362823486,-0.00397104024887085,0.20044784062499996,0.04849544531249972,0.0013862371444702149,12.487499991059304,-14.617816027253866,5.681480884552002,3,0.0
PH20_RAW_01625,S23T;E32V;K131R;H194D;V238L;M311I;D321K;A372T;Q394T;A420S,1.3823565398167954,0.0022850632667541504,-0.003555476665496826,0.20206435546874985,0.06466059374999933,0.001101064682006836,15.325000023841858,-9.257923182100058,5.3236002922058105,2,-0.40000000000000036
PH20_RAW_01626,S23T;E32V;K131R;H194D;M314R;E325K;Q350R;Q394T;A413E;T418V,1.381841676630772,0.0018260598182678223,-0.0026979446411132812,0.2036808703124997,0.09699089062499944,0.00134812593460083,16.050000157952308,-5.7914604395627975,4.846499919891357,3,-5.3
PH20_RAW_01627,S23T;E32V;Q144N;H194D;M311I;M314R;D321K;A372T;Q394T;V415I,1.3815624126163788,0.0021965742111206056,-0.00397104024887085,0.2149964742187498,0.05657801953124997,0.0009889960289001464,18.76250010728836,-13.264540988951921,6.578984022140503,3,0.0
PH20_RAW_01628,S23T;E32V;K131R;H194D;I310L;D321K;Q350R;A372E;Q394T;A420T,1.3812528313964207,0.0018626928329467773,-0.0026979446411132812,0.2004478406249996,0.08082574218749938,0.0023108720779418945,17.2,-9.505777440965176,7.462971210479736,2,0.0
PH20_RAW_01629,S23T;E32I;H194D;M311F;M314R;E325K;A372E;Q394T;D417E;D419E,1.381055660080303,0.0021393299102783203,-0.0031135082244873047,0.21176344453124987,0.09699089062499944,0.0015149831771850586,19.475000110268592,-16.604378290474415,1.761551856994629,2,0.0
PH20_RAW_01630,E32V;K131R;Q144N;H194D;M311F;M314R;E325K;Q394T;D417E;D419E,1.380948655343807,0.002440667152404785,-0.0026979446411132812,0.2036808703124998,0.07274316796874913,0.0017457842826843263,18.412500140070915,-15.720888838171959,3.443967342376709,3,0.0
PH20_RAW_01631,E32V;Q144N;H194D;M311F;M314R;D321K;Q350R;Q394T;A413E;A420T,1.380791740145196,0.0025653839111328125,-0.0031135082244873047,0.21176344453124968,0.08890831640624963,0.0016707539558410644,19.500000137090684,-21.730769529938698,4.7013840675354,3,-5.3
PH20_RAW_01632,S23T;E32I;K131R;H194D;V238L;M314R;D321K;A372E;Q394T;A420K,1.3795274804343791,0.0023491978645324707,-0.0026979446411132812,0.20044784062500004,0.06466059374999977,0.001429283618927002,18.112500083446502,-13.772614657878876,4.929832935333252,3,-0.40000000000000036
PH20_RAW_01633,E32V;Q144N;H194D;V238L;M311F;M314R;D321K;A372S;Q394T;T418V,1.3792008454955218,0.002628433704376221,-0.003529071807861328,0.20206435546874993,0.05657801953124997,0.0010867357254028321,18.212500137090682,-18.083083290606737,7.193083047866821,3,-0.40000000000000036
PH20_RAW_01634,S23T;E32V;K131R;Q144N;H194D;M311F;M314R;N322K;Q350R;V415I,1.3774371732191184,0.002098560333251953,-0.002908945083618164,0.20853041484374996,0.10507346484375013,0.0018071770668029786,15.837500134110451,-11.495763078331947,7.488306283950806,3,-0.3999999999999999
PH20_RAW_01635,S23T;E32V;Q144N;H194D;V238L;M311I;M314R;D321K;Q394T;A420T,1.3771806582544612,0.002054154872894287,-0.003529071807861328,0.20529738515624985,0.05657801953124997,0.0010962486267089844,18.637500154972077,-11.211235269904137,7.139867305755615,3,-0.40000000000000036
PH20_RAW_01636,S23T;E32I;K131R;H194D;V238L;M311V;M314R;D321K;Q350R;A372E,1.376515873056135,0.0022064805030822753,-0.002908945083618164,0.20044784062499996,0.07274316796875002,0.000722050666809082,17.162500083446503,-12.345158860087395,8.165445327758789,3,-0.40000000000000036
PH20_RAW_01637,E32V;Q144N;H194D;M311F;M314R;E325K;Q350R;Q394T;A413E;T418V,1.3764058182493393,0.002240455150604248,-0.0031135082244873047,0.20206435546874973,0.09699089062499722,0.0012360572814941405,18.562500151991845,-15.426439858973026,3.18095064163208,3,-5.3
PH20_RAW_01638,E32I;K131R;Q144N;H194D;I310L;M314R;D321K;Q394T;V415I;A420T,1.3762588662771955,0.0022712111473083495,-0.0031135082244873047,0.20368087031249987,0.032330296874999664,0.0019297242164611817,17.837500089406966,-11.33343544229865,8.733663558959961,3,0.0
PH20_RAW_01639,S23T;E32I;H194D;V238L;M311L;M314R;D321K;Q394T;A413E;A420T,1.3755106681950473,0.002194535732269287,-0.003529071807861328,0.20368087031249998,0.07274316796875002,0.001336205005645752,16.975000143051147,-11.888009682297707,4.724650859832764,2,-5.7
PH20_RAW_01640,S23T;E32I;H194D;V238L;M311F;M314R;E325K;A372E;Q394T;T418V,1.375064420106434,0.0016527295112609864,-0.003529071807861328,0.21822950390624998,0.10507346484374969,0.0009667038917541504,18.725000110268592,-10.867472775280476,4.169931888580322,2,-0.40000000000000036
PH20_RAW_01641,S23T;E32I;K131R;H194D;V238L;M314R;E325K;A372E;V415I;A420T,1.3747698699526563,0.0016988992691040039,-0.0033245086669921875,0.2036808703124998,0.07274316796874958,0.0015111684799194336,16.325000098347665,-4.748463477939367,6.3601744174957275,2,-0.40000000000000036
PH20_RAW_01642,S23T;E32I;K131R;H194D;M311F;M314R;N322K;E393Q;V415I;A420T,1.374709553435442,0.0019577503204345702,-0.0033245086669921875,0.2246955632812499,0.09699089062499988,0.0018604516983032227,15.375000062584878,-8.363358352333307,6.7058751583099365,3,-0.3999999999999999
PH20_RAW_01643,S23T;E32T;K131R;H194D;M311F;M314R;N322K;A372T;Q394T;V415I,1.3734242675092598,0.002580440044403076,-0.0031399130821228027,0.20368087031249998,0.10507346484374969,0.0024193763732910157,16.150000062584876,-17.62491177022457,2.0690555572509766,2,-0.3999999999999999
PH20_RAW_01644,S23T;E32I;H194D;V238L;M311I;M314R;D321K;Q350R;Q394T;A413E,1.3718443292083529,0.0022890567779541016,-0.0031135082244873047,0.20368087031249998,0.08890831640625008,0.00043047666549682616,17.250000143051146,-13.522176440805197,4.056241273880005,3,-5.7
PH20_RAW_01645,S23T;E32I;K131R;Q144N;H194D;M311F;E325K;A372T;E393Q;V415I,1.3717652165122742,0.00177687406539917,-0.003766477108001709,0.2101469296874999,0.08082574218749983,0.0010174393653869628,16.412499967217446,-5.478498063981533,5.990860939025879,3,0.0
PH20_RAW_01646,S23T;E32I;H194D;M311I;M314R;D321K;A372T;Q394T;A413E;V415I,1.3705833961340255,0.002356398105621338,-0.00397104024887085,0.2149964742187498,0.06466059374999977,0.0007581949234008789,17.375000095367433,-14.183465857058764,3.710725784301758,2,-5.3
PH20_RAW_01647,S23T;E32V;Q144N;H194D;M311F;M314R;E325K;Q350R;A372E;A420T,1.370190793533906,0.001620805263519287,-0.0033245086669921875,0.21661298906249965,0.10507346484374969,0.0016052722930908203,20.03750012218952,-12.535860314965248,5.998499870300293,3,0.0
PH20_RAW_01648,S23T;E32I;H194D;V238L;M314R;E325K;A372T;Q394T;V415I;A420S,1.3701346731355781,0.0020234107971191405,-0.00397104024887085,0.2020643554687501,0.08082574218749983,0.0009641289710998535,16.725000110268592,-8.543631482869387,4.587596654891968,3,-0.40000000000000036
PH20_RAW_01649,S23T;E32I;H194D;V238L;M311L;M314R;D321K;A372E;Q394T;T418V,1.3690219453942516,0.0019235849380493165,-0.003529071807861328,0.20853041484375004,0.07274316796875002,0.0011663198471069335,18.075000095367432,-11.139155838638544,5.819826126098633,2,-0.40000000000000036
PH20_RAW_01650,S23T;E32I;K131R;H194D;V238L;M311F;D321K;Q350R;Q394T;D419E,1.368542306346462,0.0023334503173828127,-0.0026979446411132812,0.2166129890625,0.11315603906249994,0.0012791156768798828,15.162500059604644,-13.91576660797,5.471425771713257,3,-0.40000000000000036
PH20_RAW_01651,E32V;Q144N;H194D;V238L;M311F;M314R;D321K;A372T;Q394T;T418V,1.367969606206321,0.002278733253479004,-0.00397104024887085,0.2182295039062499,0.07274316796874958,0.00099717378616333,19.250000089406967,-17.546577990055084,6.731288194656372,3,-0.40000000000000036
PH20_RAW_01652,E32I;Q144N;H194D;V238L;M311F;M314R;D321K;Q394T;A413E;A420T,1.367485405567786,0.0025238752365112304,-0.003529071807861328,0.20044784062499996,0.06466059374999977,0.0012264251708984375,19.100000125169753,-19.638357143849134,4.500795125961304,2,-5.7
PH20_RAW_01653,S23T;E32I;K131R;H194D;M314R;D321K;A372T;Q394T;A413E;D419E,1.3672768493575822,0.0023192405700683595,-0.003555476665496826,0.20368087031249987,0.056578019531249524,0.0012540340423583985,17.162500083446503,-12.93822830542922,4.978286027908325,2,-5.3
PH20_RAW_01654,S23T;E32I;K131R;Q144N;H194D;V238L;M311F;D321K;Q350R;T418V,1.3662922328767897,0.0020309090614318848,-0.002908945083618164,0.21014692968749998,0.08890831640625008,0.0009304523468017578,15.250000059604645,-8.961701858788729,8.54514193534851,3,-0.40000000000000036
PH20_RAW_01655,E32V;K131R;Q144N;H194D;I310L;M314R;D321K;A372T;D417E;A420T,1.3659952688526107,0.0022114992141723635,-0.0033509135246276855,0.2004478406249996,0.02424772265624897,0.0018921494483947754,18.51250005364418,-11.473766293376684,8.99381947517395,3,0.0
PH20_RAW_01656,E32I;K131R;Q144N;H194D;M311F;M314R;D321K;A372T;A413E;T418V,1.365202894035762,0.002346038818359375,-0.003766477108001709,0.2149964742187498,0.048495445312499275,0.0009682774543762207,17.87500006556511,-14.97288454324007,6.390180349349976,2,-5.3
PH20_RAW_01657,S23T;E32I;K131R;Q144N;H194D;M311V;M314R;D321K;Q394T;V415I,1.3634721530919893,0.002377450466156006,-0.0031135082244873047,0.20044784062500004,0.04041287109375036,0.0010776996612548828,17.17500013113022,-12.546214319765568,8.48366093635559,3,0.0
PH20_RAW_01658,E32I;K131R;H194D;V238L;M311L;M314R;E325K;Q394T;V415I;A420S,1.3629964745507825,0.0022989392280578615,-0.0031135082244873047,0.2020643554687501,0.07274316796874958,0.0014269828796386718,15.112500128149986,-8.616879556328058,3.696728229522705,3,-0.40000000000000036
PH20_RAW_01659,S23T;E32V;H194D;M311F;E325K;A372T;Q394T;A413E;V415I;A420T,1.362247823250163,0.0020613789558410643,-0.00397104024887085,0.2117634445312495,0.10507346484374924,0.0018457293510437012,15.875000050663948,-12.106946296989918,2.0092079639434814,1,-5.3
PH20_RAW_01660,S23T;E32I;K131R;H194D;V238L;M314R;D321K;A372E;Q394T;T418V,1.3617046384975857,0.001838529109954834,-0.0031135082244873047,0.20691389999999998,0.06466059374999977,0.0011686086654663086,17.6875000834465,-9.469428546726704,7.26151967048645,2,-0.40000000000000036
PH20_RAW_01661,S23T;E32V;K131R;M311F;M314R;E325K;A372T;Q394T;A413E;D419E,1.3609219603558713,0.002825140953063965,-0.00397104024887085,0.20691389999999982,0.07274316796874913,0.0010293006896972656,13.237500077486038,-11.899944961071014,2.1573102474212646,3,-5.3
PH20_RAW_01662,S23T;E32V;K131R;H194D;M311L;M314R;E325K;A372T;D417E;D419E,1.3607921460146195,0.0019525766372680664,-0.0033509135246276855,0.21176344453124968,0.07274316796874913,0.0015897512435913085,15.962500110268593,-6.3512529246509075,4.658036947250366,3,0.0
PH20_RAW_01663,E32I;K131R;H194D;V238L;M314R;D321K;A372T;A413E;V415I;A420T,1.3607375751861106,0.002484726905822754,-0.003766477108001709,0.2036808703124997,0.048495445312499275,0.0013108372688293457,15.46250006556511,-12.162787396460772,6.053272485733032,2,-5.7
PH20_RAW_01664,S23T;E32V;Q144N;H194D;M311L;M314R;D321K;Q350R;A372E;A420T,1.3604183590953896,0.0018916606903076171,-0.0033245086669921875,0.2069138999999997,0.07274316796875002,0.0018048882484436035,19.38750010728836,-12.977087002247572,7.6483941078186035,3,0.0
PH20_RAW_01665,S23T;E32V;K131R;H194D;M314R;E325K;Q350R;A372E;Q394T;V415I,1.3582782124496808,0.0017168760299682618,-0.0026979446411132812,0.21014692968749973,0.10507346484374969,0.0016983509063720702,17.525000110268593,-9.198875393718481,5.12311315536499,3,0.0
PH20_RAW_01666,S23T;E32V;H194D;M314R;E325K;Q350R;A372T;Q394T;A413E;V415I,1.3575936879899873,0.001987564563751221,-0.003555476665496826,0.2036808703124997,0.10507346484374969,0.001233208179473877,17.075000122189522,-11.015063151717186,3.3864452838897705,3,-5.3
PH20_RAW_01667,S23T;E32I;K131R;I310L;M314R;D321K;A372E;Q394T;V415I;A420T,1.356020233262934,0.002661573886871338,-0.003529071807861328,0.20368087031249987,0.032330296874999664,0.0016760945320129395,13.93750002682209,-9.809277646243572,7.321860074996948,3,0.0
PH20_RAW_01668,S23T;E32I;K131R;M311F;M314R;D321K;A372S;A413E;V415I;A420T,1.3555359627684256,0.0032897114753723143,-0.003740072250366211,0.2117634445312498,0.040412871093749914,0.0011493444442749023,11.162500098347664,-13.746103323996067,6.085225820541382,3,-5.3
PH20_RAW_01669,S23T;E32I;K131R;H194D;M311F;M314R;D321K;A372T;A413E;T418S,1.3553812407021442,0.0024196743965148927,-0.0033509135246276855,0.22954510781249987,0.07274316796874958,0.0008797407150268555,17.387500083446504,-17.210690308362246,4.0852460861206055,2,-5.3
PH20_RAW_01670,S23T;E32V;H194D;M311I;M314R;E325K;Q350R;A372E;Q394T;V415I,1.3553154369389098,0.0018213748931884765,-0.0031135082244873047,0.21337995937499965,0.10507346484374969,0.0012253046035766602,18.187500122189523,-11.154892049729824,3.2283778190612793,3,0.0
PH20_RAW_01671,E32I;K131R;Q144N;H194D;M311F;M314R;D321K;Q394T;D417E;A420S,1.3549952707007422,0.002676701545715332,-0.0026979446411132812,0.21176344453125004,0.056578019531249524,0.0015191197395324706,18.900000113248826,-20.567219976335764,5.133948802947998,3,0.0
PH20_RAW_01672,S23T;E32I;K131R;Q144N;H194D;I310L;M314R;D321K;Q394T;A420T,1.3547734843568155,0.001737213134765625,-0.0031135082244873047,0.20691389999999998,0.040412871093749914,0.0016915678977966308,18.63750010728836,-7.804159987717867,9.836949348449707,3,0.0
PH20_RAW_01673,E32V;Q144N;H194D;M311F;M314R;E325K;Q350R;A372E;Q394T;V415I,1.3544944794268339,0.0021312713623046877,-0.0031135082244873047,0.20853041484374976,0.10507346484374969,0.001586282253265381,20.03750010430813,-18.758758205920458,3.457563877105713,3,0.0
PH20_RAW_01674,S23T;E32V;K131R;Q144N;H194D;M314R;D321K;Q350R;A372E;A420T,1.3540222341159145,0.0018066048622131347,-0.002908945083618164,0.20529738515624968,0.06466059374999977,0.0018071770668029786,19.000000095367433,-11.265487805008888,9.090087652206421,3,0.0
PH20_RAW_01675,S23T;E32I;K131R;H194D;I310L;M314R;D321K;Q394T;D417E;A420T,1.3538686156142794,0.0019287347793579101,-0.0026979446411132812,0.21661298906249984,0.056578019531249524,0.0018642544746398926,17.57500010728836,-9.52634733915329,7.978862524032593,3,0.0
PH20_RAW_01676,S23T;E32V;K131R;H194D;M311L;E325K;Q350R;Q394T;V415I;D419E,1.3532244447728388,0.002082645893096924,-0.0026979446411132812,0.20206435546874973,0.10507346484374969,0.0020087480545043944,13.412500086426736,-6.030566520988941,3.6778478622436523,3,0.0
PH20_RAW_01677,S23T;E32V;K131R;H194D;M311V;M314R;D321K;Q350R;A372E;Q394T,1.3520526606814594,0.002149379253387451,-0.0026979446411132812,0.20853041484374976,0.08082574218749983,0.0013442039489746094,18.36250009536743,-15.509412083774805,7.143751859664917,3,0.0
PH20_RAW_01678,E32I;K131R;H194D;I310L;M314R;E325K;A372T;Q394T;V415I;D419E,1.3520153549720195,0.0020900726318359374,-0.003555476665496826,0.20529738515624985,0.05657801953124908,0.0015778779983520509,16.487500056624413,-8.087786201387644,5.129727840423584,3,0.0
PH20_RAW_01679,S23T;E32V;Q144N;H194D;V238L;M311I;M314R;D321K;A372T;A420T,1.3518056866634598,0.0018954038619995116,-0.004182040691375732,0.21014692968749973,0.04849544531249972,0.0008304357528686523,18.31250010728836,-9.464364983141422,8.130081176757812,3,-0.40000000000000036
PH20_RAW_01680,E32V;K131R;Q144N;H194D;M311F;M314R;N322K;A372T;E393Q;V415I,1.3517619778208507,0.0022169828414916994,-0.003766477108001709,0.20368087031249987,0.07274316796874958,0.0016312003135681152,17.112500008940696,-12.90860578045249,6.28318190574646,3,-0.3999999999999999
PH20_RAW_01681,S23T;E32V;H194D;M311V;M314R;D321K;Q350R;A372T;Q394T;A413E,1.3509562614506416,0.00242006778717041,-0.003555476665496826,0.20206435546874973,0.08082574218749672,0.0008790612220764161,17.91250010728836,-17.34432142227888,5.407083988189697,3,-5.3
PH20_RAW_01682,S23T;E32I;H194D;M311F;M314R;N322K;A372E;Q394T;V415I;D419E,1.3509184941530823,0.002299952507019043,-0.003529071807861328,0.20206435546875,0.09699089062499988,0.0020151495933532714,17.350000086426736,-17.87624776735902,2.853147506713867,1,-0.3999999999999999
PH20_RAW_01683,S23T;E32V;K131R;H194D;M314R;D321K;Q350R;A372E;D417E;A420T,1.3499529597890432,0.00199812650680542,-0.0024933815002441406,0.2149964742187495,0.08082574218749938,0.00197986364364624,17.937500095367433,-13.131511773914099,7.232000827789307,3,0.0
PH20_RAW_01684,S23T;E32I;Q144N;H194D;M311F;M314R;E325K;A372T;D417E;A420S,1.349605262142729,0.0020028114318847655,-0.003766477108001709,0.21014692968749998,0.07274316796874958,0.0009884953498840332,18.98750011026859,-12.920522950589657,4.694396734237671,3,0.0
PH20_RAW_01685,S23T;E32I;K131R;Q144N;H194D;M311F;M314R;D321K;A372S;T418V,1.3491259998944427,0.0020943999290466307,-0.0033245086669921875,0.21984601874999993,0.04849544531250016,0.0009949326515197754,16.96250013113022,-10.931881420314312,9.69549036026001,3,0.0
PH20_RAW_01686,S23T;E32V;K131R;H194D;M311F;D321K;Q350R;A372S;A413E;T418S,1.3484390166893214,0.0028397321701049806,-0.0024933815002441406,0.2004478406249997,0.08082574218749983,0.0013507246971130372,14.475000071525574,-17.582392994314432,3.82700777053833,2,-5.3
PH20_RAW_01687,S23T;E32V;K131R;H194D;M311I;M314R;N322K;A372T;E393Q;D419E,1.3484198318605622,0.0019744277000427247,-0.003766477108001709,0.2004478406249998,0.06466059374999933,0.001293015480041504,15.71250002682209,-5.919781509786844,5.426820755004883,3,-0.3999999999999999
PH20_RAW_01688,S23T;E32V;K131R;Q144N;H194D;M311F;M314R;E325K;A372S;D417E,1.3471021538141148,0.0020302772521972657,-0.002908945083618164,0.2036808703124998,0.06466059374999977,0.001308584213256836,17.40000015795231,-10.474410638213158,6.626436948776245,3,0.0
PH20_RAW_01689,E32V;K131R;H194D;M311I;D321K;E325K;A372T;Q394T;A413E;A420T,1.3468976049851127,0.0023238301277160645,-0.003555476665496826,0.22469556328124937,0.06466059374999888,0.0013970375061035157,16.937499994039534,-12.422864336520433,2.228283166885376,3,-5.3
PH20_RAW_01690,S23T;E32V;K131R;H194D;M311I;E325K;Q350R;Q394T;V415I;D419E,1.3453546577326425,0.002102088928222656,-0.0026979446411132812,0.20368087031249962,0.09699089062499944,0.0015379905700683594,13.687500086426734,-6.207297004759312,3.224806070327759,3,0.0
PH20_RAW_01691,S23T;E32I;V238L;M311F;M314R;E325K;Q394T;A413E;V415I;A420T,1.3451087795269867,0.0027929186820983888,-0.0039446353912353516,0.20368087031249998,0.08082574218749983,0.0008832335472106934,12.487500125169754,-11.438583388924599,2.2136123180389404,3,-5.7
PH20_RAW_01692,S23T;E32V;H194D;M311F;D321K;Q350R;A372T;Q394T;D417E;A420S,1.345092321903051,0.0024715304374694825,-0.0031399130821228027,0.21984601874999976,0.11315603906249949,0.0016103744506835937,17.137500035762788,-19.888863943517208,3.8668179512023926,3,0.0
PH20_RAW_01693,S23T;E32I;H194D;V238L;M311F;M314R;D321K;A372E;Q394T;T418S,1.3445591296321178,0.002326560020446777,-0.0031135082244873047,0.21984601875000012,0.08890831640625008,0.0009680032730102539,19.71250009536743,-21.428031783550978,3.2910361289978027,2,-0.40000000000000036
PH20_RAW_01694,E32I;K131R;Q144N;H194D;M311I;M314R;D321K;Q394T;V415I;D419E,1.3443110678611774,0.0026319265365600587,-0.0031135082244873047,0.20368087031249987,0.032330296874999664,0.0012464046478271485,17.037500113248825,-14.628189954906702,5.370877742767334,3,0.0
PH20_RAW_01695,S23T;E32V;K131R;Q144N;H194D;M311I;M314R;D321K;Q394T;D417E,1.343572192073459,0.0021296262741088865,-0.0026979446411132812,0.20691389999999982,0.04849544531249972,0.0012136936187744141,18.38750014305115,-12.304163366556168,6.371280670166016,3,0.0
PH20_RAW_01696,S23T;E32V;H194D;V238L;M311V;D321K;Q350R;A372T;V415I;A420T,1.3410367916792243,0.002405107021331787,-0.003766477108001709,0.2004478406249996,0.08082574218749983,0.0012485504150390625,14.162500035762786,-11.79064267128706,7.664341449737549,3,-0.40000000000000036
PH20_RAW_01697,E32V;K131R;H194D;V238L;M311I;M314R;D321K;A372T;Q394T;A413E,1.3409761262668136,0.002388155460357666,-0.003555476665496826,0.2036808703124997,0.05657801953124908,0.0008111715316772461,17.100000077486037,-14.387781698256731,3.8526432514190674,2,-5.7
PH20_RAW_01698,S23T;E32I;K131R;H194D;M311F;D321K;Q350R;A372S;A413E;A420K,1.339886333827636,0.002835249900817871,-0.0024933815002441406,0.2004478406249998,0.08082574218749983,0.0014062285423278808,14.125000059604645,-15.894191067665815,3.775512218475342,3,-5.3
PH20_RAW_01699,S23T;E32I;K131R;H194D;M311L;M314R;E325K;A372T;V415I;D419E,1.3397165210452093,0.0018535375595092774,-0.003766477108001709,0.21984601874999984,0.07274316796874958,0.001361513137817383,14.962500098347665,-4.735154096037149,5.388094902038574,3,0.0
PH20_RAW_01700,S23T;E32I;K131R;H194D;V238L;M314R;D321K;A372T;A413E;A420T,1.3396095362241804,0.0019507288932800293,-0.003766477108001709,0.20691389999999982,0.056578019531249524,0.0010726809501647948,16.262500083446504,-8.617269080132246,7.156558275222778,2,-5.7
PH20_RAW_01701,S23T;E32I;K131R;Q144N;H194D;M311F;E325K;A372T;V415I;D419E,1.3394964498325146,0.002002429962158203,-0.003766477108001709,0.20529738515624985,0.07274316796874958,0.0013663768768310547,15.26250002682209,-8.085930615663528,5.2334558963775635,2,0.0
PH20_RAW_01702,S23T;E32V;K131R;Q144N;H194D;M311F;M314R;N322K;A372T;A420S,1.3393859868363729,0.00198589563369751,-0.003766477108001709,0.20206435546875,0.07274316796874958,0.001719188690185547,17.037500086426736,-11.78889000043273,6.917748689651489,2,-0.3999999999999999
PH20_RAW_01703,S23T;E32I;K131R;H194D;V238L;M311I;D321K;A372T;V415I;A420K,1.3391377336393537,0.0025083184242248534,-0.0033509135246276855,0.20691389999999982,0.056578019531249524,0.0009803175926208496,13.500000011920928,-8.703411549329758,4.648914813995361,3,-0.40000000000000036
PH20_RAW_01704,S23T;E32V;K131R;H194D;M311L;M314R;E325K;Q350R;A413E;T418S,1.338863135688223,0.0021015286445617678,-0.0024933815002441406,0.2036808703124998,0.08890831640624963,0.0012816548347473144,15.512500157952308,-8.776072464883327,2.637183666229248,3,-5.3
PH20_RAW_01705,E32V;K131R;H194D;M314R;D321K;Q350R;A372T;Q394T;A413E;V415I,1.3387080026917562,0.002502703666687012,-0.0031399130821228027,0.21014692968749965,0.08082574218749938,0.0014980196952819823,16.662500077486037,-16.86492272093892,4.816211223602295,3,-5.3
PH20_RAW_01706,S23T;E32V;K131R;H194D;V238L;M311F;M314R;E325K;A372S;Q394T,1.338049953822598,0.0018462181091308595,-0.0031135082244873047,0.21661298906249993,0.09699089062499988,0.0011089682579040528,16.562500157952307,-9.932980485260487,5.961100816726685,3,-0.40000000000000036
PH20_RAW_01707,S23T;E32I;K131R;H194D;M314R;E325K;Q350R;A413E;V415I;A420T,1.3379633365130748,0.001845109462738037,-0.002908945083618164,0.20853041484374968,0.08890831640624963,0.001486814022064209,14.90000014603138,-5.642518900334835,5.346450090408325,3,-5.3
PH20_RAW_01708,S23T;E32I;K131R;H194D;M311F;M314R;E325K;Q394T;D417E;D419E,1.3375562414824926,0.0019991517066955565,-0.0026979446411132812,0.2246955632812499,0.09699089062499944,0.0014520764350891113,17.15000014603138,-12.294362735003233,3.419224262237549,3,0.0
PH20_RAW_01709,S23T;E32I;K131R;H194D;V238L;M314R;D321K;Q350R;A372E;D417E,1.3365842826834318,0.0020316958427429197,-0.0024933815002441406,0.20206435546874993,0.08082574218749983,0.0011005640029907227,17.537500083446503,-12.690435234457254,6.816044092178345,3,-0.40000000000000036
PH20_RAW_01710,E32I;K131R;H194D;M311F;D321K;Q350R;A372E;Q394T;A413E;V415I,1.335814800613321,0.0026257872581481934,-0.0026979446411132812,0.2036808703124997,0.09699089062499944,0.0017349362373352052,16.412499994039536,-20.974342994391918,2.0882883071899414,1,-5.3
PH20_RAW_01711,E32V;K131R;H194D;V238L;M311F;M314R;N322K;A372T;V415I;A420K,1.334281682089599,0.0026581287384033203,-0.0033509135246276855,0.20853041484374985,0.08890831640624919,0.001865220069885254,14.575000068545341,-15.628972746431828,3.7443833351135254,3,-0.8000000000000003
PH20_RAW_01712,S23T;E32I;K131R;Q144N;H194D;M311I;M314R;D321K;A372T;A420S,1.3341120865345493,0.0020165324211120607,-0.003766477108001709,0.21176344453124996,0.032330296874999664,0.0007196426391601563,17.787500083446503,-9.368570674210787,7.753063440322876,3,0.0
PH20_RAW_01713,E32I;K131R;Q144N;H194D;V238L;M311F;M314R;E325K;V415I;A420T,1.3336393534295026,0.001973116397857666,-0.0033245086669921875,0.21499647421874987,0.07274316796874958,0.0013361930847167968,16.512500128149988,-9.71866550296545,6.35229754447937,3,-0.40000000000000036
PH20_RAW_01714,S23T;E32I;K131R;H194D;V238L;M311F;M314R;D321K;Q394T;A420T,1.3333995568368646,0.001837480068206787,-0.0031135082244873047,0.24086071171874995,0.09699089062499988,0.001338493824005127,17.33750013113022,-12.977758098393679,7.3480377197265625,3,-0.40000000000000036
PH20_RAW_01715,S23T;E32I;K131R;Q144N;H194D;M311F;M314R;D321K;A372T;T418V,1.333300500627901,0.001744699478149414,-0.003766477108001709,0.2360111671874999,0.06466059374999977,0.0009053707122802735,18.0000000834465,-10.60420611873269,9.23369550704956,3,0.0
PH20_RAW_01716,S23T;E32V;Q144N;H194D;V238L;M311L;M314R;D321K;A372T;T418S,1.3322024223680713,0.002224862575531006,-0.003766477108001709,0.20044784062500004,0.04849544531250016,0.0008677959442138672,18.08750010728836,-13.206674698740244,6.183793783187866,3,-0.40000000000000036
PH20_RAW_01717,S23T;E32I;H194D;M314R;E325K;Q350R;A372E;Q394T;V415I;D419E,1.3319004306176514,0.0019617557525634767,-0.0031135082244873047,0.20044784062499987,0.09699089062499988,0.001490616798400879,17.80000011026859,-12.32181914895773,3.3641817569732666,3,0.0
PH20_RAW_01718,S23T;E32V;K131R;Q144N;H194D;M311F;M314R;N322K;Q394T;V415I,1.3317673007303048,0.001999950408935547,-0.0031135082244873047,0.20529738515625,0.08890831640625008,0.001985001564025879,16.63750013411045,-12.926709622144699,6.266023874282837,2,-0.3999999999999999
PH20_RAW_01719,S23T;E32V;K131R;H194D;M311F;M314R;E325K;Q350R;A372E;Q394T,1.331313260391325,0.0015122175216674804,-0.0026979446411132812,0.23116162265624976,0.12932118749999955,0.0015231013298034669,18.950000110268594,-12.91539766639471,4.564577102661133,3,0.0
PH20_RAW_01720,S23T;E32I;K131R;H194D;V238L;M311L;E325K;A372T;E393Q;V415I,1.3311049847796173,0.0016568303108215332,-0.003766477108001709,0.20044784062499996,0.08082574218749983,0.0009496688842773437,13.837499967217445,-0.29780222848057747,5.224877834320068,3,-0.40000000000000036
PH20_RAW_01721,E32I;K131R;Q144N;H194D;M311F;D321K;Q350R;A413E;V415I;A420T,1.3297986337707626,0.0025941967964172364,-0.002908945083618164,0.20206435546874965,0.07274316796874958,0.0017542004585266112,15.175000041723251,-16.34816651418805,5.1798834800720215,2,-5.3
PH20_RAW_01722,S23T;E32I;K131R;Q144N;H194D;M311L;M314R;D321K;Q394T;D419E,1.3291923862948587,0.0020784854888916014,-0.0031135082244873047,0.20529738515625012,0.04849544531250016,0.0014790058135986327,17.562500131130218,-10.990506138652563,6.927205324172974,3,0.0
PH20_RAW_01723,S23T;E32I;Q144N;H194D;V238L;M311I;M314R;E325K;V415I;A420T,1.3287630578085994,0.0017482757568359375,-0.003740072250366211,0.20044784062499987,0.05657801953124997,0.0008002400398254394,16.550000157952308,-4.764933988451958,6.119384050369263,3,-0.40000000000000036
PH20_RAW_01724,S23T;E32I;K131R;H194D;V238L;M314R;D321K;A372T;V415I;A420T,1.327623488729772,0.001883387565612793,-0.003766477108001709,0.22469556328124982,0.06466059374999977,0.0012479305267333984,15.587500083446503,-7.849185928702354,8.896787643432617,3,-0.40000000000000036
PH20_RAW_01725,S23T;E32I;K131R;H194D;M311L;M314R;D321K;Q394T;D417E;D419E,1.3265200789021916,0.002270007133483887,-0.0026979446411132812,0.21499647421874996,0.06466059374999977,0.0016516923904418945,16.500000131130218,-12.793031610548496,5.069118499755859,3,0.0
PH20_RAW_01726,S23T;E32I;H194D;V238L;M311V;M314R;D321K;A372T;Q394T;V415I,1.3264307787261347,0.002311217784881592,-0.00397104024887085,0.20853041484375004,0.06466059375000022,0.0006099820137023925,16.83750009536743,-14.448966823518276,6.9467244148254395,3,-0.40000000000000036
PH20_RAW_01727,S23T;E32I;Q144N;H194D;M314R;D321K;Q350R;A372E;V415I;A420T,1.3260754762503295,0.0019841432571411134,-0.0033245086669921875,0.2036808703124998,0.06466059375000022,0.0015766501426696777,18.825000095367432,-14.033938743174076,7.958331346511841,3,0.0
PH20_RAW_01728,S23T;E32I;K131R;Q144N;H194D;I310L;M314R;D321K;A372T;A420T,1.3260744430274263,0.0015784621238708497,-0.003766477108001709,0.21176344453124987,0.032330296874999664,0.0014257550239562989,18.312500059604645,-6.208383779972792,10.827163219451904,3,0.0
PH20_RAW_01729,S23T;E32V;Q144N;H194D;M311F;D321K;Q350R;A372S;Q394T;V415I,1.3258388777102839,0.0024850130081176757,-0.0031135082244873047,0.20206435546874985,0.08890831640625052,0.001527249813079834,16.4375000834465,-18.021217342466116,6.525188684463501,3,0.0
PH20_RAW_01730,S23T;E32I;K131R;H194D;M311F;M314R;N322K;Q394T;A413E;V415I,1.3231506370960044,0.0021597743034362793,-0.0031135082244873047,0.20529738515625,0.09699089062499988,0.0017542004585266112,15.250000122189523,-13.738254815340042,3.397765636444092,1,-5.699999999999999
PH20_RAW_01731,S23T;E32I;H194D;M311L;M314R;D321K;Q350R;Q394T;A413E;T418V,1.3223470578725627,0.0020697951316833497,-0.0031135082244873047,0.21337995937499993,0.08890831640625008,0.001141965389251709,16.650000143051148,-12.481772810220718,4.8061017990112305,3,-5.3
PH20_RAW_01732,S23T;E32I;H194D;I310L;M314R;E325K;Q350R;A372E;Q394T;T418V,1.322335353322543,0.0013617515563964845,-0.0031135082244873047,0.20368087031249987,0.08890831640624963,0.001292848587036133,18.712500086426736,-6.717204421758652,5.844850540161133,3,0.0
PH20_RAW_01733,E32I;K131R;H194D;M311F;M314R;E325K;A372E;Q394T;A413E;A420K,1.3210314458755017,0.0023828983306884766,-0.0026979446411132812,0.2036808703124998,0.08082574218749894,0.0016430854797363282,18.52500008046627,-18.146342892199755,-0.514394998550415,2,-5.3
PH20_RAW_01734,E32I;K131R;H194D;M311L;M314R;E325K;A372E;E393Q;V415I;A420T,1.320506534027029,0.0017778992652893067,-0.0035335421562194824,0.21176344453124968,0.06466059374999933,0.001773691177368164,17.012500020861626,-6.899057429283857,4.436300039291382,3,0.0
PH20_RAW_01735,E32I;K131R;H194D;V238L;M311F;M314R;A372T;E393K;V415I;D419E,1.318070239852426,0.002386891841888428,-0.003766477108001709,0.20206435546874993,0.096990890624999,0.0011618971824645997,14.887500044703483,-14.291859418153763,5.180463552474976,3,-0.40000000000000036
PH20_RAW_01736,S23T;E32I;K131R;H194D;V238L;I310L;D321K;A372T;Q394T;T418V,1.3175377515062894,0.00168074369430542,-0.003555476665496826,0.20044784062499996,0.056578019531249524,0.0011686086654663086,15.124999988079072,-4.158687025308609,8.278562068939209,2,-0.40000000000000036
PH20_RAW_01737,S23T;E32I;H194D;V238L;M311F;M314R;E325K;A372T;Q394T;A413E,1.3173548062538187,0.0017413973808288574,-0.00397104024887085,0.213379959375,0.10507346484374969,0.0006136298179626465,18.100000110268592,-12.637700088322163,2.6273202896118164,2,-5.7
PH20_RAW_01738,E32I;K131R;H194D;V238L;M311I;M314R;D321K;A372E;Q394T;V415I,1.3167465833859768,0.0022950053215026857,-0.0031135082244873047,0.20853041484374985,0.056578019531249524,0.0010457873344421388,17.37500006556511,-15.202195309102535,4.457554817199707,2,-0.40000000000000036
PH20_RAW_01739,S23T;E32I;K131R;H194D;M311F;M314R;Q350R;A372E;E393Q;A420S,1.316294249778407,0.0017358064651489258,-0.002908945083618164,0.20044784062499996,0.09699089062499766,0.0013433098793029785,17.337500050663948,-11.534157019108534,5.743377923965454,2,0.0
PH20_RAW_01740,E32I;K131R;H194D;V238L;M311F;D321K;Q350R;A372E;E393Q;A420T,1.3158217300042783,0.0020990610122680665,-0.002908945083618164,0.21337995937499973,0.09699089062499944,0.001425480842590332,16.887499934434892,-14.702600460499525,5.509844779968262,3,-0.40000000000000036
PH20_RAW_01741,E32I;K131R;Q144N;H194D;M311F;D321K;Q350R;Q394T;V415I;A420S,1.31472146271419,0.002648019790649414,-0.0026979446411132812,0.20691389999999998,0.08082574218749983,0.0016723036766052245,16.025000041723253,-18.832896701991558,5.1439735889434814,3,0.0
PH20_RAW_01742,E32I;K131R;H194D;V238L;M311L;M314R;D321K;Q394T;D417E;A420S,1.31468842966175,0.0025566577911376952,-0.0026979446411132812,0.2020643554687501,0.056578019531249524,0.0014513492584228515,16.325000113248826,-15.37046092748642,4.3679656982421875,3,-0.40000000000000036
PH20_RAW_01743,S23T;E32V;K131R;H194D;M314R;D321K;Q350R;A372T;Q394T;A413E,1.3142314539413134,0.001968705654144287,-0.0031399130821228027,0.21337995937499973,0.08890831640624963,0.0012598633766174316,17.46250009536743,-13.471609394997358,5.919497013092041,3,-5.3
PH20_RAW_01744,E32I;K131R;H194D;M314R;D321K;Q350R;A372E;Q394T;V415I;D419E,1.3129218421822133,0.0024768948554992677,-0.0026979446411132812,0.20691389999999982,0.07274316796874958,0.0017554283142089844,17.38750006556511,-18.17590158805251,4.793947696685791,3,0.0
PH20_RAW_01745,S23T;E32V;K131R;Q144N;H194D;M311L;D321K;Q350R;Q394T;V415I,1.312666461069844,0.0020815014839172365,-0.0026979446411132812,0.20044784062499987,0.08082574218750027,0.0018376350402832032,15.237500071525574,-10.325005520135164,6.834347248077393,3,0.0
PH20_RAW_01746,S23T;E32V;H194D;M311L;M314R;D321K;A372E;Q394T;D417E;A420T,1.3114813305810966,0.001984572410583496,-0.0031135082244873047,0.21337995937499965,0.07274316796874958,0.0021553993225097655,19.12500010728836,-16.237597592175007,4.5680248737335205,2,0.0
PH20_RAW_01747,S23T;E32V;H194D;V238L;M311F;M314R;N322K;Q350R;A372T;A420S,1.310832912721364,0.0021770238876342774,-0.003766477108001709,0.20853041484375004,0.08890831640624741,0.0013394594192504884,16.225000098347664,-13.911927614361048,5.612880706787109,3,-0.8000000000000003
PH20_RAW_01748,S23T;E32I;K131R;H194D;V238L;M311F;D321K;A372S;Q394T;V415I,1.3104599007122641,0.002358448505401611,-0.0031135082244873047,0.21014692968749998,0.08082574218750027,0.0012578964233398438,14.150000059604645,-13.631847385317087,6.328327178955078,2,-0.40000000000000036
PH20_RAW_01749,S23T;E32V;Q144N;H194D;M311L;M314R;E325K;Q394T;V415I;A420T,1.3099022716676543,0.0016717314720153809,-0.003529071807861328,0.20691389999999982,0.07274316796875002,0.001893150806427002,17.475000169873237,-7.8555185832083225,5.550732374191284,3,0.0
PH20_RAW_01750,E32T;K131R;H194D;M311F;M314R;D321K;A372S;Q394T;D417E;A420T,1.309369999047533,0.0031039237976074217,-0.002282381057739258,0.20529738515624968,0.06466059374999933,0.0025066494941711425,17.400000101327898,-25.07058496400714,2.2666680812835693,3,0.0
PH20_RAW_01751,E32I;Q144N;H194D;M311F;M314R;E325K;A372E;Q394T;V415I;A420K,1.3088666136280884,0.0024006128311157226,-0.0031135082244873047,0.20206435546874993,0.07274316796874958,0.001643359661102295,19.7375000923872,-19.777554910629988,1.22210693359375,3,0.0
PH20_RAW_01752,S23T;E32I;K131R;H194D;M311F;E325K;Q350R;Q394T;A413E;D419E,1.3078542494515768,0.002037811279296875,-0.0026979446411132812,0.20206435546874985,0.11315603906249949,0.0014300107955932616,14.950000074505805,-11.392405863851309,1.6890196800231934,2,-5.3
PH20_RAW_01753,S23T;E32I;K131R;H194D;V238L;M311I;M314R;D321K;A372E;T418S,1.3077486934942337,0.0021334409713745115,-0.002908945083618164,0.20853041484374996,0.04849544531249972,0.0006313800811767578,17.425000083446502,-12.772026374936104,4.599161624908447,2,-0.40000000000000036
PH20_RAW_01754,S23T;E32I;H194D;M311V;D321K;E325K;A372T;Q394T;A413E;T418S,1.3073295021412752,0.002663135528564453,-0.003555476665496826,0.20368087031249987,0.05657801953124997,0.0005872011184692383,17.40000001192093,-17.604616060853004,1.1828057765960693,3,-5.3
PH20_RAW_01755,E32I;K131R;H194D;M311F;M314R;D321K;Q350R;A372E;A413E;T418S,1.3072450612393078,0.002644670009613037,-0.0024933815002441406,0.2149964742187498,0.08082574218749938,0.001205885410308838,18.28750006556511,-23.478593096137047,2.1606783866882324,2,-5.3
PH20_RAW_01756,S23T;E32V;K131R;H194D;M311I;E325K;Q350R;A372T;V415I;D419E,1.30686316835943,0.0019433379173278808,-0.0033509135246276855,0.2085304148437495,0.08890831640624919,0.0012721776962280273,13.362500038743018,-5.056632071733475,4.215019941329956,3,0.0
PH20_RAW_01757,E32V;K131R;H194D;V238L;M311F;E325K;A372E;Q394T;V415I;A420T,1.306836236236825,0.001999986171722412,-0.0031135082244873047,0.20529738515624957,0.096990890624999,0.0021333217620849608,15.875000020861625,-13.19725639745593,2.7560369968414307,1,-0.40000000000000036
PH20_RAW_01758,S23T;E32I;H194D;M311L;M314R;D321K;Q350R;A372E;Q394T;A413E,1.3064991600762605,0.0020279526710510255,-0.0031135082244873047,0.20206435546874993,0.08890831640625008,0.0013169407844543456,18.80000009536743,-16.851383693516254,3.3424856662750244,2,-5.3
PH20_RAW_01759,S23T;E32I;K131R;H194D;M311L;M314R;D321K;Q350R;A413E;A420T,1.3047926473752873,0.001911306381225586,-0.002908945083618164,0.21984601874999976,0.08082574218749983,0.0015111804008483888,15.675000131130219,-9.638145253062248,6.437808275222778,3,-5.3
PH20_RAW_01760,S23T;E32I;K131R;H194D;M314R;E325K;Q350R;Q394T;A413E;V415I,1.304542777732708,0.0018215775489807129,-0.0026979446411132812,0.20368087031249987,0.09699089062499988,0.0012296676635742188,15.70000014603138,-8.165180552750826,3.908799886703491,3,-5.3
PH20_RAW_01761,S23T;E32V;H194D;M311F;D321K;Q350R;A372T;Q394T;D417E;D419E,1.3045044808691153,0.0023941755294799804,-0.0031399130821228027,0.21984601874999968,0.11315603906249949,0.0016331672668457031,16.862500035762785,-20.05081333965063,3.578131914138794,3,0.0
PH20_RAW_01762,E32I;K131R;H194D;M311F;D321K;A372T;E393K;A413E;D417E;A420T,1.3041675125966925,0.00258028507232666,-0.0033509135246276855,0.21337995937499957,0.08890831640624874,0.001574087142944336,16.16249994635582,-18.672897059470415,3.1142866611480713,3,-5.3
PH20_RAW_01763,S23T;E32I;K131R;Q144N;H194D;M311L;M314R;D321K;A372T;D419E,1.303785274687302,0.0019197344779968261,-0.003766477108001709,0.21014692968749998,0.040412871093749914,0.0012131929397583008,17.237500083446502,-9.245096761733294,7.917419195175171,3,0.0
PH20_RAW_01764,S23T;E32V;K131R;H194D;M314R;E325K;A372T;Q394T;A413E;T418V,1.3036084732903985,0.0015686988830566407,-0.003555476665496826,0.20529738515624968,0.07274316796874913,0.0012601375579833984,16.525000110268593,-5.8022802993655205,4.614431381225586,2,-5.3
PH20_RAW_01765,S23T;E32V;K131R;Q144N;H194D;M311L;D321K;Q394T;V415I;A420T,1.3032226285568473,0.002006423473358154,-0.0031135082244873047,0.20206435546874973,0.05657801953124997,0.0022726058959960938,15.237500071525574,-9.105768539011478,7.049715042114258,2,0.0
PH20_RAW_01766,S23T;E32I;K131R;H194D;M311L;D321K;Q350R;Q394T;A413E;V415I,1.3029836956460692,0.0022413253784179686,-0.0026979446411132812,0.20044784062499987,0.08890831640625008,0.0016068339347839356,13.850000059604644,-11.185009885579348,3.9660890102386475,2,-5.3
PH20_RAW_01767,E32I;K131R;H194D;V238L;M311F;M314R;E325K;Q394T;A413E;D417E,1.3018384141053538,0.002208447456359863,-0.0026979446411132812,0.20206435546874993,0.08890831640624919,0.001076483726501465,16.925000128149986,-15.161668535321951,1.316331148147583,2,-5.7
PH20_RAW_01768,E32I;K131R;H194D;V238L;I310L;M314R;D321K;A372T;Q394T;T418V,1.3017042803103813,0.0018611907958984374,-0.003555476665496826,0.21176344453124996,0.048495445312499275,0.0010539650917053222,16.95000004172325,-8.923179775476456,8.20934534072876,3,-0.40000000000000036
PH20_RAW_01769,S23T;E32V;Q144N;H194D;M311I;M314R;E325K;Q394T;V415I;A420T,1.3013759379155365,0.0016911745071411133,-0.003529071807861328,0.20853041484374968,0.06466059374999977,0.0014223933219909668,17.75000016987324,-8.06209209933877,5.097690582275391,3,0.0
PH20_RAW_01770,E32I;K131R;H194D;I310L;M314R;D321K;Q350R;A372E;Q394T;T418V,1.3011058333857164,0.0018768906593322754,-0.0026979446411132812,0.21014692968749982,0.06466059374999933,0.0015576601028442383,18.30000004172325,-12.673601929098368,7.274616479873657,3,0.0
PH20_RAW_01771,S23T;E32I;K131R;H194D;M314R;D321K;Q350R;A372E;Q394T;A413E,1.3010615078255148,0.001942896842956543,-0.0026979446411132812,0.20044784062499987,0.08082574218749983,0.0013192296028137207,18.412500083446503,-15.096217554062605,4.784179210662842,2,-5.3
PH20_RAW_01772,E32V;K131R;H194D;M311I;M314R;E325K;A372T;E393Q;A413E;T418S,1.300594941126842,0.0022393941879272463,-0.0046141743659973145,0.2004478406249996,0.04849544531249883,0.0006349205970764161,17.062500032782555,-10.58033711090684,0.9790174961090088,3,-5.3
PH20_RAW_01773,S23T;E32I;K131R;Q144N;H194D;M311F;D321K;A372T;D417E;D419E,1.29984286823465,0.002260148525238037,-0.0033509135246276855,0.20529738515624985,0.056578019531249524,0.0013907432556152343,16.47500001192093,-14.44612729176879,5.904693365097046,2,0.0
PH20_RAW_01774,S23T;E32I;K131R;Q144N;H194D;V238L;M311F;E325K;A372T;E393Q,1.2997803293734405,0.001452171802520752,-0.003766477108001709,0.20044784062500004,0.08082574218749983,0.0006017327308654785,16.762499967217444,-4.6013292744755745,6.1043078899383545,3,-0.40000000000000036
PH20_RAW_01775,E32I;K131R;H194D;M311F;M314R;D321K;Q350R;A372S;A413E;T418V,1.2991332401563753,0.002505028247833252,-0.002908945083618164,0.2182295039062497,0.07274316796874958,0.0010309100151062011,15.525000113248826,-16.67807864025235,6.037982225418091,3,-5.3
PH20_RAW_01776,S23T;E32I;K131R;Q144N;M311F;M314R;D321K;A372E;Q394T;V415I,1.2990040101069933,0.002730846405029297,-0.003529071807861328,0.2101469296875001,0.04849544531250016,0.0010928034782409668,15.337500050663948,-16.87836228311062,5.9187211990356445,3,0.0
PH20_RAW_01777,S23T;E32I;Q144N;H194D;V238L;M311F;M314R;E325K;A372T;T418V,1.2985414463612883,0.0014388561248779297,-0.004182040691375732,0.2166129890625,0.08082574218749983,0.0004630088806152344,17.962500110268593,-7.5494184121489525,6.814090728759766,3,-0.40000000000000036
PH20_RAW_01778,S23T;E32I;K131R;H194D;M311L;M314R;D321K;Q350R;A372E;T418V,1.2978407988687726,0.0016403555870056151,-0.002908945083618164,0.22469556328124982,0.08082574218749983,0.0013412952423095704,16.775000083446503,-8.910342577844858,7.5329835414886475,3,0.0
PH20_RAW_01779,S23T;E32I;K131R;Q144N;M311F;M314R;D321K;A372T;A413E;T418V,1.2974331791001288,0.002681279182434082,-0.004182040691375732,0.20853041484374996,0.032330296874999664,0.00047676563262939454,13.537500050663947,-11.713137205690145,6.632321834564209,3,-5.3
PH20_RAW_01780,S23T;E32I;K131R;H194D;M311I;D321K;Q350R;Q394T;A413E;V415I,1.2973135773709412,0.0022607684135437013,-0.0026979446411132812,0.20206435546874973,0.08082574218749983,0.0011360764503479004,14.125000059604645,-11.261755425482988,3.513047218322754,2,-5.3
PH20_RAW_01781,S23T;E32I;K131R;V238L;M311F;M314R;E325K;Q394T;A413E;T418V,1.2972613527618422,0.0024491310119628905,-0.003529071807861328,0.20368087031250007,0.07274316796874958,0.0004751920700073242,11.937500113248825,-7.595312271267176,3.2262306213378906,3,-5.7
PH20_RAW_01782,S23T;E32I;Q144N;H194D;M311I;M314R;D321K;Q350R;A413E;A420T,1.2972341708398458,0.0020158052444458007,-0.0033245086669921875,0.20206435546874973,0.05657801953124997,0.0008654475212097168,17.837500143051148,-12.191893849521875,5.981039047241211,3,-5.3
PH20_RAW_01783,S23T;E32I;K131R;H194D;M314R;E325K;Q394T;A413E;V415I;A420T,1.2968279312445679,0.001746499538421631,-0.0031135082244873047,0.20529738515624976,0.07274316796874958,0.0016646385192871094,15.70000014603138,-6.867353297770023,4.1241676807403564,2,-5.3
PH20_RAW_01784,S23T;E32I;K131R;V238L;M311F;M314R;D321K;Q394T;A413E;A420T,1.2959178544726055,0.002774059772491455,-0.003529071807861328,0.213379959375,0.06466059374999977,0.000909888744354248,12.875000098347664,-14.16007013246417,4.746664047241211,3,-5.7
PH20_RAW_01785,S23T;E32V;K131R;H194D;V238L;M311F;E325K;Q350R;A372E;T418S,1.2951196753771674,0.0019134998321533204,-0.0024933815002441406,0.2036808703124998,0.11315603906249949,0.0012839436531066895,15.925000038743018,-12.539165511727333,2.6822760105133057,2,-0.40000000000000036
PH20_RAW_01786,S23T;E32V;K131R;H194D;V238L;M311F;M314R;N322K;D417E;A420T,1.2947035956966386,0.0018903017044067383,-0.002908945083618164,0.21014692968749982,0.09699089062499944,0.0019991278648376467,15.12500013411045,-11.139725983142853,5.959034204483032,2,-0.8000000000000003
PH20_RAW_01787,S23T;E32I;K131R;Q144N;M311F;M314R;D321K;A372E;Q394T;D419E,1.2946321630623934,0.0027981877326965334,-0.003529071807861328,0.2020643554687501,0.040412871093749914,0.001115596294403076,15.787500050663947,-17.50289251282811,5.291546106338501,3,0.0
PH20_RAW_01788,S23T;E32I;K131R;H194D;M311L;D321K;Q394T;A413E;V415I;A420T,1.2945749604936831,0.0021662473678588866,-0.0031135082244873047,0.20206435546874973,0.06466059374999977,0.0020418047904968263,13.850000059604644,-9.91872302442789,4.181456804275513,1,-5.3
PH20_RAW_01789,S23T;E32I;K131R;Q144N;H194D;M311F;D321K;Q350R;V415I;A420T,1.2944024015758229,0.0019928574562072753,-0.002908945083618164,0.22307904843749976,0.08890831640625008,0.001691293716430664,15.300000059604645,-12.138298943638802,8.023398637771606,3,0.0
PH20_RAW_01790,E32I;K131R;Q144N;H194D;V238L;M311F;M314R;E325K;Q394T;V415I,1.29350497204591,0.0019495844841003417,-0.0031135082244873047,0.2101469296875001,0.08082574218749983,0.0010790467262268067,17.312500128149985,-12.546500910073519,4.914647340774536,3,-0.40000000000000036
PH20_RAW_01791,E32I;K131R;Q144N;H194D;M311I;D321K;E325K;Q394T;A413E;A420T,1.2933967562863977,0.002242898941040039,-0.0031135082244873047,0.20529738515624968,0.04041287109374947,0.0012185215950012208,17.45000002980232,-11.984602075070143,2.746910333633423,3,-5.3
PH20_RAW_01792,S23T;E32V;K131R;Q144N;H194D;M311L;M314R;E325K;A372E;A420T,1.2928598641038143,0.0013096332550048828,-0.0033245086669921875,0.2004478406249997,0.056578019531249524,0.0019172310829162597,18.275000110268593,-5.257725868374109,6.537384748458862,2,0.0
PH20_RAW_01793,E32I;K131R;Q144N;H194D;M311F;M314R;E325K;Q350R;A413E;T418V,1.2925904136101543,0.001915717124938965,-0.002908945083618164,0.20691389999999982,0.08082574218749938,0.0009667038917541504,16.862500128149986,-11.074665281921625,4.693519115447998,3,-5.3
PH20_RAW_01794,S23T;E32I;H194D;M311L;M314R;D321K;Q350R;A372E;Q394T;D419E,1.2925330335159209,0.0020279526710510255,-0.0031135082244873047,0.21176344453124996,0.08890831640625008,0.0015149831771850586,18.575000095367432,-16.599114045500755,4.45553994178772,3,0.0
PH20_RAW_01795,S23T;E32I;K131R;Q144N;H194D;I310L;M314R;D321K;A372T;T418S,1.2917822125145573,0.0019273638725280761,-0.0033509135246276855,0.20368087031250007,0.02424772265624986,0.0009923577308654785,18.362500059604645,-10.43738666921854,8.427834033966064,3,0.0
PH20_RAW_01796,S23T;E32I;H194D;I310L;M314R;D321K;Q350R;A372E;Q394T;T418S,1.2910398301898407,0.0020355820655822755,-0.0026979446411132812,0.20529738515625,0.07274316796875002,0.0012941479682922364,19.700000071525572,-17.313683096319437,4.965954780578613,3,0.0
PH20_RAW_01797,S23T;E32I;K131R;H194D;M311V;M314R;D321K;Q394T;A413E;A420T,1.2896033586614506,0.0021790027618408202,-0.0031135082244873047,0.2036808703124998,0.04849544531249972,0.0013104915618896485,16.53750013113022,-13.223300024867058,6.144806385040283,2,-5.3
PH20_RAW_01798,S23T;E32I;K131R;H194D;V238L;M314R;D321K;A372T;Q394T;V415I,1.2893188616987492,0.0018598556518554688,-0.003555476665496826,0.21984601875000004,0.07274316796875002,0.0009907841682434081,16.387500083446504,-10.593850683420897,7.459137439727783,3,-0.40000000000000036
PH20_RAW_01799,S23T;E32I;V238L;M311F;M314R;D321K;A372T;Q394T;A413E;T418V,1.2868939192314641,0.0027737975120544433,-0.004386603832244873,0.21176344453125004,0.06466059374999977,0.0002748608589172363,13.525000062584876,-15.311526227742434,4.10517144203186,3,-5.7
PH20_RAW_01800,S23T;E32I;H194D;V238L;M314R;D321K;Q350R;Q394T;A413E;A420T,1.286765297422886,0.002003824710845947,-0.0031135082244873047,0.20206435546874993,0.08890831640625008,0.0011365890502929687,17.162500143051147,-13.965738445520401,5.348623991012573,3,-5.7
PH20_RAW_01801,E32I;Q144N;H194D;M311F;M314R;D321K;Q350R;A372E;Q394T;V415I,1.2867521035709237,0.0022899508476257324,-0.0031135082244873047,0.21661298906249993,0.08890831640625008,0.0013824105262756348,20.25000007748604,-23.821636475622654,4.858859300613403,3,0.0
PH20_RAW_01802,S23T;E32V;H194D;V238L;M311F;E325K;A372S;Q394T;V415I;A420T,1.2865364076874635,0.002019035816192627,-0.003529071807861328,0.2036808703124997,0.09699089062499988,0.0016948342323303222,14.512500098347664,-11.133277848362923,4.324679136276245,2,-0.40000000000000036
PH20_RAW_01803,E32I;K131R;H194D;I310L;M314R;E325K;Q350R;A372E;Q394T;V415I,1.2864333225658522,0.001713728904724121,-0.0026979446411132812,0.20206435546874985,0.08082574218749938,0.001643073558807373,17.737500056624413,-10.216988671571016,4.935621023178101,3,0.0
PH20_RAW_01804,S23T;E32I;H194D;V238L;M311I;D321K;Q350R;A372E;V415I;A420T,1.2862422253137822,0.0020324349403381347,-0.0033245086669921875,0.20206435546874965,0.08082574218749983,0.001215672492980957,15.325000023841858,-11.586602605879307,5.146701335906982,2,-0.40000000000000036
PH20_RAW_01805,S23T;E32I;Q144N;H194D;V238L;M314R;D321K;A372T;Q394T;V415I,1.2858915198549852,0.0019449114799499512,-0.00397104024887085,0.20044784062500015,0.05657801953125041,0.0008158087730407715,18.27500009536743,-13.140807539224625,7.455410003662109,3,-0.40000000000000036
PH20_RAW_01806,E32I;K131R;H194D;M311V;M314R;D321K;Q350R;A372T;A413E;V415I,1.285625955728985,0.0026293277740478517,-0.0033509135246276855,0.2036808703124997,0.056578019531249524,0.0008478641510009765,15.412500065565109,-16.658198799937963,5.816366672515869,3,-5.3
PH20_RAW_01807,E32I;K131R;H194D;V238L;M311F;M314R;D321K;A372T;Q394T;D419E,1.2817805815706167,0.0022565364837646485,-0.003555476665496826,0.22954510781249998,0.08082574218749938,0.001076483726501465,17.46250006556511,-18.359036047011614,5.170140504837036,3,-0.40000000000000036
PH20_RAW_01808,S23T;E32I;K131R;H194D;M311L;M314R;E325K;Q394T;A413E;A420K,1.281408750217637,0.0019984364509582518,-0.0026979446411132812,0.20044784062499996,0.07274316796874958,0.0015149831771850586,15.96250014603138,-8.665718451142311,1.363405704498291,3,-5.3
PH20_RAW_01809,S23T;E32I;Q144N;H194D;M311L;D321K;A372T;E393Q;V415I;A420T,1.280925389841378,0.0018669962882995605,-0.004182040691375732,0.20206435546874985,0.04849544531250016,0.0014501214027404785,16.337499964237214,-8.002284545451403,7.038402557373047,3,0.0
PH20_RAW_01810,S23T;E32I;H194D;V238L;M314R;D321K;A372T;Q394T;D417E;D419E,1.2808660207178588,0.0022037744522094725,-0.003555476665496826,0.20206435546875,0.06466059374999977,0.0010112881660461425,17.66250009536743,-15.47610618174076,4.970148086547852,3,-0.40000000000000036
PH20_RAW_01811,S23T;E32V;Q144N;H194D;M311F;M314R;E325K;Q394T;D417E;A420T,1.2782303918861595,0.0016585946083068847,-0.0031135082244873047,0.21661298906249976,0.08890831640624963,0.0017179012298583984,19.337500169873238,-13.85588550940156,4.572075605392456,3,0.0
PH20_RAW_01812,S23T;E32V;K131R;H194D;V238L;M311I;M314R;E325K;A372T;D417E,1.2778869433203819,0.0015799760818481444,-0.0033509135246276855,0.21176344453124968,0.07274316796874913,0.0006804943084716796,16.137500110268594,-5.363665096461773,4.945617198944092,3,-0.40000000000000036
PH20_RAW_01813,E32I;K131R;H194D;M311I;M314R;D321K;Q350R;Q394T;A413E;D419E,1.2767418576964888,0.002508556842803955,-0.0026979446411132812,0.20529738515624976,0.06466059374999933,0.0010442256927490235,16.400000113248826,-16.667433016002178,2.816655397415161,3,-5.3
PH20_RAW_01814,S23T;E32V;K131R;H194D;M311F;E325K;A372T;Q394T;D417E;A420S,1.2765492881179121,0.001889503002166748,-0.0031399130821228027,0.21337995937499973,0.096990890624999,0.00172271728515625,16.02500003874302,-12.214254572987556,2.7558085918426514,2,0.0
PH20_RAW_01815,S23T;E32V;K131R;M311F;D321K;Q350R;A372T;Q394T;A413E;D419E,1.276091546336411,0.0030541777610778808,-0.003555476665496826,0.20206435546874973,0.08082574218749938,0.0012068510055541991,11.574999991059304,-16.748683109879494,2.8385725021362305,3,-5.3
PH20_RAW_01816,S23T;E32I;Q144N;H194D;M311V;M314R;D321K;Q394T;V415I;A420T,1.276081968567968,0.0021967172622680666,-0.003529071807861328,0.20206435546874993,0.04041287109375036,0.0013107657432556152,17.750000143051146,-14.91617376357317,7.881308317184448,3,0.0
PH20_RAW_01817,E32I;K131R;H194D;I310L;M314R;D321K;Q350R;A372T;A413E;A420T,1.2759804586284855,0.001989090442657471,-0.0033509135246276855,0.21014692968749965,0.05657801953124908,0.0014617323875427246,16.87500004172325,-11.959182120859623,7.169655084609985,3,-5.3
PH20_RAW_01818,E32V;K131R;Q144N;H194D;M311F;M314R;E325K;A372T;V415I;A420T,1.2741228466717722,0.0017572641372680664,-0.003766477108001709,0.22792859296874957,0.07274316796874913,0.0016925334930419922,17.3875000923872,-11.575972203165293,6.320817947387695,3,0.0
PH20_RAW_01819,E32I;K131R;H194D;V238L;I310L;M314R;D321K;A372T;D417E;A420T,1.2737198811449126,0.0019792795181274416,-0.0033509135246276855,0.20853041484374976,0.040412871093749025,0.0014208912849426269,16.80000004172325,-10.625868156552315,7.9792375564575195,3,-0.40000000000000036
PH20_RAW_01820,S23T;E32I;K131R;H194D;V238L;M311F;M314R;D321K;A372T;T418S,1.27356295547152,0.0020276308059692383,-0.0033509135246276855,0.23762768203125004,0.08082574218749983,0.0006392836570739746,17.0625000834465,-15.467590667307377,5.93892240524292,3,-0.40000000000000036
PH20_RAW_01821,S23T;E32V;H194D;V238L;M311L;D321K;A372T;Q394T;V415I;A420T,1.2729789188333267,0.0019401907920837402,-0.00397104024887085,0.21014692968749973,0.08082574218749983,0.0018048882484436035,14.900000035762787,-10.69953628629446,5.5127785205841064,2,-0.40000000000000036
PH20_RAW_01822,E32V;K131R;H194D;M311F;M314R;D321K;A372T;Q394T;A413E;T418S,1.2728689892650202,0.002571868896484375,-0.0031399130821228027,0.22469556328124973,0.07274316796874913,0.0013243436813354492,18.137500077486038,-23.370210826396942,2.073713779449463,2,-5.3
PH20_RAW_01823,E32I;K131R;H194D;M311F;M314R;Q350R;A372E;E393K;V415I;D419E,1.2727645029325647,0.002402591705322266,-0.002908945083618164,0.2004478406249998,0.08890831640624741,0.0016655921936035156,16.237500044703484,-17.870092693716288,4.245734691619873,3,0.0
PH20_RAW_01824,S23T;E32V;K131R;H194D;M311F;M314R;Q350R;A372T;E393Q;A413E,1.272586743280503,0.001684260368347168,-0.0033509135246276855,0.2036808703124997,0.08890831640624741,0.001108694076538086,16.337500062584876,-10.229469779878855,5.476955413818359,2,-5.3
PH20_RAW_01825,S23T;E32I;Q144N;H194D;M311I;D321K;A372T;E393Q;V415I;A420T,1.2723707083586233,0.001886439323425293,-0.004182040691375732,0.2036808703124997,0.040412871093749914,0.0009793639183044434,16.612499964237212,-8.210146594792604,6.585360765457153,3,0.0
PH20_RAW_01826,S23T;E32V;K131R;H194D;V238L;M311I;E325K;Q350R;Q394T;V415I,1.2716814595049013,0.001710045337677002,-0.0026979446411132812,0.20206435546874973,0.10507346484374969,0.0010994911193847657,13.587500086426735,-4.981059718877077,3.965428113937378,3,-0.40000000000000036
PH20_RAW_01827,S23T;E32V;K131R;H194D;M311V;M314R;E325K;A372T;Q394T;V415I,1.2716755765677372,0.0017706990242004395,-0.003555476665496826,0.21337995937499973,0.07274316796874958,0.0011666536331176758,16.125000110268594,-8.844883609563112,6.036303997039795,3,0.0
PH20_RAW_01828,E32I;K131R;H194D;I310L;M314R;E325K;Q350R;A372T;A413E;T418V,1.271491124819715,0.0016641616821289062,-0.0033509135246276855,0.2004478406249997,0.06466059374999888,0.0010270357131958007,15.937500056624412,-5.659552991390228,5.649221658706665,3,-5.3
PH20_RAW_01829,S23T;E32I;H194D;M311I;D321K;E325K;A372T;Q394T;A413E;T418S,1.2709118347019188,0.002316272258758545,-0.003555476665496826,0.2182295039062498,0.06466059374999977,0.0004949569702148438,17.61250001192093,-15.53928816318512,-0.19951653480529785,3,-5.3
PH20_RAW_01830,E32V;K131R;H194D;V238L;M311F;M314R;E325K;Q350R;A372E;T418S,1.2709004136539126,0.002093946933746338,-0.0024933815002441406,0.2149964742187498,0.09699089062499766,0.001169300079345703,17.7500000923872,-16.950051084160805,2.6130592823028564,3,-0.40000000000000036
PH20_RAW_01831,S23T;E32V;H194D;V238L;M314R;E325K;A372T;Q394T;V415I;A420T,1.270883144714979,0.0015204429626464843,-0.00397104024887085,0.21337995937499973,0.08890831640624963,0.0014277219772338868,16.750000122189523,-7.845836780965328,5.45548939704895,3,-0.40000000000000036
PH20_RAW_01832,S23T;E32V;K131R;Q144N;H194D;M314R;E325K;A372T;V415I;A420T,1.270454649504374,0.001427924633026123,-0.003766477108001709,0.21014692968749965,0.056578019531249524,0.0016296267509460448,16.762500110268594,-4.745982080698013,7.982639789581299,3,0.0
PH20_RAW_01833,E32I;K131R;Q144N;H194D;M311F;M314R;E325K;Q350R;A372E;V415I,1.268921158813981,0.0018065333366394042,-0.002908945083618164,0.21337995937499982,0.08890831640624963,0.0013169288635253907,18.33750008046627,-14.486888900399208,4.970132350921631,3,0.0
PH20_RAW_01834,S23T;E32V;K131R;H194D;I310L;M314R;E325K;A372T;Q394T;A420T,1.2684929529260995,0.0011304616928100586,-0.003555476665496826,0.21984601874999968,0.07274316796874913,0.0017805218696594239,17.587500086426736,-3.8520999550819397,7.389592409133911,3,0.0
PH20_RAW_01835,E32V;K131R;H194D;M311I;M314R;E325K;A372T;Q394T;A413E;V415I,1.267956160681002,0.0020251750946044924,-0.003555476665496826,0.20691389999999954,0.06466059374999888,0.0011373162269592285,16.2125000923872,-11.112058766186237,1.8104665279388428,2,-5.3
PH20_RAW_01836,S23T;E32I;H194D;V238L;M311F;E325K;Q350R;A372E;Q394T;V415I,1.2677753762828874,0.0017186045646667481,-0.0031135082244873047,0.20529738515624993,0.1293211875,0.0012296676635742188,16.500000038743018,-13.61351216584444,2.5121986865997314,2,-0.40000000000000036
PH20_RAW_01837,E32I;K131R;H194D;V238L;M311F;M314R;E325K;Q350R;A413E;A420T,1.266856093210264,0.0018497467041015624,-0.002908945083618164,0.21661298906249976,0.10507346484374924,0.0011340141296386718,15.875000128149987,-11.72218356654048,3.7980751991271973,3,-5.7
PH20_RAW_01838,S23T;E32V;K131R;V238L;M311F;D321K;A372T;Q394T;D417E;D419E,1.2663912959059078,0.0030443668365478516,-0.003555476665496826,0.20044784062499987,0.06466059374999933,0.0011660099029541016,11.499999991059303,-15.753536097705364,3.6481549739837646,3,-0.40000000000000036
PH20_RAW_01839,S23T;E32V;K131R;H194D;M311L;M314R;D321K;A372T;Q394T;T418V,1.2663454348736873,0.0015675544738769532,-0.003555476665496826,0.23439465234374976,0.07274316796874958,0.0014597535133361816,16.625000095367433,-8.671019036322832,7.446018934249878,3,0.0
PH20_RAW_01840,S23T;E32I;K131R;H194D;M311L;M314R;D321K;Q350R;Q394T;A413E,1.2660958649354053,0.0018877744674682616,-0.0026979446411132812,0.21499647421874996,0.08890831640625008,0.0012540340423583985,16.47500013113022,-12.400635253638029,5.000158071517944,3,-5.3
PH20_RAW_01841,S23T;E32V;K131R;Q144N;H194D;M311L;M314R;E325K;Q394T;T418V,1.264888487623686,0.0013279438018798829,-0.0031135082244873047,0.2069138999999999,0.06466059374999977,0.0014851093292236328,16.925000157952308,-3.8834455236792564,6.563350677490234,3,0.0
PH20_RAW_01842,E32I;K131R;Q144N;H194D;M311F;M314R;D321K;Q350R;A413E;T418S,1.2643232222340437,0.002589547634124756,-0.0024933815002441406,0.20853041484374996,0.06466059374999977,0.0009680032730102539,17.850000113248825,-21.533492513000965,3.8146233558654785,3,-5.3
PH20_RAW_01843,S23T;E32I;K131R;H194D;V238L;I310L;M314R;E325K;A372T;T418S,1.2626621108857765,0.0015364646911621093,-0.0033509135246276855,0.20368087031250007,0.056578019531249524,0.0007249712944030762,16.437500074505806,-4.7351143434643745,6.011956691741943,3,-0.40000000000000036
PH20_RAW_01844,E32I;K131R;H194D;V238L;M311F;M314R;N322K;Q394T;V415I;D419E,1.2591436411242478,0.002369070053100586,-0.0031135082244873047,0.2020643554687501,0.08890831640624963,0.0017746925354003907,14.575000104308128,-16.117244750261307,3.5209810733795166,2,-0.8000000000000003
PH20_RAW_01845,S23T;E32I;K131R;H194D;M311L;M314R;D321K;Q394T;A413E;A420T,1.2590266590589134,0.0018126964569091797,-0.0031135082244873047,0.21661298906249984,0.06466059374999977,0.001689004898071289,16.47500013113022,-11.073460698127747,5.21552586555481,2,-5.3
PH20_RAW_01846,E32I;K131R;H194D;M311F;M314R;N322K;Q350R;A372E;E393Q;V415I,1.2588045843906517,0.002000463008880615,-0.002908945083618164,0.2101469296874999,0.10507346484374969,0.0016636371612548829,16.749999997019767,-15.81492792442441,4.333871126174927,3,-0.3999999999999999
PH20_RAW_01847,S23T;E32V;K131R;Q144N;H194D;M314R;D321K;Q394T;D417E;A420T,1.257946638385908,0.0018443942070007324,-0.0026979446411132812,0.20529738515624976,0.04849544531249972,0.0019198060035705566,18.300000143051147,-12.77256727591157,7.663663387298584,3,0.0
PH20_RAW_01848,S23T;E32I;H194D;I310L;M314R;E325K;A372S;Q394T;V415I;A420T,1.2574380950934287,0.0016577005386352538,-0.003529071807861328,0.20206435546874985,0.05657801953124997,0.001639556884765625,16.37500013411045,-6.8997534327209,6.71963095664978,3,0.0
PH20_RAW_01849,S23T;E32I;H194D;M311L;M314R;D321K;Q350R;Q394T;A413E;D417E,1.2573850537517237,0.0021643519401550295,-0.0026979446411132812,0.20529738515624993,0.08890831640625008,0.0012517452239990234,17.300000143051147,-16.86880676075816,3.1383438110351562,3,-5.3
PH20_RAW_01850,S23T;E32V;K131R;H194D;M311F;M314R;Q350R;A372T;E393Q;D419E,1.2567931781272526,0.001684260368347168,-0.0033509135246276855,0.21337995937499973,0.08890831640624741,0.001306736469268799,16.11250006258488,-10.060265522450209,6.590009689331055,3,0.0
PH20_RAW_01851,S23T;E32I;K131R;Q144N;H194D;M311F;D321K;A372T;E393Q;A420T,1.255942542421619,0.001577281951904297,-0.003766477108001709,0.22146253359374982,0.06466059374999977,0.00127716064453125,17.374999952316283,-9.626379001885653,7.921560049057007,3,0.0
PH20_RAW_01852,S23T;E32V;K131R;Q144N;H194D;M311I;M314R;E325K;Q394T;T418V,1.2557997730808579,0.0013473868370056153,-0.0034452080726623535,0.20853041484374976,0.056578019531249524,0.0010143518447875977,17.20000015795231,-4.115581803023815,6.110308885574341,3,0.0
PH20_RAW_01853,S23T;E32I;H194D;V238L;M314R;E325K;A372E;Q394T;V415I;A420T,1.2554626814692824,0.0014946341514587402,-0.003529071807861328,0.20044784062499987,0.08082574218749983,0.0014870882034301758,17.700000110268594,-9.57274117320776,4.320171594619751,2,-0.40000000000000036
PH20_RAW_01854,S23T;E32I;H194D;M311I;M314R;D321K;A372S;Q394T;A413E;T418V,1.254288220556638,0.0021815776824951174,-0.003529071807861328,0.2004478406249998,0.040412871093749914,0.0006727814674377441,16.362500143051147,-12.896150555461645,4.582786321640015,2,-5.3
PH20_RAW_01855,E32I;K131R;Q144N;H194D;M311F;M314R;D321K;Q394T;A413E;A420T,1.253303489699093,0.002142035961151123,-0.0031135082244873047,0.21337995937499982,0.056578019531249524,0.0015792250633239746,18.600000113248825,-18.719167556613684,4.99167013168335,2,-5.3
PH20_RAW_01856,E32V;K131R;H194D;M311V;M314R;D321K;Q350R;Q394T;A413E;A420T,1.252788535417257,0.002429807186126709,-0.0026979446411132812,0.20206435546874957,0.06466059374999933,0.0015772700309753418,16.487500125169753,-17.950621467083693,5.355556488037109,3,-5.3
PH20_RAW_01857,S23T;E32I;K131R;H194D;V238L;M314R;E325K;Q350R;A372E;T418V,1.2527775798144116,0.0012494564056396485,-0.002908945083618164,0.20368087031249987,0.08890831640624963,0.0009012222290039062,16.350000098347664,-4.321593847125769,6.55507230758667,3,-0.40000000000000036
PH20_RAW_01858,S23T;E32I;K131R;H194D;M311L;M314R;D321K;A372E;Q394T;T418V,1.2526193340299532,0.001541745662689209,-0.0031135082244873047,0.2214625335937499,0.06466059374999977,0.0015191197395324706,17.575000083446504,-10.320906955748796,6.310701131820679,2,0.0
PH20_RAW_01859,E32V;K131R;H194D;V238L;M314R;D321K;A372T;Q394T;V415I;A420T,1.252370842223526,0.0020355820655822755,-0.003555476665496826,0.21984601874999968,0.06466059374999933,0.0016925334930419922,16.337500077486037,-13.678724404424429,6.885255336761475,3,-0.40000000000000036
PH20_RAW_01860,E32V;K131R;Q144N;H194D;M311F;M314R;E325K;A372T;A413E;T418S,1.251557164818702,0.0021735072135925294,-0.0033509135246276855,0.20206435546874973,0.05657801953124908,0.0010838866233825683,18.1125000923872,-16.584853645414114,2.1812593936920166,2,-5.3
PH20_RAW_01861,S23T;E32I;K131R;H194D;M311I;M314R;E325K;Q394T;A413E;T418V,1.248597482605966,0.0015072107315063476,-0.0031135082244873047,0.20853041484374976,0.06466059374999933,0.00078355073928833,15.812500146031379,-4.862837307155132,3.2420506477355957,2,-5.3
PH20_RAW_01862,S23T;E32I;K131R;H194D;V238L;M311I;M314R;D321K;Q394T;D417E,1.2477677518698045,0.0018974065780639649,-0.0026979446411132812,0.21499647421874996,0.06466059374999977,0.0007424354553222656,16.67500013113022,-11.616676706820726,5.356698751449585,3,-0.40000000000000036
PH20_RAW_01863,S23T;E32I;H194D;M311V;M314R;E325K;A372T;Q394T;V415I;D419E,1.2471969274642842,0.0020155787467956545,-0.00397104024887085,0.20368087031249987,0.06466059374999977,0.0009589195251464844,16.400000110268593,-11.881503149867058,4.277372598648071,3,0.0
PH20_RAW_01864,S23T;E32I;K131R;H194D;I310L;D321K;Q350R;A372T;Q394T;V415I,1.246646321485867,0.0017177700996398927,-0.0031399130821228027,0.21176344453124987,0.08082574218749983,0.0014944791793823243,15.17499998807907,-8.938404329121113,7.5414509773254395,3,0.0
PH20_RAW_01865,E32V;K131R;H194D;M311V;M314R;D321K;A372T;Q394T;D417E;D419E,1.2465671924051618,0.0026297569274902344,-0.0031399130821228027,0.20206435546874965,0.040412871093749025,0.0014519691467285156,16.98750007748604,-19.475628580898046,4.977080583572388,3,0.0
PH20_RAW_01866,S23T;E32I;K131R;H194D;V238L;M311I;D321K;Q350R;V415I;A420T,1.244033904356963,0.001892256736755371,-0.002908945083618164,0.2149964742187497,0.08082574218749983,0.0011527657508850098,13.000000059604645,-7.2179007939994335,6.804373741149902,3,-0.40000000000000036
PH20_RAW_01867,S23T;E32I;Q144N;H194D;M311F;D321K;Q350R;Q394T;D417E;D419E,1.2431499653880214,0.0023132443428039553,-0.0026979446411132812,0.20044784062499996,0.08890831640625008,0.0014546513557434082,17.375000071525573,-19.969535931944847,4.096759080886841,3,0.0
PH20_RAW_01868,S23T;E32V;K131R;Q144N;H194D;V238L;M311F;E325K;Q350R;Q394T,1.2416303189087723,0.0014859437942504883,-0.0026979446411132812,0.20044784062499996,0.11315603906249994,0.0012223124504089355,16.237500086426735,-9.407686837017536,5.297899961471558,3,-0.40000000000000036
PH20_RAW_01869,E32I;K131R;H194D;V238L;M314R;D321K;Q350R;A372E;Q394T;V415I,1.2403261527616543,0.0020848512649536133,-0.0026979446411132812,0.20529738515624993,0.08082574218749983,0.0013169288635253907,17.28750006556511,-16.900686629116535,5.53456974029541,3,-0.40000000000000036
PH20_RAW_01870,S23T;E32I;K131R;Q144N;H194D;M314R;D321K;Q394T;V415I;A420T,1.2400437195436649,0.0017453551292419434,-0.0031135082244873047,0.21337995937499993,0.04849544531250016,0.0016915678977966308,17.30000013113022,-11.012254532426596,8.393721342086792,3,0.0
PH20_RAW_01871,S23T;E32I;K131R;H194D;V238L;E325K;A372T;E393Q;V415I;A420T,1.239712707873663,0.0013910412788391113,-0.003766477108001709,0.2004478406249998,0.07274316796874958,0.0011850237846374513,14.024999967217445,-0.847342811524868,6.064218759536743,3,-0.40000000000000036
PH20_RAW_01872,S23T;E32I;K131R;Q144N;H194D;M311F;M314R;Q350R;E393Q;V415I,1.2392824598650931,0.0015359878540039062,-0.002908945083618164,0.20206435546875,0.08890831640625008,0.0011054277420043945,16.175000098347663,-9.029837280511856,7.735811948776245,3,0.0
PH20_RAW_01873,E32V;Q144N;H194D;M311F;M314R;E325K;Q350R;Q394T;A413E;A420T,1.2388470261229427,0.0018777012825012206,-0.0031135082244873047,0.20529738515624968,0.09699089062499944,0.0015811920166015625,18.962500151991843,-17.43878059461713,2.7726542949676514,3,-5.3
PH20_RAW_01874,S23T;E32V;H194D;I310L;M314R;N322K;A372T;Q394T;V415I;A420T,1.2379802812675444,0.0015676617622375488,-0.00397104024887085,0.2004478406249998,0.07274316796874958,0.0022783994674682615,16.287500074505807,-9.213263418525457,6.619373798370361,2,-0.3999999999999999
PH20_RAW_01875,S23T;E32I;K131R;H194D;V238L;M311F;M314R;N322K;Q394T;V415I,1.237400336207955,0.001767730712890625,-0.0031135082244873047,0.21337995937500018,0.10507346484375013,0.0015137434005737306,14.925000122189521,-12.17388315871358,5.251441955566406,2,-0.8000000000000003
PH20_RAW_01876,E32I;Q144N;H194D;M311F;M314R;D321K;A372T;Q394T;A413E;T418V,1.2370661178544058,0.0021417737007141113,-0.00397104024887085,0.21176344453124987,0.056578019531249524,0.0009441971778869629,19.25000007748604,-20.198507133871317,4.350177526473999,2,-5.3
PH20_RAW_01877,S23T;E32I;K131R;H194D;M311L;M314R;E325K;A413E;D417E;A420T,1.2369776473256715,0.001605856418609619,-0.002908945083618164,0.2036808703124997,0.06466059374999933,0.0016212344169616699,15.38750014603138,-6.002668984234333,3.464984655380249,2,-5.3
PH20_RAW_01878,S23T;E32I;K131R;H194D;M311L;M314R;D321K;Q350R;A372T;A413E,1.2366530844779033,0.0017290234565734864,-0.0033509135246276855,0.21984601874999984,0.08082574218749983,0.0009882211685180663,16.150000083446503,-10.83866536989808,5.990371942520142,3,-5.3
PH20_RAW_01879,S23T;E32V;H194D;M311L;M314R;E325K;Q350R;A372E;Q394T;T418V,1.23277171902558,0.0012774109840393067,-0.0031135082244873047,0.21337995937499973,0.10507346484374969,0.0015210866928100585,17.937500122189523,-9.285572331398726,4.0916852951049805,3,0.0
PH20_RAW_01880,E32I;K131R;H194D;I310L;M314R;D321K;Q350R;A372E;Q394T;D417E,1.232755392947434,0.001971447467803955,-0.002282381057739258,0.20206435546874985,0.06466059374999933,0.0016674399375915527,18.95000004172325,-17.214655712246895,5.606858491897583,3,0.0
PH20_RAW_01881,E32I;K131R;H194D;M311I;M314R;D321K;A372E;Q394T;D417E;A420S,1.2318755501482253,0.002334439754486084,-0.0026979446411132812,0.2036808703124998,0.040412871093749025,0.0013962984085083008,18.425000065565108,-19.13168079778552,2.74812650680542,2,0.0
PH20_RAW_01882,E32V;Q144N;H194D;V238L;M311F;M314R;E325K;Q394T;D417E;A420T,1.2296472420391809,0.0018678903579711914,-0.0031135082244873047,0.2036808703124998,0.08082574218749938,0.0015403509140014648,18.887500151991844,-16.420885112136602,3.5822367668151855,3,-0.40000000000000036
PH20_RAW_01883,S23T;E32I;H194D;M311F;M314R;N322K;Q350R;Q394T;V415I;D419E,1.229262500823148,0.002054119110107422,-0.0031135082244873047,0.21499647421875007,0.12123861328125018,0.001750338077545166,15.60000013411045,-17.164984215050936,3.6930994987487793,3,-0.3999999999999999
PH20_RAW_01884,S23T;E32V;K131R;H194D;M311F;M314R;N322K;A372T;A413E;A420T,1.2280635048682957,0.001642751693725586,-0.003766477108001709,0.21337995937499965,0.08890831640624919,0.0019519805908203125,15.675000086426735,-12.059653669595718,4.917383193969727,1,-5.699999999999999
PH20_RAW_01885,S23T;E32I;Q144N;H194D;M311I;M314R;D321K;Q350R;A372T;A413E,1.227606356017947,0.0018335223197937013,-0.003766477108001709,0.20206435546874985,0.05657801953124997,0.00034248828887939453,18.312500095367433,-13.46006178110838,5.533602714538574,3,-5.3
PH20_RAW_01886,E32I;K131R;H194D;D321K;E325K;Q350R;A372E;Q394T;A413E;T418S,1.2273188645953743,0.0024367690086364744,-0.002282381057739258,0.2004478406249998,0.07274316796874958,0.0012941479682922364,17.849999982118607,-19.779336392879486,-0.22934889793395996,3,-5.3
PH20_RAW_01887,S23T;E32I;K131R;H194D;M311I;M314R;E325K;A413E;D417E;A420T,1.2271121934239413,0.0016252994537353516,-0.002908945083618164,0.20529738515624957,0.05657801953124908,0.0011504769325256347,15.66250014603138,-6.270111598074436,3.0119428634643555,2,-5.3
PH20_RAW_01888,E32I;K131R;H194D;V238L;M311F;M314R;E325K;Q350R;Q394T;A413E,1.2270383860591545,0.0018262147903442382,-0.0026979446411132812,0.21176344453124996,0.11315603906249949,0.0008768677711486816,16.675000128149986,-14.53562469035387,2.3604249954223633,3,-5.7
PH20_RAW_01889,E32I;K131R;H194D;V238L;M311V;M314R;D321K;Q394T;V415I;A420T,1.2268492302802534,0.0023209571838378905,-0.0031135082244873047,0.20853041484374985,0.04849544531249972,0.0013081908226013183,15.412500113248825,-15.119531523436308,6.895196914672852,3,-0.40000000000000036
PH20_RAW_01890,S23T;E32I;H194D;M311F;D321K;Q350R;A372E;Q394T;A413E;A420T,1.2267741097525684,0.0019110560417175293,-0.0031135082244873047,0.20853041484374968,0.10507346484374969,0.0017298460006713867,17.787500023841858,-19.822532638907433,2.589221477508545,1,-5.3
PH20_RAW_01891,E32V;K131R;H194D;M311F;M314R;D321K;Q350R;A372E;Q394T;A420T,1.22663267622314,0.001846623420715332,-0.0026979446411132812,0.23924419687499957,0.10507346484374924,0.0020209789276123048,19.11250007748604,-21.06270369514823,5.391990423202515,3,0.0
PH20_RAW_01892,E32I;K131R;H194D;V238L;M311F;D321K;A372S;Q394T;V415I;A420K,1.2258126661714308,0.0028785943984985353,-0.0026979446411132812,0.20206435546874993,0.06466059374999977,0.0015817523002624513,13.800000041723251,-19.4781721457839,3.3036203384399414,3,-0.40000000000000036
PH20_RAW_01893,S23T;E32I;K131R;Q144N;H194D;M311F;D321K;Q350R;A372T;V415I,1.2255775967408011,0.0018105745315551759,-0.0033509135246276855,0.22307904843749987,0.08890831640625008,0.0011683344841003419,15.775000011920929,-13.369966421276331,7.57596230506897,3,0.0
PH20_RAW_01894,S23T;E32I;K131R;H194D;V238L;M311F;E325K;Q350R;Q394T;V415I,1.225231629472339,0.0015784263610839843,-0.0026979446411132812,0.21822950390624998,0.1293211875,0.0011667609214782715,14.175000074505807,-9.260056983679533,4.169871091842651,3,-0.40000000000000036
PH20_RAW_01895,E32I;Q144N;H194D;I310L;M314R;D321K;A372T;Q394T;V415I;A420T,1.2246547196229258,0.0019081950187683106,-0.00397104024887085,0.20529738515624985,0.032330296874999664,0.0016398310661315918,18.88750005364418,-14.72547860443592,7.683874607086182,3,0.0
PH20_RAW_01896,S23T;E32V;K131R;H194D;M311F;M314R;N322K;Q350R;A372T;A420S,1.2245243716733805,0.00179518461227417,-0.0033509135246276855,0.2214625335937499,0.09699089062499722,0.0016922593116760255,15.725000086426736,-13.195325393229723,6.103755712509155,3,-0.3999999999999999
PH20_RAW_01897,S23T;E32I;K131R;Q144N;H194D;M311L;M314R;E325K;V415I;A420T,1.2243191582500836,0.0013469934463500976,-0.0033245086669921875,0.21176344453124987,0.05657801953124997,0.0016237974166870117,15.77500014603138,-3.5840944051742554,7.063300848007202,3,0.0
PH20_RAW_01898,S23T;E32V;H194D;V238L;M311F;M314R;E325K;A372S;Q394T;T418S,1.2241136079785944,0.0020143866539001467,-0.0031135082244873047,0.21014692968749998,0.08890831640625008,0.0009086370468139648,17.18750016987324,-16.17984876409173,2.959419012069702,3,-0.40000000000000036
PH20_RAW_01899,S23T;E32V;H194D;M314R;E325K;Q350R;A372T;Q394T;A413E;T418V,1.2238283831907661,0.0014630436897277832,-0.003555476665496826,0.20529738515624968,0.09699089062499944,0.0010582327842712403,17.10000012218952,-9.474828455597162,3.796710968017578,3,-5.3
PH20_RAW_01900,S23T;E32V;K131R;H194D;V238L;M311F;M314R;Q350R;Q394T;D419E,1.2236205808783716,0.0016765236854553224,-0.0026979446411132812,0.20206435546874993,0.11315603906249727,0.001482987403869629,15.187500169873237,-12.503599293529987,5.583012819290161,2,-0.40000000000000036
PH20_RAW_01901,S23T;E32V;H194D;M314R;D321K;Q350R;A372E;Q394T;D417E;A420T,1.2233533602167261,0.0017938613891601562,-0.0026979446411132812,0.2117634445312496,0.08890831640624963,0.0019557833671569823,19.31250010728836,-18.287262700498104,5.19199800491333,3,0.0
PH20_RAW_01902,S23T;E32I;K131R;H194D;M311V;M314R;D321K;A372S;Q394T;V415I,1.2232307895074064,0.002279078960418701,-0.0031135082244873047,0.20529738515624993,0.04041287109375036,0.0010523438453674317,15.300000131130219,-14.077614929527044,7.899394273757935,3,0.0
PH20_RAW_01903,S23T;E32I;K131R;Q144N;V238L;M311F;M314R;D321K;A372E;Q394T,1.2230772961477858,0.002406144142150879,-0.003529071807861328,0.20044784062500023,0.04849544531250016,0.0006770968437194824,15.687500050663948,-16.180367439985275,6.03216814994812,3,-0.40000000000000036
PH20_RAW_01904,E32I;K131R;H194D;V238L;M311F;M314R;E325K;Q394T;A413E;A420T,1.2229735151092678,0.0017511367797851563,-0.0031135082244873047,0.21337995937499982,0.08890831640624919,0.0013118386268615723,16.675000128149986,-13.071889456361532,2.5757927894592285,2,-5.7
PH20_RAW_01905,S23T;E32I;K131R;H194D;M311I;M314R;D321K;Q394T;A413E;T418S,1.222818626124036,0.002181041240692139,-0.0026979446411132812,0.2101469296874999,0.04849544531249972,0.0007848501205444336,16.80000013113022,-15.208558406680822,2.363154888153076,2,-5.3
PH20_RAW_01906,S23T;E32V;H194D;M311I;M314R;E325K;Q350R;A372E;Q394T;T418V,1.2223217862687115,0.001296854019165039,-0.0031135082244873047,0.21499647421874962,0.09699089062499677,0.0010503292083740234,18.21250012218952,-9.579582165926695,3.638643503189087,3,0.0
PH20_RAW_01907,S23T;E32I;H194D;V238L;M311F;E325K;A372T;Q394T;A413E;T418V,1.2213084486031733,0.001570427417755127,-0.00397104024887085,0.20044784062499987,0.09699089062499944,0.0007914543151855469,15.50000003874302,-9.844062004238367,2.003516912460327,1,-5.7
PH20_RAW_01908,S23T;E32I;K131R;H194D;M311V;M314R;D321K;A372T;Q394T;A413E,1.2209388369151135,0.001996719837188721,-0.003555476665496826,0.20368087031249987,0.04849544531249972,0.0007875323295593262,17.012500083446504,-14.447681907564402,5.6973700523376465,2,-5.3
PH20_RAW_01909,S23T;E32I;K131R;H194D;V238L;M311F;E325K;Q350R;Q394T;D419E,1.2199335677327627,0.0016457676887512208,-0.0026979446411132812,0.21014692968749998,0.12123861328124974,0.001189553737640381,14.625000074505806,-9.926687881350517,3.542695999145508,3,-0.40000000000000036
PH20_RAW_01910,S23T;E32I;K131R;Q144N;H194D;M311F;M314R;D321K;Q394T;A420T,1.2193648406931639,0.001540696620941162,-0.0031135082244873047,0.23439465234374995,0.07274316796875002,0.0015163183212280273,18.72500013113022,-14.44304620474577,7.835185289382935,3,0.0
PH20_RAW_01911,S23T;E32I;K131R;H194D;M314R;D321K;A372T;A413E;D417E;A420T,1.2190734158936842,0.0018454670906066894,-0.0033509135246276855,0.21014692968749965,0.048495445312499275,0.001423192024230957,16.587500083446503,-12.059132512658834,5.785619020462036,2,-5.3
PH20_RAW_01912,E32V;K131R;H194D;V238L;M311I;M314R;E325K;Q350R;A372T;A413E,1.2189355186487005,0.0017990827560424804,-0.0033509135246276855,0.2004478406249996,0.0727431679687478,0.0005437850952148438,15.7625000923872,-9.101237930357456,3.146195888519287,3,-5.7
PH20_RAW_01913,S23T;E32I;K131R;H194D;V238L;M311L;D321K;Q350R;Q394T;V415I,1.218880350963388,0.0018492817878723144,-0.0026979446411132812,0.20853041484375004,0.09699089062500033,0.0013663768768310547,13.525000059604645,-9.545776583254337,5.819765329360962,3,-0.40000000000000036
PH20_RAW_01914,S23T;E32I;H194D;V238L;M314R;D321K;Q350R;A372T;Q394T;A413E,1.2168841023023726,0.0018215417861938477,-0.003555476665496826,0.20206435546875,0.08890831640625008,0.0006136298179626465,17.637500095367432,-15.245423663407564,4.9011876583099365,3,-5.7
PH20_RAW_01915,E32V;K131R;Q144N;H194D;M311F;D321K;A372T;Q394T;D417E;D419E,1.216817645873149,0.0024123430252075196,-0.0031399130821228027,0.2004478406249997,0.05657801953124908,0.0018353462219238281,17.225000005960464,-20.62896467000246,3.8931610584259033,2,0.0
PH20_RAW_01916,E32V;K131R;Q144N;H194D;M311I;M314R;D321K;A372T;Q394T;V415I,1.215907071660763,0.0020240306854248046,-0.004145503044128418,0.2149964742187497,0.04041287109374947,0.00116424560546875,17.81250007748604,-15.041727151721716,6.080020189285278,3,0.0
PH20_RAW_01917,E32I;K131R;H194D;V238L;M311I;M314R;D321K;Q350R;A413E;T418S,1.21520918225052,0.0024889469146728515,-0.0024933815002441406,0.20044784062499987,0.056578019531249524,0.0004294753074645996,15.550000113248824,-16.55607357993722,2.5955984592437744,3,-5.7
PH20_RAW_01918,S23T;E32V;K131R;H194D;M311F;M314R;N322K;A372T;Q394T;A420S,1.214164557183229,0.0016965746879577636,-0.003555476665496826,0.21822950390624998,0.09699089062499944,0.0018700838088989257,16.525000086426736,-14.49082824960351,4.8814733028411865,2,-0.3999999999999999
PH20_RAW_01919,E32V;Q144N;H194D;V238L;M311L;M314R;D321K;A372T;Q394T;T418V,1.213877332814216,0.001861906051635742,-0.00397104024887085,0.20206435546874993,0.04849544531249972,0.0011072278022766114,18.062500089406967,-13.80377596616745,6.452452659606934,3,-0.40000000000000036
PH20_RAW_01920,E32I;K131R;H194D;V238L;M311L;M314R;D321K;Q350R;Q394T;A413E,1.2136133141389487,0.0020970702171325684,-0.0026979446411132812,0.20206435546875,0.08082574218749983,0.001076483726501465,16.025000113248826,-15.142880354076624,4.010319232940674,3,-5.7
PH20_RAW_01921,E32I;K131R;Q144N;H194D;M311L;M314R;E325K;A372T;V415I;A420S,1.213608081409892,0.001843404769897461,-0.003766477108001709,0.20044784062499996,0.04041287109374947,0.0013389945030212401,16.17500008046627,-8.78887489438057,5.174089670181274,3,0.0
PH20_RAW_01922,E32V;K131R;Q144N;H194D;V238L;M311F;D321K;A372T;Q394T;T418V,1.2132639802858767,0.0019257426261901855,-0.003555476665496826,0.20691389999999982,0.06466059374999933,0.00128706693649292,16.475000005960464,-14.781260319054127,6.301541090011597,2,-0.40000000000000036
PH20_RAW_01923,S23T;E32I;K131R;H194D;V238L;M314R;D321K;A372E;Q394T;A420T,1.2128410394234774,0.0014757752418518067,-0.0031135082244873047,0.2101469296874999,0.06466059374999977,0.0015137434005737306,18.087500083446503,-11.995624143630266,6.8532233238220215,2,-0.40000000000000036
PH20_RAW_01924,E32V;K131R;Q144N;H194D;M311I;M314R;D321K;A372T;Q394T;D419E,1.2123724307414228,0.002091372013092041,-0.003555476665496826,0.2069138999999997,0.03233029687499922,0.0011870384216308594,18.262500077486038,-15.628202557563782,5.452845096588135,3,0.0
PH20_RAW_01925,E32I;K131R;H194D;V238L;M311F;M314R;E325K;Q394T;V415I;A420T,1.2116868112961947,0.00168379545211792,-0.0031135082244873047,0.23116162265624984,0.09699089062499944,0.0014870882034301758,16.000000128149985,-12.27201795578003,4.316022157669067,3,-0.40000000000000036
PH20_RAW_01926,S23T;E32I;K131R;H194D;V238L;M314R;E325K;A372E;Q394T;T418V,1.2114859119097199,0.0011508464813232422,-0.0031135082244873047,0.20044784062499996,0.07274316796874958,0.0010790467262268067,17.150000098347665,-5.553531091660261,5.332789897918701,2,-0.40000000000000036
PH20_RAW_01927,S23T;E32I;K131R;H194D;V238L;M311L;D321K;Q394T;V415I;A420T,1.2106620378691075,0.0017742037773132325,-0.0031135082244873047,0.2101469296874999,0.07274316796875002,0.0018013477325439452,13.525000059604645,-8.270834174007177,6.035133123397827,2,-0.40000000000000036
PH20_RAW_01928,S23T;E32I;K131R;H194D;M311F;M314R;N322K;Q350R;A372E;V415I,1.2102562841378304,0.0016246795654296874,-0.002908945083618164,0.21661298906249993,0.11315603906249994,0.0017516255378723145,15.950000074505805,-14.230645641684532,5.306926965713501,2,-0.3999999999999999
PH20_RAW_01929,E32I;Q144N;H194D;M311F;M314R;E325K;A372T;Q394T;V415I;D419E,1.2101979692132154,0.001978611946105957,-0.00397104024887085,0.21337995937499993,0.07274316796874958,0.0012276530265808105,18.4625000923872,-17.40914746746421,3.1242363452911377,3,0.0
PH20_RAW_01930,E32I;K131R;H194D;M311F;M314R;E325K;A372T;Q394T;V415I;D419E,1.2098572003048735,0.0018935561180114745,-0.003555476665496826,0.23277813749999982,0.08890831640624919,0.0014026284217834473,16.57500008046627,-15.033468373119831,3.1279637813568115,3,0.0
PH20_RAW_01931,S23T;E32I;H194D;M311V;M314R;D321K;Q350R;Q394T;A413E;A420T,1.2080478204779408,0.002073347568511963,-0.0031135082244873047,0.2036808703124998,0.07274316796875002,0.0011085867881774902,17.112500143051147,-16.976550366729498,5.327085971832275,3,-5.3
PH20_RAW_01932,S23T;E32I;K131R;H194D;V238L;I310L;D321K;Q350R;A372T;A420T,1.2078315134292186,0.0014165997505187987,-0.0033509135246276855,0.20691389999999982,0.07274316796874958,0.00133591890335083,14.724999988079071,-5.5499593280255795,9.092548131942749,3,-0.40000000000000036
PH20_RAW_01933,S23T;E32I;H194D;M311I;M314R;E325K;A372T;Q394T;V415I;D419E,1.2070103388880717,0.0016687154769897462,-0.00397104024887085,0.2182295039062498,0.07274316796874958,0.0008666753768920898,16.61250011026859,-9.987489849328995,2.895050287246704,3,0.0
PH20_RAW_01934,S23T;E32I;K131R;M311I;M314R;D321K;Q394T;A413E;V415I;A420T,1.2067077313261951,0.0027013778686523437,-0.003529071807861328,0.20853041484374976,0.032330296874999664,0.0009648919105529786,11.612500098347663,-11.436301466077566,3.9013397693634033,3,-5.3
PH20_RAW_01935,S23T;E32I;Q144N;H194D;M311F;M314R;D321K;A372T;Q394T;T418V,1.2056324022057154,0.0015404343605041504,-0.00397104024887085,0.23277813749999998,0.07274316796875002,0.0008812904357910156,19.375000095367433,-15.808525174856186,7.193692684173584,3,0.0
PH20_RAW_01936,E32I;K131R;Q144N;H194D;M311F;D321K;Q350R;A372E;E393Q;A420T,1.2051059957464874,0.0018022775650024414,-0.002908945083618164,0.2069138999999997,0.07274316796874958,0.0016033053398132324,18.27499993443489,-16.017025753855705,5.996992349624634,3,0.0
PH20_RAW_01937,S23T;E32V;K131R;Q144N;H194D;M311I;M314R;D321K;A372T;T418S,1.2046754178358379,0.0018624663352966309,-0.0038697123527526855,0.2149964742187498,0.032330296874999664,0.0007498383522033692,17.86250009536743,-12.71309294179082,6.2216269969940186,3,0.0
PH20_RAW_01938,E32I;K131R;H194D;M311I;M314R;D321K;A372T;Q394T;A413E;V415I,1.204360686194187,0.002183854579925537,-0.003555476665496826,0.2149964742187497,0.048495445312499275,0.0009334444999694824,16.425000065565108,-15.986441519111395,3.211761951446533,2,-5.3
PH20_RAW_01939,E32I;K131R;H194D;M311L;M314R;D321K;A372E;Q394T;D417E;D419E,1.2038094809653148,0.0022376418113708497,-0.0026979446411132812,0.20206435546874985,0.048495445312499275,0.0018898487091064454,17.87500006556511,-18.905445855110884,2.912482261657715,2,0.0
PH20_RAW_01940,S23T;E32I;Q144N;H194D;I310L;M314R;D321K;A372T;Q394T;A420T,1.2034008297450873,0.001374197006225586,-0.00397104024887085,0.20853041484374996,0.040412871093749914,0.001401674747467041,19.687500071525573,-11.185680784285069,8.787160396575928,3,0.0
PH20_RAW_01941,E32I;K131R;H194D;M311I;M314R;D321K;A372S;Q394T;V415I;D419E,1.2031383833709086,0.002533555030822754,-0.0031135082244873047,0.20853041484374976,0.032330296874999664,0.0012210488319396972,15.162500113248825,-16.201923333108425,4.786611080169678,3,0.0
PH20_RAW_01942,S23T;E32T;K131R;H194D;M311F;E325K;Q350R;A372T;Q394T;T418V,1.2018273039079954,0.001866614818572998,-0.0027243494987487793,0.21014692968749973,0.10507346484374658,0.00189741849899292,15.425000014901162,-12.867789771407843,1.3977503776550293,3,0.0
PH20_RAW_01943,S23T;E32I;K131R;Q144N;H194D;M311F;M314R;E325K;A372E;Q394T,1.2015732924720333,0.0011739253997802735,-0.0031135082244873047,0.213379959375,0.08082574218749983,0.0012565970420837403,19.937500098347662,-12.397315077483654,4.851135730743408,2,0.0
PH20_RAW_01944,S23T;E32I;H194D;M311I;M314R;D321K;A372T;Q394T;D417E;A420S,1.1999279078315126,0.002003788948059082,-0.003555476665496826,0.2182295039062499,0.056578019531249524,0.0008682489395141601,18.10000009536743,-16.550132151693106,3.854973793029785,3,0.0
PH20_RAW_01945,E32I;K131R;H194D;M311I;M314R;D321K;A372T;Q394T;A413E;D419E,1.1994302060605218,0.0022511959075927736,-0.003555476665496826,0.2069138999999997,0.040412871093749025,0.0009562373161315918,16.87500006556511,-16.63636416196823,2.5845868587493896,2,-5.3
PH20_RAW_01946,E32V;K131R;H194D;M311L;M314R;E325K;Q350R;A413E;D417E;A420T,1.198436625885067,0.0018566608428955077,-0.0024933815002441406,0.20206435546874948,0.08082574218749894,0.0018880128860473632,15.337500140070915,-10.808453980833292,2.675734758377075,3,-5.3
PH20_RAW_01947,S23T;E32I;Q144N;H194D;M311F;M314R;E325K;A372S;Q394T;D419E,1.1982987901230675,0.0017943143844604491,-0.003529071807861328,0.20044784062500004,0.06466059375000022,0.0010790586471557616,18.22500015795231,-14.491151697933674,4.689316987991333,3,0.0
PH20_RAW_01948,S23T;E32I;K131R;Q144N;H194D;M311I;M314R;D321K;Q394T;T418V,1.1968668433213685,0.00150606632232666,-0.0031135082244873047,0.21661298906249993,0.040412871093749914,0.0008104801177978516,17.41250013113022,-8.778030704706907,7.511604309082031,3,0.0
PH20_RAW_01949,S23T;E32V;K131R;H194D;V238L;M311I;D321K;Q350R;A372T;D417E,1.1959012603933747,0.0018090128898620606,-0.002935349941253662,0.20691389999999962,0.08082574218749938,0.0008580446243286133,14.475000023841858,-10.083097286522388,5.626879453659058,3,-0.40000000000000036
PH20_RAW_01950,S23T;E32V;K131R;H194D;V238L;M311F;M314R;Q350R;A372T;V415I,1.1946570285708964,0.0014504313468933106,-0.0033509135246276855,0.2149964742187498,0.11315603906249949,0.0011943817138671876,14.412500122189522,-10.49403640255332,7.200401782989502,2,-0.40000000000000036
PH20_RAW_01951,E32I;K131R;H194D;V238L;M311F;M314R;E325K;A372T;A413E;A420T,1.193674096697054,0.0015923857688903808,-0.003766477108001709,0.2182295039062497,0.08082574218749894,0.0010460257530212403,16.35000008046627,-11.50340311601758,3.566006660461426,2,-5.7
PH20_RAW_01952,S23T;E32I;K131R;Q144N;H194D;M311L;M314R;D321K;A372E;Q394T,1.191622075093606,0.0014447808265686036,-0.0031135082244873047,0.20368087031250007,0.04849544531250016,0.0014562129974365235,19.287500083446503,-12.846668262034655,6.501029968261719,2,0.0
PH20_RAW_01953,S23T;E32I;H194D;V238L;M311I;M314R;E325K;Q350R;A372T;A413E,1.190686327392935,0.0014426231384277344,-0.003766477108001709,0.20206435546874985,0.08890831640624963,7.510185241699219e-05,16.387500110268594,-8.112331591546535,3.117725372314453,3,-5.7
PH20_RAW_01954,S23T;E32I;K131R;H194D;M311F;M314R;E325K;A372T;Q394T;V415I,1.1903609533033148,0.0012922167778015136,-0.003555476665496826,0.2440937414062499,0.10507346484374969,0.0011416792869567872,16.925000098347663,-10.987967785447836,4.858424663543701,3,0.0
PH20_RAW_01955,S23T;E32I;H194D;M311F;M314R;N322K;Q350R;A372T;A413E;D419E,1.1898714877620886,0.001962709426879883,-0.003766477108001709,0.20206435546874993,0.09699089062499766,0.0013092756271362305,15.950000086426735,-16.63333074003458,2.9430840015411377,2,-5.699999999999999
PH20_RAW_01956,E32V;K131R;Q144N;H194D;M311I;M314R;D321K;Q350R;A372E;A420T,1.1884434748348909,0.0017385601997375489,-0.0045233964920043945,0.2085304148437495,0.048495445312499275,0.001509380340576172,18.712500077486037,-14.860538024455309,6.696388483047485,3,0.0
PH20_RAW_01957,S23T;E32I;K131R;H194D;M311I;M314R;N322K;Q350R;V415I;D419E,1.1883569597524781,0.0018610000610351563,-0.002908945083618164,0.20368087031249987,0.08082574218749983,0.00141371488571167,13.312500122189523,-8.695119939744473,5.001224994659424,3,-0.3999999999999999
PH20_RAW_01958,S23T;E32V;K131R;H194D;M311F;M314R;N322K;A372S;Q394T;D419E,1.187355409080386,0.0019689202308654785,-0.0031135082244873047,0.20206435546874993,0.08082574218749983,0.0019824385643005373,15.212500134110451,-15.073489598929882,5.054582118988037,2,-0.3999999999999999
PH20_RAW_01959,E32V;K131R;V238L;M311F;M314R;D321K;A372T;Q394T;A413E;A420T,1.1870130976653366,0.002767503261566162,-0.00397104024887085,0.21337995937499973,0.05657801953124908,0.0010886788368225098,13.300000044703484,-18.618971899151802,3.7253456115722656,3,-5.7
PH20_RAW_01960,S23T;E32I;Q144N;H194D;M311F;D321K;Q350R;Q394T;A413E;A420T,1.182046271945119,0.0018559336662292481,-0.0031135082244873047,0.20206435546874985,0.08890831640625008,0.0014919638633728027,17.350000071525574,-17.959522910416126,4.243166446685791,2,-5.3
PH20_RAW_01961,S23T;E32I;H194D;M311F;M314R;E325K;Q350R;A372E;Q394T;T418V,1.179172109133989,0.0011652350425720216,-0.0031135082244873047,0.23116162265624984,0.12123861328124974,0.0011175990104675293,18.80000011026859,-13.70857248082757,3.8430864810943604,3,0.0
PH20_RAW_01962,S23T;E32I;K131R;Q144N;H194D;M311F;D321K;A372T;Q394T;D419E,1.1787566976343293,0.0017793059349060058,-0.003555476665496826,0.21176344453124996,0.06466059374999977,0.0013689517974853516,17.02500001192093,-15.279042266309261,5.726504802703857,2,0.0
PH20_RAW_01963,S23T;E32I;K131R;H194D;V238L;M314R;E325K;A372T;V415I;A420T,1.1771440490414729,0.001195704936981201,-0.003766477108001709,0.2182295039062498,0.07274316796874958,0.0011583685874938965,15.050000098347663,-3.945139069110155,6.968057870864868,3,-0.40000000000000036
PH20_RAW_01964,S23T;E32I;H194D;V238L;M311I;M314R;E325K;A372T;Q394T;A420S,1.1754044705328075,0.00142136812210083,-0.00397104024887085,0.20853041484375004,0.07274316796874958,0.0004281759262084961,17.23750011026859,-8.957863584160805,3.2971832752227783,3,-0.40000000000000036
PH20_RAW_01965,S23T;E32V;Q144N;H194D;M311F;D321K;Q350R;A372S;D417E;A420T,1.1741261927599522,0.0020785808563232424,-0.002908945083618164,0.2004478406249996,0.07274316796875002,0.001719200611114502,16.3125000834465,-17.727442890405655,6.705346584320068,3,0.0
PH20_RAW_01966,S23T;E32I;K131R;H194D;V238L;M311I;D321K;Q350R;A372T;D419E,1.1740401631390394,0.001777315139770508,-0.0033509135246276855,0.20691389999999982,0.07274316796874958,0.0006525993347167968,13.925000011920929,-8.928511653095484,5.729762315750122,3,-0.40000000000000036
PH20_RAW_01967,S23T;E32I;K131R;H194D;V238L;M311F;D321K;A372T;Q394T;T418V,1.1724376195766466,0.001484227180480957,-0.003555476665496826,0.22792859296874993,0.08890831640624963,0.000993359088897705,15.212500011920929,-11.238095436245203,6.2767980098724365,2,-0.40000000000000036
PH20_RAW_01968,E32I;K131R;Q144N;H194D;V238L;M311F;D321K;Q350R;A372T;V415I,1.172405067583215,0.0020198702812194826,-0.0033509135246276855,0.2101469296874999,0.08082574218749983,0.0009907841682434081,15.324999994039535,-16.14357417449355,6.586123466491699,3,-0.40000000000000036
PH20_RAW_01969,E32I;K131R;H194D;V238L;M311L;M314R;D321K;A372T;V415I;A420T,1.1713635512990104,0.0017958998680114747,-0.003766477108001709,0.2263120781249998,0.056578019531249524,0.0014208912849426269,15.02500006556511,-11.20164044573903,6.956130266189575,3,-0.40000000000000036
PH20_RAW_01970,S23T;E32I;K131R;M311I;M314R;D321K;A372T;Q394T;A413E;A420S,1.1704528421323501,0.0026637911796569824,-0.00397104024887085,0.20044784062499996,0.024247722656249415,0.00044193267822265623,12.812500050663948,-13.296280611306429,3.1154143810272217,3,-5.3
PH20_RAW_01971,E32I;K131R;Q144N;H194D;M311F;M314R;D321K;A372T;Q394T;V415I,1.1697182497716254,0.0018924117088317872,-0.003555476665496826,0.23116162265624993,0.06466059374999977,0.001231515407562256,18.40000006556511,-19.308860410004854,6.284463167190552,3,0.0
PH20_RAW_01972,S23T;E32I;H194D;V238L;M311F;M314R;E325K;A372S;D417E;A420T,1.1690496957009715,0.0016173243522644043,-0.0033245086669921875,0.21337995937499982,0.08082574218749983,0.00107039213180542,16.26250015795231,-11.923148576170206,5.009502410888672,3,-0.40000000000000036
PH20_RAW_01973,S23T;E32I;K131R;Q144N;H194D;M311I;M314R;D321K;A372T;T418V,1.1682771200099389,0.0013473153114318848,-0.0038697123527526855,0.22146253359374982,0.032330296874999664,0.0005446672439575195,17.087500083446503,-7.177285496145487,8.501818180084229,3,0.0
PH20_RAW_01974,S23T;E32I;K131R;H194D;V238L;M311I;M314R;D321K;Q394T;A420T,1.1670216849850767,0.0014400959014892578,-0.0031135082244873047,0.22631207812499987,0.06466059374999977,0.000977790355682373,16.42500013113022,-9.612405259162188,6.6161603927612305,3,-0.40000000000000036
PH20_RAW_01975,S23T;E32I;H194D;V238L;M311F;M314R;A372T;Q394T;V415I;A420S,1.1669023153434985,0.001674056053161621,-0.00397104024887085,0.2020643554687501,0.08890831640624963,0.0011416792869567872,15.762500122189522,-14.717563666403294,4.507874011993408,1,-0.40000000000000036
PH20_RAW_01976,S23T;E32I;Q144N;H194D;V238L;M311I;M314R;D321K;Q394T;A420T,1.1665181798493818,0.0015251517295837402,-0.003529071807861328,0.20691389999999998,0.04849544531250016,0.0008028149604797363,18.312500143051146,-12.026460446417332,6.612432956695557,3,-0.40000000000000036
PH20_RAW_01977,S23T;E32V;K131R;H194D;M311L;D321K;Q350R;A372E;Q394T;D417E,1.1656263853658642,0.0017066597938537598,-0.002282381057739258,0.2004478406249997,0.08890831640624963,0.0020103216171264648,16.350000023841858,-14.718478348106146,3.92290997505188,2,0.0
PH20_RAW_01978,S23T;E32V;H194D;M311L;M314R;E325K;A372E;Q394T;D417E;A420T,1.1652626316497856,0.0012968897819519043,-0.0031135082244873047,0.20691389999999962,0.08082574218749938,0.0020658373832702637,18.58750012218952,-12.139880698174238,2.6392951011657715,2,0.0
PH20_RAW_01979,S23T;E32I;H194D;M314R;D321K;Q350R;Q394T;A413E;D417E;A420T,1.1646332620132727,0.0018985629081726073,-0.0026979446411132812,0.20529738515624976,0.08082574218749983,0.001487100124359131,17.487500143051147,-17.4801434725523,3.977684736251831,3,-5.3
PH20_RAW_01980,E32I;K131R;Q144N;H194D;V238L;M311I;M314R;E325K;V415I;A420T,1.1637273648327195,0.0015757322311401368,-0.0052678585052490234,0.2004478406249998,0.04041287109374947,0.000975489616394043,15.600000128149986,-6.51395433396101,5.620420217514038,3,-0.40000000000000036
PH20_RAW_01981,E32I;K131R;H194D;V238L;M314R;E325K;A372T;Q394T;V415I;D419E,1.1626825885485994,0.0017735123634338378,-0.003555476665496826,0.20206435546874993,0.06466059374999933,0.0011621713638305664,15.50000008046627,-10.537717159837484,3.7999467849731445,3,-0.40000000000000036
PH20_RAW_01982,S23T;E32V;K131R;H194D;M314R;E325K;Q350R;A372E;Q394T;D417E,1.1622115540213356,0.0012869119644165039,-0.002282381057739258,0.2036808703124997,0.09699089062499944,0.001633155345916748,18.200000110268594,-11.924735989421606,3.8656208515167236,3,0.0
PH20_RAW_01983,S23T;E32V;K131R;H194D;M314R;E325K;A372S;Q394T;V415I;A420T,1.1613955244613998,0.0014883041381835937,-0.0031135082244873047,0.21014692968749965,0.06466059374999977,0.0018700838088989257,15.21250015795231,-7.760286297649145,6.408159255981445,3,0.0
PH20_RAW_01984,S23T;E32V;K131R;H194D;V238L;M311F;E325K;Q350R;Q394T;A420T,1.1598484445131219,0.0012201547622680664,-0.0026979446411132812,0.22146253359374973,0.12932118749999955,0.0016303539276123046,14.925000086426735,-9.131554502993822,4.699274778366089,3,-0.40000000000000036
PH20_RAW_01985,E32I;Q144N;H194D;M311F;M314R;D321K;A372T;Q394T;D417E;D419E,1.159393603599695,0.002236330509185791,-0.003555476665496826,0.21337995937499993,0.056578019531249524,0.0012520194053649903,19.67500007748604,-24.276197962462902,3.79547381401062,3,0.0
PH20_RAW_01986,S23T;E32I;Q144N;H194D;M314R;D321K;Q350R;A372E;Q394T;T418V,1.1592238059004167,0.0014360904693603515,-0.0031135082244873047,0.20044784062499996,0.06466059375000022,0.0011445283889770508,19.65000009536743,-15.001175098121166,6.9309468269348145,3,0.0
PH20_RAW_01987,E32V;K131R;H194D;V238L;M311F;M314R;N322K;Q350R;A372T;V415I,1.1571640178608702,0.0018597841262817383,-0.0033509135246276855,0.21661298906249984,0.10507346484374747,0.0015147089958190917,14.55000006854534,-15.239851363003254,5.45240592956543,3,-0.8000000000000003
PH20_RAW_01988,S23T;E32V;H194D;M311F;M314R;Q350R;A372T;Q394T;A413E;V415I,1.1568937353359232,0.001638209819793701,-0.003555476665496826,0.2036808703124997,0.11315603906249949,0.0014107584953308105,16.11250013411045,-17.07388601079583,3.306722640991211,1,-5.3
PH20_RAW_01989,E32I;K131R;H194D;I310L;M314R;E325K;Q350R;A372E;Q394T;T418V,1.155150100371993,0.0011892080307006835,-0.0026979446411132812,0.2036808703124998,0.07274316796874913,0.0014680981636047362,17.76250005662441,-8.563932038843632,5.345886707305908,3,0.0
PH20_RAW_01990,S23T;E32V;K131R;M311I;D321K;Q350R;A372T;A413E;V415I;A420T,1.1548087221781804,0.0026129841804504394,-0.003766477108001709,0.20044784062499943,0.048495445312499275,0.0010805010795593261,9.412499991059303,-9.904200121760368,4.171520471572876,3,-5.3
PH20_RAW_01991,E32T;K131R;H194D;V238L;M311F;D321K;Q350R;A372T;Q394T;A420T,1.154710928465415,0.0024008393287658692,-0.0027243494987487793,0.2069138999999997,0.08890831640624697,0.00215456485748291,15.912499982118607,-21.869807567447424,1.928344964981079,3,-0.40000000000000036
PH20_RAW_01992,S23T;E32T;K131R;H194D;M311I;M314R;E325K;A372T;Q394T;A420T,1.1539633480954268,0.0015651226043701173,-0.0031399130821228027,0.21014692968749965,0.07274316796874913,0.0017938613891601562,17.112500086426735,-11.095879215747118,1.5050442218780518,3,0.0
PH20_RAW_01993,S23T;E32V;K131R;H194D;V238L;M311V;D321K;Q350R;A372T;A420T,1.1536323213495385,0.0016985654830932618,-0.0033509135246276855,0.20368087031249962,0.07274316796874958,0.0011856436729431152,14.012500023841858,-10.050541900098324,8.26866340637207,3,-0.40000000000000036
PH20_RAW_01994,E32I;K131R;H194D;V238L;I310L;M314R;E325K;A372T;Q394T;T418V,1.1532108707238584,0.0011735081672668457,-0.003555476665496826,0.20529738515624993,0.05657801953124908,0.0009644031524658203,16.412500056624413,-4.928858820348978,6.280615568161011,3,-0.40000000000000036
PH20_RAW_01995,E32I;K131R;H194D;M311F;D321K;Q350R;A372S;Q394T;A413E;V415I,1.1522285430899257,0.0024722933769226072,-0.0026979446411132812,0.20206435546874973,0.08082574218749983,0.00147169828414917,14.100000041723252,-20.57987279072404,3.1579666137695312,2,-5.3
PH20_RAW_01996,S23T;E32V;K131R;Q144N;H194D;D321K;Q350R;A372T;Q394T;V415I,1.1513137772122835,0.001633429527282715,-0.0031399130821228027,0.2004478406249998,0.07274316796875002,0.0015500307083129883,15.900000023841859,-12.157831858843565,7.226251840591431,3,0.0
PH20_RAW_01997,E32V;K131R;H194D;V238L;M314R;D321K;Q350R;A372E;Q394T;T418S,1.1503133428136316,0.002075481414794922,-0.002282381057739258,0.20044784062499987,0.07274316796874958,0.0013471245765686035,18.087500077486037,-20.561977695673704,3.664644241333008,3,-0.40000000000000036
PH20_RAW_01998,S23T;E32I;H194D;M311L;M314R;D321K;Q350R;A372T;A413E;A420T,1.1496457293816014,0.0015482902526855469,-0.003766477108001709,0.22146253359374973,0.08082574218749983,0.0012212872505187988,16.72500009536743,-13.191223476082087,5.388019323348999,3,-5.3
PH20_RAW_01999,S23T;E32I;H194D;M311L;M314R;D321K;Q350R;Q394T;A413E;T418S,1.1480902756603102,0.002055943012237549,-0.0026979446411132812,0.20853041484375004,0.08082574218750027,0.0010537028312683106,17.100000143051147,-18.832469142973423,1.998476266860962,3,-5.3
PH20_RAW_02000,S23T;E32I;K131R;Q144N;H194D;M311F;E325K;Q350R;Q394T;A420S,1.1471025116003537,0.0014263391494750977,-0.0026979446411132812,0.20368087031250007,0.09699089062499988,0.001344585418701172,16.287500074505807,-11.202034819871187,4.3185296058654785,3,0.0
PH20_RAW_02001,S23T;E32I;K131R;H194D;M314R;E325K;Q350R;A372E;Q394T;V415I,1.1466575314441225,0.0011878728866577149,-0.0026979446411132812,0.21176344453124987,0.09699089062499988,0.0014049172401428222,17.200000098347665,-10.057655233889818,4.595678806304932,3,0.0
PH20_RAW_02002,S23T;E32V;H194D;M311F;M314R;N322K;Q350R;Q394T;A413E;T418S,1.1461218352157632,0.0020447492599487303,-0.0026979446411132812,0.20044784062499996,0.11315603906249727,0.001582491397857666,16.62500014603138,-21.400998666882515,0.7101197242736816,2,-5.699999999999999
PH20_RAW_02003,E32I;K131R;H194D;M311L;M314R;E325K;Q350R;Q394T;A413E;V415I,1.1455876763367214,0.0017340898513793946,-0.0026979446411132812,0.20529738515624985,0.08890831640624963,0.0014026284217834473,15.137500128149986,-11.640142522752285,1.9681425094604492,3,-5.3
PH20_RAW_02004,S23T;E32V;K131R;H194D;V238L;M311F;M314R;N322K;Q394T;T418S,1.1444511587481832,0.0017583608627319337,-0.0026979446411132812,0.20853041484375012,0.09699089062499988,0.0015439391136169434,15.72500013411045,-15.968645475804806,3.381516456604004,2,-0.8000000000000003
PH20_RAW_02005,S23T;E32I;K131R;Q144N;H194D;V238L;M311F;E325K;A372T;T418V,1.1411632213636198,0.0010858654975891113,-0.003766477108001709,0.20529738515624993,0.07274316796874958,0.0007529020309448242,15.18750002682209,-4.905582517385483,6.38434362411499,2,-0.40000000000000036
PH20_RAW_02006,S23T;E32V;H194D;V238L;M311I;D321K;Q350R;Q394T;D417E;A420T,1.1390935562627684,0.0017870306968688966,-0.0026979446411132812,0.20368087031249962,0.08890831640624963,0.0013569235801696778,15.375000083446503,-13.963222071528435,4.034312963485718,3,-0.40000000000000036
PH20_RAW_02007,S23T;E32V;K131R;H194D;M311V;M314R;E325K;A372T;Q394T;T418V,1.138742557887977,0.001246178150177002,-0.003555476665496826,0.2149964742187497,0.06466059374999933,0.000991678237915039,16.150000110268593,-7.2668177261948586,6.4465696811676025,3,0.0
PH20_RAW_02008,S23T;E32I;K131R;Q144N;H194D;I310L;M314R;E325K;A372T;Q394T,1.137827299478194,0.0008672475814819336,-0.003555476665496826,0.20044784062500004,0.04849544531249972,0.0010790467262268067,18.575000074505805,-5.0245960764586926,7.460783243179321,3,0.0
PH20_RAW_02009,E32I;K131R;H194D;D321K;E325K;A372T;Q394T;A413E;D417E;A420T,1.1378152848100924,0.00196690559387207,-0.0031399130821228027,0.21337995937499957,0.05657801953124908,0.0015743613243103028,16.774999982118608,-15.417144641280174,1.7337698936462402,3,-5.3
PH20_RAW_02010,E32I;K131R;Q144N;H194D;M311F;M314R;E325K;Q350R;A372E;T418V,1.1371421830934343,0.0012820124626159667,-0.002908945083618164,0.2149964742187498,0.08082574218749938,0.0011419534683227539,18.36250008046627,-12.856366518884897,5.3803980350494385,3,0.0
PH20_RAW_02011,S23T;E32V;K131R;H194D;M311F;M314R;Q350R;A372E;Q394T;D419E,1.1344568948925071,0.0014348626136779785,-0.0026979446411132812,0.20206435546874973,0.09699089062499677,0.0018986940383911132,17.012500122189522,-15.99969981983304,4.416215419769287,1,0.0
PH20_RAW_02012,S23T;E32I;K131R;H194D;M314R;E325K;Q350R;A372T;A413E;T418V,1.1342019730784403,0.0011383056640625,-0.0033509135246276855,0.21014692968749973,0.08082574218749938,0.00078887939453125,15.400000098347665,-5.387190490961075,5.309279441833496,3,-5.3
PH20_RAW_02013,E32V;K131R;Q144N;H194D;M314R;D321K;A372T;Q394T;V415I;A420T,1.133068656673697,0.0017387986183166504,-0.003555476665496826,0.21337995937499965,0.04041287109374947,0.0018703579902648927,17.725000077486037,-15.38344293832779,7.372402906417847,3,0.0
PH20_RAW_02014,S23T;E32I;K131R;Q144N;H194D;M311I;M314R;D321K;Q394T;D417E,1.1327252763934463,0.0016006231307983398,-0.0026979446411132812,0.20853041484374996,0.040412871093749914,0.000920259952545166,18.062500131130218,-13.12777205556631,5.843846321105957,3,0.0
PH20_RAW_02015,S23T;E32I;H194D;M311L;D321K;Q350R;A372T;Q394T;V415I;D419E,1.1319272173304462,0.0018783092498779296,-0.003555476665496826,0.21176344453124987,0.08890831640625008,0.0015149831771850586,14.675000023841857,-14.574156358838081,4.0293543338775635,3,0.0
PH20_RAW_02016,S23T;E32I;K131R;H194D;M311L;E325K;A372T;E393Q;V415I;A420T,1.1307908873833477,0.0010942578315734862,-0.003766477108001709,0.2149964742187497,0.07274316796874958,0.0015355348587036133,13.912499967217446,-1.6913901306688786,5.113400220870972,3,0.0
PH20_RAW_02017,S23T;E32I;K131R;M311I;M314R;D321K;A372T;Q394T;A413E;D419E,1.130722663537761,0.0025864362716674803,-0.00397104024887085,0.20044784062499987,0.024247722656249415,0.00046472549438476564,12.537500050663947,-13.419245351105928,2.826728343963623,3,-5.3
PH20_RAW_02018,S23T;E32V;K131R;H194D;V238L;M311F;E325K;Q350R;Q394T;T418S,1.1302853518977447,0.001569056510925293,-0.002282381057739258,0.21337995937499993,0.12123861328124974,0.0011969566345214843,14.975000086426736,-13.145596578717232,2.299945592880249,3,-0.40000000000000036
PH20_RAW_02019,S23T;E32V;Q144N;H194D;M311L;M314R;D321K;A372S;Q394T;A420T,1.1293418479186303,0.001639556884765625,-0.003529071807861328,0.20206435546874985,0.04041287109375036,0.0017194747924804688,17.875000154972078,-14.096307940781116,7.495790004730225,3,0.0
PH20_RAW_02020,S23T;E32I;H194D;M311F;M314R;Q350R;A372E;Q394T;V415I;D419E,1.128654128438136,0.001612401008605957,-0.0031135082244873047,0.20044784062499987,0.10507346484374969,0.0016681671142578125,16.83750012218952,-18.496385168284178,3.284459114074707,1,0.0
PH20_RAW_02021,S23T;E32V;K131R;V238L;M311F;M314R;N322K;Q394T;V415I;A420T,1.1281021354074428,0.0022786974906921385,-0.003529071807861328,0.20691389999999998,0.08082574218749983,0.0017239809036254882,10.537500101327897,-12.207212559878826,4.919701337814331,3,-0.8000000000000003
PH20_RAW_02022,S23T;E32I;Q144N;H194D;M311F;M314R;E325K;Q350R;A372E;T418S,1.1270653249380709,0.0014407038688659668,-0.002908945083618164,0.21014692968749998,0.08890831640625008,0.0008784413337707519,19.762500110268594,-17.496941093355417,3.0717363357543945,3,0.0
PH20_RAW_02023,S23T;E32I;K131R;H194D;M311L;M314R;E325K;A372E;Q394T;A420K,1.12400114050475,0.001364731788635254,-0.0026979446411132812,0.20853041484374996,0.07274316796874958,0.0016902327537536622,17.462500098347665,-10.536482378840446,2.0502846240997314,3,0.0
PH20_RAW_02024,S23T;E32I;H194D;M311I;D321K;Q350R;A372T;Q394T;V415I;D419E,1.123444224738149,0.0018977522850036621,-0.003555476665496826,0.21337995937499973,0.08082574218749983,0.0010442256927490235,14.950000023841858,-14.778759822249413,3.57631254196167,3,0.0
PH20_RAW_02025,E32I;K131R;H194D;M311F;D321K;Q350R;A372T;Q394T;V415I;D419E,1.122654845195783,0.0021225929260253905,-0.0031399130821228027,0.22792859296874973,0.09699089062499944,0.0015801787376403809,14.912499994039536,-19.990022026002407,3.8092260360717773,3,0.0
PH20_RAW_02026,E32I;K131R;H194D;M314R;D321K;A372T;Q394T;A413E;V415I;A420T,1.1214463966400892,0.0018986225128173827,-0.003555476665496826,0.21337995937499965,0.048495445312499275,0.001639556884765625,16.33750006556511,-16.331606149673462,4.504144668579102,2,-5.3
PH20_RAW_02027,E32I;K131R;H194D;V238L;M314R;D321K;Q350R;Q394T;A413E;A420T,1.1206882784010161,0.0018312811851501464,-0.0026979446411132812,0.20206435546874985,0.07274316796874958,0.0013118386268615723,16.212500113248826,-15.762091793119907,4.849660158157349,3,-5.7
PH20_RAW_02028,S23T;E32V;K131R;H194D;M311L;M314R;D321K;A372T;Q394T;A420T,1.1196466331056392,0.0012048006057739258,-0.003555476665496826,0.23762768203124968,0.07274316796874958,0.0018048882484436035,17.02500009536743,-11.098814755678177,7.037722587585449,3,0.0
PH20_RAW_02029,S23T;E32V;K131R;H194D;V238L;M311I;D321K;Q350R;Q394T;T418S,1.1189556722614926,0.0018593549728393554,-0.002282381057739258,0.20529738515624985,0.08082574218749983,0.0009258151054382324,14.600000071525574,-13.47662002965808,3.496798038482666,3,-0.40000000000000036
PH20_RAW_02030,S23T;E32V;K131R;Q144N;H194D;M311I;E325K;Q350R;A372T;V415I,1.1186031970793806,0.0012545108795166016,-0.00382310152053833,0.2004478406249996,0.07274316796874958,0.001011502742767334,14.65000003874302,-5.320776388049126,5.442789554595947,3,0.0
PH20_RAW_02031,S23T;E32V;K131R;H194D;V238L;E325K;Q350R;A372T;Q394T;V415I,1.1183842745481936,0.001242530345916748,-0.0031399130821228027,0.2004478406249998,0.10507346484374969,0.001282644271850586,13.975000038743019,-6.628714125603437,4.81037449836731,3,-0.40000000000000036
PH20_RAW_02032,S23T;E32I;H194D;M311L;M314R;D321K;Q350R;A372T;A413E;T418S,1.1175401791856574,0.0018971920013427734,-0.0033509135246276855,0.21337995937499993,0.07274316796875002,0.0007878899574279785,16.77500009536743,-17.320831805467606,2.988690137863159,3,-5.3
PH20_RAW_02033,S23T;E32I;K131R;Q144N;H194D;M311L;M314R;D321K;A372T;D417E,1.1162759641637705,0.0014224290847778321,-0.0033509135246276855,0.21176344453124996,0.040412871093749914,0.001125204563140869,17.462500083446503,-11.156177088618279,7.287101984024048,3,0.0
PH20_RAW_02034,S23T;E32V;K131R;H194D;M311F;M314R;Q350R;A372T;A413E;T418V,1.1133479573951637,0.0013179540634155273,-0.0033509135246276855,0.2085304148437496,0.08082574218749716,0.0012598633766174316,14.762500122189522,-10.561981108039618,5.756991147994995,1,-5.3
PH20_RAW_02035,E32V;K131R;H194D;M311I;M314R;E325K;A372T;A413E;D417E;A420T,1.1129711814477572,0.0016187429428100586,-0.00382310152053833,0.20529738515624932,0.048495445312498386,0.0013292670249938966,16.0875000923872,-10.967024963349104,1.9906244277954102,2,-5.3
PH20_RAW_02036,S23T;E32V;H194D;M311I;E325K;Q350R;A372E;Q394T;V415I;A420T,1.1128751946173079,0.0012876510620117188,-0.0031135082244873047,0.20368087031249943,0.09699089062499944,0.0017482638359069824,15.987500050663948,-10.775189816951752,2.1962780952453613,2,0.0
PH20_RAW_02037,E32V;K131R;H194D;V238L;M311F;E325K;Q350R;A372T;Q394T;D419E,1.111211690373427,0.0016392111778259278,-0.0031399130821228027,0.21014692968749973,0.11315603906249727,0.0013683438301086426,15.050000020861626,-14.377276945859194,2.5213775634765625,3,-0.40000000000000036
PH20_RAW_02038,S23T;E32I;K131R;H194D;M311I;E325K;Q350R;A372T;A413E;V415I,1.1106779358803829,0.001414334774017334,-0.0033509135246276855,0.2004478406249996,0.08082574218749938,0.0007807016372680664,13.26250002682209,-6.100894197821617,2.574531316757202,2,-5.3
PH20_RAW_02039,S23T;E32V;K131R;H194D;M311F;M314R;N322K;Q350R;A372S;T418V,1.1084478958017296,0.0014756679534912109,-0.002908945083618164,0.2149964742187498,0.09699089062499988,0.0016068458557128907,13.987500134110451,-11.258865766227245,7.314305305480957,3,-0.3999999999999999
PH20_RAW_02040,S23T;E32V;H194D;M311F;M314R;Q350R;A372T;E393K;A413E;T418S,1.108424603026585,0.002062571048736572,-0.0033509135246276855,0.2004478406249998,0.07274316796874736,0.000969696044921875,16.937500086426734,-19.558928802609444,2.3696022033691406,3,-5.3
PH20_RAW_02041,S23T;E32I;K131R;H194D;I310L;M314R;N322K;A372T;Q394T;V415I,1.1082155309503288,0.0012193918228149414,-0.003555476665496826,0.20044784062500004,0.06466059374999977,0.0017518997192382812,15.387500050663949,-7.953640807420015,6.694292068481445,2,-0.3999999999999999
PH20_RAW_02042,S23T;E32I;Q144N;H194D;M311L;M314R;D321K;Q350R;A372E;Q394T,1.108196182019273,0.001339125633239746,-0.0031135082244873047,0.20368087031250007,0.07274316796875047,0.0012543082237243652,19.86250009536743,-16.684934735298157,5.683309555053711,3,0.0
PH20_RAW_02043,S23T;E32I;K131R;H194D;V238L;M311I;M314R;N322K;V415I;A420T,1.1078704025062698,0.00139387845993042,-0.0033245086669921875,0.20368087031249987,0.06466059374999977,0.0014101862907409668,13.212500122189521,-6.130078695714474,5.957214832305908,2,-0.8000000000000003
PH20_RAW_02044,S23T;E32I;K131R;H194D;V238L;M314R;E325K;Q350R;A372E;A420T,1.1069375367343366,0.0008867025375366211,-0.002908945083618164,0.20691389999999982,0.08890831640624963,0.0012463569641113282,16.750000098347662,-6.710355080664158,6.146775960922241,3,-0.40000000000000036
PH20_RAW_02045,S23T;E32I;K131R;Q144N;H194D;M311F;M314R;Q350R;V415I;A420K,1.1060998728692149,0.0016803503036499023,-0.0024933815002441406,0.20044784062499996,0.08082574218749983,0.0015172719955444335,15.02500015795231,-13.29129122197628,5.684160947799683,3,0.0
PH20_RAW_02046,S23T;E32V;Q144N;H194D;M314R;D321K;A372T;Q394T;D417E;A420T,1.1055070532417242,0.0014813780784606934,-0.003555476665496826,0.2069138999999997,0.04849544531249972,0.0016299128532409669,19.35000010728836,-16.20258491486311,6.613874435424805,3,0.0
PH20_RAW_02047,S23T;E32I;H194D;M311F;D321K;A372T;Q394T;A413E;D417E;A420T,1.105228305176464,0.0017900943756103515,-0.003555476665496826,0.21337995937499965,0.08082574218749938,0.0015766620635986328,16.76250002384186,-19.587070789188147,2.1530110836029053,1,-5.3
PH20_RAW_02048,S23T;E32I;K131R;H194D;M311I;M314R;E325K;Q394T;A413E;A420T,1.105215331228543,0.0011444568634033203,-0.0031135082244873047,0.21176344453124968,0.06466059374999933,0.001128685474395752,16.21250014603138,-7.139876190572977,2.833754301071167,2,-5.3
PH20_RAW_02049,E32I;Q144N;H194D;M311F;M314R;D321K;A372T;Q394T;A413E;A420T,1.1017115171743095,0.001779019832611084,-0.00397104024887085,0.2149964742187498,0.056578019531249524,0.0012893319129943849,19.650000077486037,-22.11065734922886,3.9418811798095703,2,-5.3
PH20_RAW_02050,S23T;E32V;K131R;H194D;M311I;M314R;Q350R;A372T;V415I;D419E,1.1012440222890356,0.0014450907707214355,-0.0033509135246276855,0.20206435546874957,0.07274316796874913,0.0012721776962280273,13.600000122189522,-8.38711778819561,5.727902412414551,2,0.0
PH20_RAW_02051,S23T;E32I;H194D;I310L;M314R;N322K;Q350R;Q394T;V415I;A420T,1.0994565299798467,0.0012960195541381835,-0.0031135082244873047,0.20044784062499996,0.08890831640625008,0.0020729541778564454,15.487500110268593,-10.294690381735563,6.324007987976074,3,-0.3999999999999999
PH20_RAW_02052,S23T;E32I;K131R;Q144N;H194D;V238L;M314R;D321K;A372T;Q394T,1.0992290315084843,0.0012383699417114259,-0.003555476665496826,0.20368087031250015,0.04849544531250016,0.0007529020309448242,18.1250000834465,-11.36698031425476,8.05973196029663,3,-0.40000000000000036
PH20_RAW_02053,E32I;K131R;H194D;M311F;M314R;N322K;Q350R;A372E;E393Q;T418V,1.0964387326344116,0.0014759421348571778,-0.002908945083618164,0.21176344453124987,0.08082574218749805,0.001488661766052246,16.77499999701977,-14.105159141123295,4.744136810302734,3,-0.3999999999999999
PH20_RAW_02054,S23T;E32I;H194D;M311L;M314R;D321K;A372T;Q394T;V415I;A420T,1.0958107210442682,0.0013823390007019043,-0.00397104024887085,0.23601116718749982,0.07274316796875002,0.0015743613243103028,16.85000009536743,-13.68040906637907,5.905966281890869,3,0.0
PH20_RAW_02055,S23T;E32I;K131R;H194D;M311I;E325K;Q350R;A372T;V415I;D419E,1.0939560881086097,0.001414334774017334,-0.0033509135246276855,0.21014692968749965,0.08082574218749938,0.0009787440299987792,13.03750002682209,-5.973884604871273,3.6875855922698975,3,0.0
PH20_RAW_02056,S23T;E32I;K131R;H194D;M314R;E325K;A372T;Q394T;A413E;T418V,1.0936293590382276,0.0010396957397460938,-0.003555476665496826,0.20691389999999982,0.06466059374999933,0.0009667038917541504,16.200000098347665,-6.586443468928337,4.086997032165527,2,-5.3
PH20_RAW_02057,E32V;K131R;H194D;V238L;M311I;D321K;A372T;Q394T;V415I;A420T,1.0933095939695716,0.001787090301513672,-0.004145503044128418,0.2117634445312495,0.05657801953124908,0.001509380340576172,14.225000005960464,-12.932734608650208,4.560772895812988,2,-0.40000000000000036
PH20_RAW_02058,S23T;E32V;K131R;Q144N;H194D;M311F;E325K;A372T;D417E;A420T,1.0925733113634686,0.001146852970123291,-0.0033509135246276855,0.21014692968749954,0.07274316796874913,0.0017419815063476562,16.23750003874302,-9.597174052149057,5.132542371749878,2,0.0
PH20_RAW_02059,S23T;E32I;K131R;H194D;I310L;E325K;A372T;Q394T;V415I;A420T,1.0923145886675054,0.0009550094604492187,-0.003555476665496826,0.2069138999999997,0.06466059374999933,0.001839888095855713,14.637500002980232,-3.560959607362747,5.828088998794556,2,0.0
PH20_RAW_02060,S23T;E32I;K131R;Q144N;H194D;M311F;M314R;N322K;A372T;D419E,1.0902112017410774,0.001379537582397461,-0.003766477108001709,0.20368087031250007,0.06466059374999977,0.0014485478401184081,16.437500074505806,-12.67172210291028,6.101628303527832,2,-0.3999999999999999
PH20_RAW_02061,S23T;E32I;K131R;M311F;M314R;E325K;Q350R;A372E;Q394T;A413E,1.089182761272148,0.0019197940826416015,-0.0031135082244873047,0.20529738515624993,0.08890831640624963,0.0008010625839233399,14.162500065565109,-14.639585711061954,1.4357690811157227,3,-5.3
PH20_RAW_02062,S23T;E32I;K131R;M311V;M314R;D321K;A372E;Q394T;V415I;A420T,1.0866169069992893,0.0024145364761352537,-0.003529071807861328,0.20206435546874985,0.02424772265624986,0.0012323856353759766,12.900000050663948,-15.331524293869734,5.970541000366211,3,0.0
PH20_RAW_02063,S23T;E32I;H194D;M311F;M314R;N322K;Q350R;A372E;Q394T;V415I,1.086500434803932,0.0014204144477844237,-0.0031135082244873047,0.213379959375,0.12123861328125018,0.0017275452613830567,17.325000086426734,-19.257135193794966,3.2669241428375244,2,-0.3999999999999999
PH20_RAW_02064,S23T;E32I;H194D;M311F;M314R;E325K;A372T;Q394T;A413E;T418S,1.0848150643622891,0.0015277266502380371,-0.003555476665496826,0.21984601874999993,0.08890831640624963,0.0007660984992980957,18.225000110268592,-18.166355151683092,0.11651349067687988,2,-5.3
PH20_RAW_02065,S23T;E32V;K131R;Q144N;H194D;M311I;M314R;E325K;Q394T;T418S,1.082440857832946,0.0013335347175598145,-0.0034452080726623535,0.20368087031249987,0.04849544531249972,0.0009260892868041993,17.65000015795231,-10.425466001033783,3.3026833534240723,3,0.0
PH20_RAW_02066,S23T;E32V;H194D;M314R;E325K;Q350R;A372T;Q394T;A413E;A420T,1.0820398232649884,0.0011002898216247558,-0.003555476665496826,0.2085304148437496,0.09699089062499944,0.001403367519378662,17.500000122189523,-11.679431363940239,3.3884146213531494,3,-5.3
PH20_RAW_02067,S23T;E32I;K131R;H194D;M311V;M314R;D321K;A372T;Q394T;T418V,1.0812622257465905,0.0014048576354980468,-0.003555476665496826,0.22307904843749987,0.04849544531249972,0.000787806510925293,16.362500083446502,-11.863239463418722,7.847865104675293,3,0.0
PH20_RAW_02068,S23T;E32I;H194D;V238L;M311F;M314R;N322K;A372T;Q394T;D419E,1.080903983708198,0.0014720559120178223,-0.00397104024887085,0.20691390000000015,0.09699089062499988,0.00124664306640625,16.425000086426735,-16.21410922333598,3.5744779109954834,2,-0.8000000000000003
PH20_RAW_02069,S23T;E32I;K131R;Q144N;H194D;M311I;M314R;E325K;Q350R;A372E,1.0802548294898264,0.0008751511573791504,-0.0030320286750793457,0.20206435546874985,0.06466059374999977,0.000718069076538086,18.225000098347664,-7.6287640407681465,5.341540813446045,3,0.0
PH20_RAW_02070,S23T;E32I;K131R;H194D;M311F;D321K;A372T;Q394T;A413E;T418S,1.0762091471902793,0.0018624186515808106,-0.0031399130821228027,0.21499647421874987,0.07274316796874958,0.0011455535888671875,15.987500011920929,-19.504163019359112,1.6154961585998535,1,-5.3
PH20_RAW_02071,S23T;E32V;K131R;H194D;M311I;D321K;Q350R;A372E;Q394T;A420T,1.0756780976211697,0.0012687921524047851,-0.0026979446411132812,0.21337995937499948,0.08082574218749938,0.0017749190330505372,16.375000023841856,-12.951502557843924,4.729329824447632,2,0.0
PH20_RAW_02072,E32I;K131R;Q144N;H194D;V238L;M311F;D321K;Q350R;Q394T;T418V,1.073739086496348,0.0016541004180908204,-0.0026979446411132812,0.20691389999999998,0.08082574218749983,0.0010816216468811034,15.675000041723251,-15.90819375962019,6.00617527961731,3,-0.40000000000000036
PH20_RAW_02073,E32I;K131R;H194D;M311F;E325K;Q350R;A372E;Q394T;V415I;A420K,1.0728273341573578,0.0018569111824035644,-0.002282381057739258,0.21014692968749973,0.10507346484374924,0.0019063234329223632,15.650000008940697,-18.364233326166868,-0.021633148193359375,3,0.0
PH20_RAW_02074,S23T;E32I;K131R;H194D;V238L;M314R;E325K;Q350R;A372E;Q394T,1.068866809296667,0.0008631706237792969,-0.0026979446411132812,0.20206435546875,0.09699089062499988,0.000989210605621338,17.550000098347663,-9.444388035684824,4.709125757217407,3,-0.40000000000000036
PH20_RAW_02075,S23T;E32I;K131R;H194D;M311F;M314R;Q350R;A372T;A413E;V415I,1.0680701791655145,0.001313471794128418,-0.0033509135246276855,0.20853041484374976,0.09699089062499944,0.0011414051055908202,14.412500110268592,-12.949754685163498,4.819291114807129,1,-5.3
PH20_RAW_02076,S23T;E32V;K131R;M311I;M314R;E325K;A372T;Q394T;A413E;T418V,1.0675473764312244,0.0018358945846557618,-0.00397104024887085,0.20206435546874965,0.040412871093749025,0.0004708290100097656,11.900000077486037,-6.260884210467339,2.462873697280884,3,-5.3
PH20_RAW_02077,S23T;E32I;K131R;H194D;M314R;D321K;A372T;Q394T;A413E;T418S,1.0665862446484295,0.0017135262489318848,-0.0031399130821228027,0.20853041484374996,0.04849544531249972,0.0009680032730102539,17.1875000834465,-16.989630836993456,3.208101272583008,2,-5.3
PH20_RAW_02078,E32V;K131R;H194D;V238L;M311F;D321K;A372T;Q394T;D417E;A420T,1.065949643357217,0.0017545104026794433,-0.0031399130821228027,0.2198460187499996,0.08082574218749894,0.0018048882484436035,15.812500005960464,-18.918091863393784,4.035157918930054,2,-0.40000000000000036
PH20_RAW_02079,S23T;E32I;K131R;M311F;D321K;Q350R;A372T;Q394T;A413E;D419E,1.0635312701083794,0.002525174617767334,-0.003555476665496826,0.20368087031249987,0.07274316796874958,0.0009134173393249512,11.249999979138375,-17.65017182379961,2.311138153076172,3,-5.3
PH20_RAW_02080,S23T;E32I;H194D;M314R;E325K;Q350R;A372E;Q394T;V415I;A420T,1.0612518611565516,0.0010071396827697754,-0.0031135082244873047,0.21337995937499973,0.09699089062499988,0.0016379833221435546,17.775000110268593,-12.337409485131502,3.993326187133789,3,0.0
PH20_RAW_02081,S23T;E32I;K131R;H194D;V238L;M311L;E325K;Q394T;V415I;A420T,1.0606635602188488,0.0010865211486816406,-0.0031135082244873047,0.20368087031249987,0.08082574218749983,0.0017117857933044434,12.987500074505807,-4.344925403594971,4.106403350830078,2,-0.40000000000000036
PH20_RAW_02082,E32V;K131R;H194D;M311I;M314R;D321K;Q350R;A372E;Q394T;A420T,1.0604624595627739,0.0014492392539978028,-0.0033544301986694336,0.22469556328124946,0.07274316796874913,0.0016602754592895507,18.200000077486038,-17.687911983579397,4.660113096237183,3,0.0
PH20_RAW_02083,E32I;K131R;H194D;V238L;M311F;D321K;Q350R;A372T;Q394T;A413E,1.060244030059489,0.0017978906631469726,-0.0031399130821228027,0.20853041484374985,0.09699089062499944,0.0009664297103881836,15.487499994039535,-19.564761728048325,2.8096187114715576,2,-5.7
PH20_RAW_02084,S23T;E32V;K131R;H194D;M311L;M314R;N322K;A372T;E393Q;T418S,1.059997574119546,0.0013492703437805176,-0.0033509135246276855,0.20368087031249998,0.06466059374999977,0.0014777421951293946,15.46250002682209,-9.594519015401602,4.109677791595459,3,-0.3999999999999999
PH20_RAW_02085,S23T;E32I;K131R;H194D;M311I;M314R;D321K;A372S;Q394T;T418V,1.0582032568840785,0.0014076948165893555,-0.0031135082244873047,0.22146253359374982,0.040412871093749914,0.0007851243019104004,15.53750013113022,-10.237714171409607,6.927337646484375,3,0.0
PH20_RAW_02086,S23T;E32V;H194D;M311F;E325K;Q350R;A372T;Q394T;A413E;T418S,1.0576789555295647,0.0015980839729309083,-0.0031399130821228027,0.2069138999999997,0.11315603906249949,0.0011475205421447754,16.350000050663947,-18.40894551575184,-0.6035196781158447,2,-5.3
PH20_RAW_02087,S23T;E32I;K131R;H194D;V238L;D321K;Q350R;A372T;Q394T;V415I,1.056740487158928,0.001401209831237793,-0.0031399130821228027,0.20853041484374996,0.08890831640625008,0.0010787725448608398,14.187500011920928,-11.414383828639984,6.211669921875,3,-0.40000000000000036
PH20_RAW_02088,S23T;E32I;K131R;Q144N;H194D;M311L;M314R;E325K;Q394T;T418V,1.0549072280811402,0.0007989406585693359,-0.0031135082244873047,0.20853041484375004,0.05657801953124997,0.0011916756629943848,16.60000014603138,-4.667706206440926,6.035916328430176,3,0.0
PH20_RAW_02089,E32V;K131R;Q144N;H194D;V238L;M311F;M314R;N322K;Q350R;A420T,1.0535763320003322,0.001420581340789795,-0.002908945083618164,0.20044784062499987,0.08890831640624786,0.0017997860908508302,15.812500116229057,-14.712577559053898,6.500436782836914,3,-0.8000000000000003
PH20_RAW_02090,S23T;E32I;K131R;H194D;V238L;M311I;D321K;Q350R;D417E;A420T,1.0524115821045366,0.0014622926712036133,-0.0024933815002441406,0.20853041484374968,0.07274316796874958,0.0010875701904296876,13.675000059604645,-9.741746108978987,5.546881437301636,3,-0.40000000000000036
PH20_RAW_02091,E32I;K131R;H194D;V238L;M314R;D321K;Q350R;A372T;Q394T;A413E,1.0505421477870338,0.0016489982604980468,-0.0031399130821228027,0.20206435546874993,0.07274316796874958,0.00078887939453125,16.68750006556511,-17.05381953343749,4.402223825454712,3,-5.7
PH20_RAW_02092,S23T;E32V;K131R;Q144N;H194D;M311F;E325K;A372T;Q394T;D417E,1.0483221387315544,0.0011233210563659668,-0.0031399130821228027,0.20529738515624976,0.08082574218749938,0.001484835147857666,17.03750003874302,-12.612136334180832,3.694892168045044,2,0.0
PH20_RAW_02093,S23T;E32I;K131R;Q144N;H194D;M314R;D321K;Q394T;D417E;A420T,1.0481432097778867,0.0013153910636901855,-0.0026979446411132812,0.2069138999999999,0.040412871093749914,0.0016263723373413086,17.97500013113022,-13.548744734376669,7.136229038238525,3,0.0
PH20_RAW_02094,E32V;Q144N;H194D;M311F;M314R;E325K;Q350R;A372E;Q394T;T418S,1.047295803641633,0.0015928983688354493,-0.0026979446411132812,0.20529738515624985,0.08890831640624963,0.0013230443000793457,20.512500104308128,-23.53179205954075,1.060204029083252,3,0.0
PH20_RAW_02095,S23T;E32I;K131R;H194D;M311F;M314R;N322K;Q350R;Q394T;V415I,1.0447009385293486,0.0012802362442016601,-0.0026979446411132812,0.22631207812500004,0.12123861328125018,0.0016646385192871094,15.000000122189523,-14.869850441813469,4.924596548080444,3,-0.3999999999999999
PH20_RAW_02096,S23T;E32I;K131R;Q144N;H194D;M314R;D321K;A372T;Q394T;T418V,1.0435787758487531,0.0010385513305664062,-0.003555476665496826,0.21499647421874996,0.040412871093749914,0.000993633270263672,17.800000083446502,-10.425270680338144,8.356550693511963,3,0.0
PH20_RAW_02097,S23T;E32V;K131R;H194D;M311I;E325K;Q350R;A372E;D417E;A420T,1.0434628511562536,0.0010619521141052245,-0.0030320286750793457,0.20044784062499935,0.08082574218749894,0.001707148551940918,15.287500038743019,-8.342812422662973,2.9787886142730713,2,0.0
PH20_RAW_02098,S23T;E32V;K131R;H194D;M311L;E325K;Q350R;A372T;Q394T;A420S,1.0433787059445916,0.0010904431343078612,-0.0031399130821228027,0.20691389999999982,0.09699089062499944,0.001633155345916748,14.58750003874302,-8.039876010268927,3.521066904067993,3,0.0
PH20_RAW_02099,S23T;E32V;K131R;H194D;M311F;E325K;Q350R;Q394T;D417E;A420T,1.0426024259492117,0.0011148929595947265,-0.002282381057739258,0.22469556328124957,0.1212386132812493,0.001980865001678467,15.250000086426734,-12.423867855221033,3.3283355236053467,3,0.0
PH20_RAW_02100,S23T;E32I;Q144N;H194D;M311I;M314R;D321K;A372T;Q394T;T418V,1.0399151355461116,0.0011430501937866211,-0.00397104024887085,0.2182295039062499,0.040412871093749914,0.0005205869674682617,18.46250009536743,-12.413144826889038,6.461815357208252,3,0.0
PH20_RAW_02101,S23T;E32I;K131R;H194D;V238L;M311L;D321K;A372T;Q394T;A420K,1.0384697883391545,0.001578068733215332,-0.0031399130821228027,0.20529738515625,0.06466059374999977,0.0013640880584716796,14.45000001192093,-11.693861331790686,3.6662757396698,3,-0.40000000000000036
PH20_RAW_02102,E32I;K131R;H194D;I310L;M314R;D321K;A372T;Q394T;D417E;A420T,1.0329970595897056,0.0013931751251220702,-0.0031399130821228027,0.2182295039062497,0.040412871093749025,0.0017496109008789062,17.67500004172325,-14.859761592000723,6.430109739303589,3,0.0
PH20_RAW_02103,S23T;E32I;K131R;Q144N;H194D;M311F;E325K;A372T;Q394T;V415I,1.0328847800871417,0.0010242819786071776,-0.003555476665496826,0.21337995937499993,0.08082574218749983,0.0012565970420837403,16.03750002682209,-10.739752672612667,4.424950122833252,2,0.0
PH20_RAW_02104,S23T;E32I;H194D;M311F;M314R;N322K;Q350R;Q394T;D417E;D419E,1.0322702072953913,0.001624155044555664,-0.0026979446411132812,0.20853041484375004,0.11315603906249994,0.0016851425170898438,16.27500013411045,-19.93291913345456,2.4356071949005127,3,-0.3999999999999999
PH20_RAW_02105,S23T;E32V;K131R;Q144N;H194D;M311F;M314R;N322K;A372T;A420T,1.0321694466225564,0.0009539246559143067,-0.003766477108001709,0.2149964742187498,0.07274316796874958,0.001889348030090332,16.737500086426735,-11.783708356320858,7.258207082748413,2,-0.3999999999999999
PH20_RAW_02106,S23T;E32I;K131R;H194D;M314R;N322K;Q350R;A372T;V415I;D419E,1.031868698636293,0.0013934850692749023,-0.0033509135246276855,0.20206435546874993,0.08082574218749983,0.0015968680381774902,13.700000074505805,-10.487823262810707,5.8461713790893555,3,-0.3999999999999999
PH20_RAW_02107,S23T;E32I;H194D;I310L;M314R;N322K;Q350R;A372T;Q394T;V415I,1.030647085738621,0.001113736629486084,-0.003555476665496826,0.20044784062500004,0.08890831640625008,0.001549994945526123,15.962500062584876,-11.525659650564194,5.8765716552734375,3,-0.3999999999999999
PH20_RAW_02108,S23T;E32V;K131R;H194D;M311F;Q350R;A372T;Q394T;V415I;A420S,1.0276273204272373,0.0013625741004943848,-0.0031399130821228027,0.20206435546874973,0.10507346484374924,0.001875901222229004,13.387500050663949,-13.948099453002214,4.2787158489227295,1,0.0
PH20_RAW_02109,S23T;E32I;H194D;V238L;M311I;M314R;D321K;A372S;Q394T;A420T,1.025596310750654,0.0014267802238464356,-0.003529071807861328,0.21176344453124987,0.04849544531250016,0.0007774591445922852,16.437500143051146,-13.588793125003576,6.0281662940979,3,-0.40000000000000036
PH20_RAW_02110,S23T;E32I;K131R;H194D;M311I;M314R;E325K;A372T;Q394T;V415I,1.0224213467751662,0.0008948326110839843,-0.003555476665496826,0.2295451078124998,0.07274316796874958,0.0007809758186340332,16.012500098347665,-7.69360288605094,4.126547336578369,3,0.0
PH20_RAW_02111,E32V;K131R;Q144N;H194D;M311F;D321K;Q350R;Q394T;D417E;A420T,1.0211751047550925,0.001715087890625,-0.002282381057739258,0.2117634445312496,0.08082574218749938,0.0020707011222839355,16.72500005364418,-20.780424918979406,4.754374027252197,3,0.0
PH20_RAW_02112,S23T;E32I;H194D;M311V;M314R;D321K;Q350R;A372E;Q394T;T418S,1.0207635831746247,0.0017885446548461914,-0.0026979446411132812,0.20368087031249998,0.06466059375000022,0.0008504390716552734,18.66250009536743,-22.87560795992613,3.614635705947876,3,0.0
PH20_RAW_02113,E32I;K131R;H194D;V238L;M311F;D321K;A372T;Q394T;D417E;A420K,1.020159770818997,0.0020989298820495604,-0.0027243494987487793,0.21176344453124987,0.07274316796874913,0.001426994800567627,15.512499994039535,-21.59275460615754,1.5843331813812256,3,-0.40000000000000036
PH20_RAW_02114,S23T;E32I;H194D;M311F;D321K;Q350R;A372T;Q394T;V415I;A420T,1.019496461517951,0.0013405203819274903,-0.003555476665496826,0.2408607117187497,0.11315603906249994,0.0015522956848144532,15.837500023841859,-18.14502416178584,4.937334299087524,3,0.0
PH20_RAW_02115,S23T;E32I;K131R;H194D;V238L;M314R;D321K;A372T;Q394T;A420T,1.0178435480277508,0.000972580909729004,-0.003555476665496826,0.2246955632812499,0.06466059374999977,0.0011609435081481934,16.8125000834465,-11.072830211371183,7.461106777191162,3,-0.40000000000000036
PH20_RAW_02116,E32I;K131R;H194D;M311F;E325K;Q350R;A372T;Q394T;V415I;A420S,1.0176319122366102,0.0015122652053833007,-0.0031399130821228027,0.22146253359374982,0.10507346484374924,0.0014678239822387695,14.650000008940697,-15.702722784131765,2.169182300567627,3,0.0
PH20_RAW_02117,E32I;Q144N;H194D;M311F;M314R;E325K;A372T;Q394T;D417E;D419E,1.0174239486098824,0.0015486478805541992,-0.003555476665496826,0.2069138999999999,0.06466059374999933,0.0011624574661254882,19.1375000923872,-19.98534270748496,1.866744041442871,3,0.0
PH20_RAW_02118,S23T;E32V;K131R;H194D;M311F;N322K;Q350R;Q394T;V415I;A420T,1.0138202888897125,0.0012755155563354491,-0.0026979446411132812,0.2149964742187497,0.12123861328124974,0.00248103141784668,13.125000062584878,-13.634145110845566,4.419931173324585,2,-0.3999999999999999
PH20_RAW_02119,S23T;E32I;H194D;M314R;E325K;Q350R;A372T;Q394T;A413E;T418V,1.0129449870839657,0.0009340405464172363,-0.003555476665496826,0.20691389999999982,0.08890831640624963,0.0007647991180419922,16.775000110268593,-10.300095345824957,3.2692766189575195,3,-5.3
PH20_RAW_02120,S23T;E32I;K131R;H194D;V238L;M311F;M314R;Q350R;A372T;E393Q,1.0098544982319158,0.0007632136344909668,-0.0033509135246276855,0.213379959375,0.10507346484374969,0.000574803352355957,15.687500050663948,-9.418948873877525,6.803197383880615,3,-0.40000000000000036
PH20_RAW_02121,E32I;K131R;Q144N;H194D;V238L;M311L;M314R;D321K;Q394T;A420T,1.009464769216852,0.001333165168762207,-0.0031135082244873047,0.20529738515625,0.040412871093749914,0.001448822021484375,17.087500113248826,-13.593636885285378,6.566510915756226,3,-0.40000000000000036
PH20_RAW_02122,E32I;K131R;H194D;V238L;M311I;M314R;E325K;A372T;V415I;A420T,1.008330063367703,0.0011276602745056152,-0.0052678585052490234,0.22146253359374962,0.05657801953124908,0.0008605718612670898,14.762500080466271,-7.687245033681393,4.574358701705933,3,-0.40000000000000036
PH20_RAW_02123,S23T;E32V;H194D;M311V;M314R;N322K;Q350R;A372T;V415I;A420T,1.007974934706687,0.001419234275817871,-0.003766477108001709,0.20206435546874965,0.08082574218749983,0.0016568660736083984,14.450000098347664,-13.589649558067322,6.490337133407593,3,-0.3999999999999999
PH20_RAW_02124,S23T;E32I;K131R;Q144N;H194D;D321K;Q350R;Q394T;V415I;A420T,1.0069048315074447,0.0012867093086242677,-0.0026979446411132812,0.20206435546874985,0.06466059375000022,0.0017795562744140625,15.100000059604644,-11.858265563845634,7.146253824234009,3,0.0
PH20_RAW_02125,S23T;E32I;H194D;M311I;D321K;Q350R;A372T;Q394T;A413E;T418V,1.00648224547197,0.0013732314109802246,-0.003555476665496826,0.20529738515624968,0.07274316796874958,0.0006712079048156738,15.200000023841858,-13.361831184476614,2.8735239505767822,2,-5.3
PH20_RAW_02126,S23T;E32I;H194D;V238L;M311F;M314R;N322K;Q350R;D417E;A420T,1.0035503879535697,0.001255643367767334,-0.002908945083618164,0.21176344453124996,0.11315603906249994,0.0015037894248962403,15.37500013411045,-15.659801099449396,4.613879442214966,3,-0.8000000000000003
PH20_RAW_02127,S23T;E32I;K131R;H194D;V238L;M311F;N322K;Q350R;Q394T;V415I,1.003180339840055,0.0013090848922729492,-0.0026979446411132812,0.2020643554687501,0.12123861328125018,0.001601731777191162,12.725000050663947,-13.069035477936268,4.003974437713623,2,-0.8000000000000003
PH20_RAW_02128,S23T;E32I;K131R;Q144N;H194D;V238L;M311F;E325K;Q350R;A372T,1.001392668354983,0.000798189640045166,-0.0033509135246276855,0.20691389999999998,0.09699089062499988,0.0006630659103393554,15.58750002682209,-8.666959933936596,5.760679483413696,3,-0.40000000000000036
PH20_RAW_02129,S23T;E32I;K131R;H194D;M311F;N322K;A372T;Q394T;V415I;D419E,0.999316320163862,0.001443767547607422,-0.003555476665496826,0.20529738515624993,0.08890831640624963,0.0019522428512573243,13.300000002980232,-14.274456921964884,3.0312838554382324,1,-0.3999999999999999
PH20_RAW_02130,S23T;E32I;K131R;H194D;V238L;M311F;E325K;A372T;D417E;A420T,0.9980554605438929,0.0009146332740783691,-0.0033509135246276855,0.2182295039062497,0.08890831640624919,0.0012707233428955079,14.52500002682209,-8.851206056773663,4.117960453033447,2,-0.40000000000000036
PH20_RAW_02131,S23T;E32V;K131R;H194D;M311F;M314R;Q350R;Q394T;D417E;A420K,0.9971332964912968,0.0014900684356689454,-0.0018668174743652344,0.20853041484374976,0.10507346484374924,0.0018964052200317384,15.512500169873238,-17.82845428586006,2.917827606201172,3,0.0
PH20_RAW_02132,E32I;K131R;H194D;M311F;M314R;E325K;Q350R;Q394T;A413E;T418S,0.9962488942687143,0.001612544059753418,-0.002282381057739258,0.2182295039062499,0.09699089062499944,0.001029336452484131,16.800000128149986,-19.984722930938005,-0.15038180351257324,3,-5.3
PH20_RAW_02133,E32V;K131R;Q144N;H194D;M311F;D321K;Q350R;A372T;D417E;A420T,0.9960079719378191,0.0015563368797302246,-0.002935349941253662,0.21661298906249948,0.07274316796874913,0.0018048882484436035,16.400000005960464,-19.024107415229082,5.7445878982543945,3,0.0
PH20_RAW_02134,S23T;E32I;K131R;Q144N;H194D;M314R;E325K;Q350R;A372E;A420T,0.9956615381275625,0.0005899190902709961,-0.002908945083618164,0.2004478406249998,0.06466059374999977,0.0014241814613342285,18.137500098347665,-8.050246935337782,6.633923530578613,3,0.0
PH20_RAW_02135,E32V;K131R;Q144N;H194D;M311F;E325K;Q350R;A372T;Q394T;D419E,0.9948318151759273,0.0013424277305603028,-0.0031399130821228027,0.2036808703124997,0.08890831640624919,0.001546168327331543,16.437500020861627,-15.949163191020489,3.0085251331329346,3,0.0
PH20_RAW_02136,E32I;K131R;Q144N;H194D;V238L;M314R;D321K;A372T;Q394T;T418V,0.9936000962547652,0.001247847080230713,-0.003555476665496826,0.20206435546875,0.032330296874999664,0.0008160829544067383,17.35000006556511,-13.05370345339179,7.366711854934692,3,-0.40000000000000036
PH20_RAW_02137,S23T;E32I;K131R;Q144N;H194D;V238L;M314R;E325K;A372T;A420T,0.991750815473675,0.0005742192268371582,-0.003766477108001709,0.20206435546874993,0.04849544531249972,0.0009204864501953125,16.787500098347664,-4.5047870352864265,7.568652391433716,3,-0.40000000000000036
PH20_RAW_02138,E32V;K131R;H194D;V238L;M311F;E325K;Q350R;Q394T;D417E;A420T,0.9910391110975029,0.0013241887092590332,-0.002282381057739258,0.2117634445312496,0.11315603906249905,0.0018033146858215331,14.80000006854534,-15.124329503625631,2.338496685028076,3,-0.40000000000000036
PH20_RAW_02139,S23T;E32I;K131R;H194D;V238L;M314R;E325K;A372T;D417E;A420T,0.9886403757949361,0.0007657408714294434,-0.0033509135246276855,0.2117634445312498,0.06466059374999933,0.0010931730270385743,15.725000098347664,-6.327227611094713,5.710565567016602,3,-0.40000000000000036
PH20_RAW_02140,E32I;K131R;H194D;M311F;E325K;A372T;Q394T;A413E;V415I;A420T,0.9879464116176631,0.0013598322868347168,-0.003555476665496826,0.21337995937499957,0.08082574218749894,0.0017275452613830567,14.600000008940697,-14.607702739536762,0.9828097820281982,1,-5.3
PH20_RAW_02141,E32I;K131R;H194D;V238L;M311F;M314R;N322K;A372E;Q394T;T418V,0.9869747529050694,0.0012108445167541503,-0.0031135082244873047,0.20206435546875,0.08082574218749938,0.0015769243240356446,16.32500005662441,-16.471048187464476,3.5050714015960693,1,-0.8000000000000003
PH20_RAW_02142,S23T;E32V;H194D;M311F;M314R;Q350R;A372T;Q394T;D417E;A420S,0.9848961003983507,0.0012856006622314453,-0.0031399130821228027,0.20691389999999982,0.10507346484374702,0.0015208125114440918,16.83750013411045,-19.50155897065997,3.4509706497192383,2,0.0
PH20_RAW_02143,E32V;K131R;H194D;V238L;M311F;E325K;Q350R;A372T;Q394T;T418V,0.9847745030751195,0.0010473489761352538,-0.0031399130821228027,0.21984601874999968,0.11315603906249727,0.0011705756187438965,14.625000020861625,-12.078136090189219,3.5588183403015137,3,-0.40000000000000036
PH20_RAW_02144,E32V;K131R;H194D;V238L;M311I;E325K;Q350R;A372T;V415I;A420T,0.9819751667456337,0.0011980175971984864,-0.0052678585052490234,0.2085304148437494,0.08082574218749894,0.0012419939041137696,12.887500020861626,-7.894325751811266,3.854325532913208,3,-0.40000000000000036
PH20_RAW_02145,S23T;E32I;K131R;H194D;I310L;M314R;N322K;A372T;Q394T;T418V,0.9803254290453185,0.0006948709487915039,-0.003555476665496826,0.20206435546875,0.056578019531249524,0.0015769243240356446,15.412500050663947,-6.146351434290409,7.104557752609253,2,-0.3999999999999999
PH20_RAW_02146,S23T;E32V;K131R;H194D;M311F;M314R;N322K;Q350R;Q394T;A420T,0.9789038620162528,0.0009219646453857422,-0.0026979446411132812,0.2295451078124998,0.12123861328124974,0.0021282315254211428,15.75000013411045,-14.760161213576794,5.454000234603882,3,-0.3999999999999999
PH20_RAW_02147,S23T;E32V;Q144N;H194D;M311F;M314R;N322K;Q350R;Q394T;A420T,0.9783422504581335,0.0010070204734802246,-0.0031135082244873047,0.2101469296874999,0.10507346484375013,0.0019532561302185057,17.63750014603138,-17.176857601851225,5.450272798538208,3,-0.3999999999999999
PH20_RAW_02148,S23T;E32I;K131R;H194D;E325K;Q350R;A372T;Q394T;V415I;D419E,0.9781393628048077,0.0011055707931518556,-0.0031399130821228027,0.2036808703124998,0.08890831640624963,0.0014277100563049316,13.75000002682209,-8.818159841001034,3.542318105697632,3,0.0
PH20_RAW_02149,E32V;K131R;H194D;V238L;M311F;M314R;Q350R;Q394T;V415I;A420T,0.9769828354610686,0.0012559056282043456,-0.0026979446411132812,0.21176344453124968,0.10507346484374924,0.0018685102462768556,14.362500151991844,-15.93367226049304,5.1088714599609375,2,-0.40000000000000036
PH20_RAW_02150,S23T;E32I;K131R;H194D;V238L;E325K;Q350R;Q394T;V415I;A420T,0.9757745010063646,0.0008958101272583008,-0.0026979446411132812,0.20206435546874985,0.09699089062499988,0.0015121698379516602,13.175000074505807,-6.247367277741432,4.730376482009888,3,-0.40000000000000036
PH20_RAW_02151,S23T;E32I;K131R;H194D;V238L;M311L;M314R;E325K;A372S;Q394T,0.9728962462034233,0.0009003877639770508,-0.0031135082244873047,0.2020643554687501,0.06466059375000022,0.0009255886077880859,15.05000014603138,-7.023537993431091,5.1548309326171875,3,-0.40000000000000036
PH20_RAW_02152,E32I;K131R;H194D;M311F;M314R;N322K;Q350R;A372E;A413E;A420T,0.9723695385058095,0.0013387441635131837,-0.002908945083618164,0.2004478406249997,0.08890831640624786,0.001984691619873047,16.250000056624412,-19.00165929272771,2.465381145477295,1,-5.699999999999999
PH20_RAW_02153,S23T;E32V;K131R;H194D;M314R;N322K;Q350R;A372T;Q394T;A420S,0.9718259474237173,0.0010890364646911621,-0.0031399130821228027,0.20044784062499996,0.08890831640624963,0.0017805218696594239,15.525000086426735,-12.803071606904268,5.226610898971558,3,-0.3999999999999999
PH20_RAW_02154,E32I;K131R;V238L;M311F;M314R;D321K;A372E;Q394T;D417E;A420T,0.9706260009418018,0.0022443890571594237,-0.0031135082244873047,0.21176344453124987,0.048495445312499275,0.0012580990791320802,14.250000032782555,-21.98155953362584,3.0727648735046387,3,-0.40000000000000036
PH20_RAW_02155,E32I;K131R;H194D;V238L;M311I;M314R;E325K;A372T;Q394T;V415I,0.9704801749536237,0.001104128360748291,-0.0040988922119140625,0.21661298906249984,0.06466059374999933,0.0006034255027770996,15.56250008046627,-10.411239851266146,3.1367084980010986,3,-0.40000000000000036
PH20_RAW_02156,S23T;E32I;K131R;H194D;V238L;M311V;D321K;Q350R;Q394T;A420T,0.9697473256553027,0.0013283133506774903,-0.0026979446411132812,0.20044784062499987,0.07274316796875002,0.0011580228805541993,14.012500059604644,-12.548886857926846,6.7510151863098145,3,-0.40000000000000036
PH20_RAW_02157,S23T;E32I;H194D;M311L;M314R;E325K;Q350R;A372T;A413E;T418S,0.9695169081489391,0.0012095093727111817,-0.0033509135246276855,0.2069138999999999,0.08082574218749983,0.0006983280181884766,16.23750011026859,-13.305140916258097,1.0599603652954102,3,-5.3
PH20_RAW_02158,S23T;E32I;K131R;H194D;M311F;M314R;Q350R;Q394T;A413E;T418V,0.9689909464402353,0.0009477019309997558,-0.0026979446411132812,0.20529738515624985,0.09699089062499944,0.0012322425842285155,14.762500157952308,-12.733158435672522,4.239342927932739,1,-5.3
PH20_RAW_02159,S23T;E32V;K131R;H194D;V238L;M311I;M314R;N322K;Q350R;A372T,0.9689000432539702,0.0009284019470214844,-0.0033509135246276855,0.20529738515624985,0.0808257421874976,0.0009158492088317871,14.437500086426734,-8.36343765258789,5.823814392089844,3,-0.8000000000000003
PH20_RAW_02160,S23T;E32I;H194D;I310L;D321K;Q350R;A372T;Q394T;D417E;A420T,0.9666295198371354,0.0011070728302001952,-0.0031399130821228027,0.2069138999999997,0.07274316796874958,0.0016623497009277343,16.425,-13.877858854830265,5.68160605430603,3,0.0
PH20_RAW_02161,S23T;E32I;K131R;Q144N;H194D;M311L;M314R;E325K;A372T;D417E,0.9665664791568679,0.0007347464561462402,-0.0033509135246276855,0.20529738515624993,0.04849544531249972,0.0010356426239013672,16.925000098347663,-7.217132288962603,5.358372211456299,3,0.0
PH20_RAW_02162,E32I;K131R;H194D;V238L;M314R;E325K;Q350R;A372E;Q394T;T418V,0.9651042347073159,0.000872647762298584,-0.0026979446411132812,0.20044784062499987,0.08082574218749938,0.001052391529083252,16.77500008046627,-11.046276599168777,4.016105651855469,3,-0.40000000000000036
PH20_RAW_02163,S23T;E32V;K131R;Q144N;H194D;M311I;D321K;Q350R;A372T;Q394T,0.9627297895715182,0.0010313868522644043,-0.0031399130821228027,0.2069138999999997,0.06466059374999977,0.001014077663421631,16.412500023841858,-12.292690552771091,5.935838460922241,3,0.0
PH20_RAW_02164,S23T;E32V;K131R;H194D;M311F;M314R;A372T;Q394T;A413E;A420T,0.9596719552727054,0.0008565902709960938,-0.003555476665496826,0.2085304148437496,0.08082574218749894,0.0017828226089477539,15.962500122189521,-14.131524495780468,4.126412391662598,0,-5.3
PH20_RAW_02165,S23T;E32V;K131R;H194D;M311F;M314R;Q350R;A372T;Q394T;V415I,0.9589083302552068,0.0008643269538879395,-0.0031399130821228027,0.22469556328124973,0.11315603906249949,0.0015231013298034669,15.287500122189522,-14.501833327114582,5.651273965835571,2,0.0
PH20_RAW_02166,S23T;E32I;K131R;H194D;M314R;E325K;Q350R;A372E;Q394T;D417E,0.9518495369085233,0.000757908821105957,-0.002282381057739258,0.20529738515624985,0.08890831640624963,0.0013397216796875,17.875000098347662,-12.726303834468126,3.338186502456665,3,0.0
PH20_RAW_02167,S23T;E32I;K131R;M311L;M314R;D321K;A372T;Q394T;A413E;D417E,0.950915200272283,0.002069687843322754,-0.003555476665496826,0.20044784062499996,0.032330296874999664,0.0008474946022033692,12.487500050663948,-15.161228820681572,2.6494529247283936,3,-5.3
PH20_RAW_02168,S23T;E32V;K131R;H194D;V238L;M311F;M314R;Q350R;Q394T;A420T,0.9509084387720883,0.0007219076156616211,-0.0026979446411132812,0.2149964742187498,0.11315603906249949,0.0016303539276123046,15.162500169873237,-12.612988386303186,6.212157249450684,2,-0.40000000000000036
PH20_RAW_02169,S23T;E32I;H194D;V238L;M311F;E325K;Q350R;Q394T;D417E;A420T,0.948205399322478,0.0009677290916442871,-0.0026979446411132812,0.21337995937499982,0.12123861328124974,0.0013346314430236817,15.425000086426735,-14.063576441258192,2.310026168823242,3,-0.40000000000000036
PH20_RAW_02170,E32I;Q144N;H194D;V238L;M311F;M314R;E325K;A372T;Q394T;D417E,0.948164143760399,0.0011566042900085448,-0.003555476665496826,0.20529738515625,0.07274316796874958,0.0007239580154418945,19.037500092387198,-18.55849663168192,2.6073660850524902,3,-0.40000000000000036
PH20_RAW_02171,S23T;E32I;K131R;H194D;M311L;D321K;A372T;Q394T;V415I;A420T,0.9425251645799249,0.0010293483734130859,-0.003555476665496826,0.22469556328124973,0.06466059374999977,0.0018642544746398926,14.07500001192093,-10.850542783737183,5.476219177246094,2,0.0
PH20_RAW_02172,E32I;K131R;H194D;M311I;M314R;E325K;Q350R;Q394T;A413E;D417E,0.9404101292455987,0.001323568820953369,-0.002282381057739258,0.2004478406249997,0.07274316796874913,0.0008666753768920898,16.087500128149987,-14.59914731234312,0.25760841369628906,3,-5.3
PH20_RAW_02173,E32I;K131R;H194D;M311L;M314R;D321K;A372T;Q394T;A413E;A420T,0.9393044882481918,0.0012771368026733398,-0.003555476665496826,0.2182295039062497,0.048495445312499275,0.0015743613243103028,16.57500006556511,-16.354630168527365,3.6667730808258057,2,-5.3
PH20_RAW_02174,S23T;E32V;K131R;H194D;M314R;N322K;Q350R;A372T;Q394T;V415I,0.9385234151195619,0.0009443402290344238,-0.0031399130821228027,0.20853041484374985,0.09699089062499988,0.0017805218696594239,14.800000086426735,-12.208060696721077,5.5650999546051025,3,-0.3999999999999999
PH20_RAW_02175,E32V;Q144N;H194D;M311F;M314R;N322K;Q350R;A372T;Q394T;V415I,0.9341827379648636,0.0013587355613708496,-0.003555476665496826,0.2069138999999999,0.09699089062499988,0.0016684532165527344,17.312500080466272,-21.793259151279926,3.899550676345825,3,-0.3999999999999999
PH20_RAW_02176,S23T;E32V;K131R;H194D;M311F;M314R;N322K;Q350R;A372S;Q394T,0.9256106621568493,0.0010893821716308593,-0.0026979446411132812,0.21337995937499993,0.10507346484375013,0.0016948342323303222,15.18750013411045,-16.332862824201584,5.468358755111694,3,-0.3999999999999999
PH20_RAW_02177,E32I;K131R;Q144N;H194D;V238L;M311F;E325K;Q350R;Q394T;T418V,0.9250313445676775,0.0009664177894592285,-0.0026979446411132812,0.20044784062499996,0.08890831640624963,0.0009920597076416016,15.137500056624413,-11.92361518368125,4.0774455070495605,3,-0.40000000000000036
PH20_RAW_02178,E32I;K131R;H194D;V238L;M311I;M314R;D321K;A372T;Q394T;D417E,0.9240692722364506,0.001361846923828125,-0.0033544301986694336,0.21661298906249984,0.048495445312499275,0.0006277918815612793,16.77500006556511,-17.078587487339973,3.807945966720581,3,-0.40000000000000036
PH20_RAW_02179,S23T;E32V;K131R;H194D;M311F;M314R;N322K;Q350R;A372T;T418S,0.9167221855204412,0.0011121153831481934,-0.002935349941253662,0.22631207812499987,0.10507346484374747,0.0014290213584899902,15.475000086426736,-17.35658810660243,4.044884920120239,3,-0.3999999999999999
PH20_RAW_02180,E32V;K131R;H194D;M314R;E325K;Q350R;A372T;Q394T;A413E;A420T,0.9162648600788427,0.0009277462959289551,-0.0031399130821228027,0.2085304148437495,0.08082574218749894,0.0015786170959472656,16.5500000923872,-13.462054900825024,2.889450788497925,3,-5.3
PH20_RAW_02181,S23T;E32V;K131R;H194D;M311F;N322K;A372T;Q394T;D417E;A420K,0.9118128397066791,0.0014616131782531738,-0.0027243494987487793,0.2004478406249998,0.08890831640624919,0.0022433876991271974,14.300000014901162,-17.892999190837145,1.0069799423217773,2,-0.3999999999999999
PH20_RAW_02182,E32I;K131R;H194D;M311L;M314R;N322K;Q350R;A372T;V415I;A420S,0.9116303936384694,0.001383352279663086,-0.0033509135246276855,0.20368087031249998,0.07274316796874958,0.0017470359802246095,13.412500056624413,-13.885883320122957,4.194200038909912,3,-0.3999999999999999
PH20_RAW_02183,S23T;E32I;H194D;M311L;E325K;Q350R;A372E;Q394T;V415I;A420T,0.911393788390555,0.0007392048835754394,-0.0031135082244873047,0.2036808703124997,0.09699089062499988,0.0019255876541137695,15.387500038743019,-11.354080639779568,2.1218855381011963,2,0.0
PH20_RAW_02184,S23T;E32I;H194D;V238L;M311L;D321K;Q350R;A372T;D417E;A420T,0.9108374289275737,0.0010798335075378417,-0.0033509135246276855,0.20853041484374976,0.08082574218749983,0.0012684345245361328,14.450000023841858,-12.858867585659027,4.95013427734375,3,-0.40000000000000036
PH20_RAW_02185,S23T;E32V;K131R;V238L;M311F;M314R;Q350R;Q394T;V415I;A420T,0.9071218217068472,0.0015911459922790527,-0.0031135082244873047,0.20529738515624985,0.08890831640624963,0.0013769984245300293,10.025000137090682,-12.768983960151672,5.351012945175171,3,-0.40000000000000036
PH20_RAW_02186,E32I;Q144N;H194D;M311F;E325K;Q350R;A372E;Q394T;V415I;A420T,0.9061447806556431,0.0010685443878173829,-0.0031135082244873047,0.2004478406249997,0.08890831640624963,0.0018158078193664551,17.512500020861626,-18.978234697133303,1.8980298042297363,2,0.0
PH20_RAW_02187,S23T;E32I;K131R;H194D;V238L;E325K;Q350R;A372T;Q394T;V415I,0.9057233886600133,0.0007135272026062012,-0.0031399130821228027,0.20206435546874993,0.09699089062499988,0.000989210605621338,13.65000002682209,-7.534776005893946,4.282940149307251,3,-0.40000000000000036
PH20_RAW_02188,S23T;E32I;H194D;M311L;M314R;D321K;A372T;Q394T;D417E;A420T,0.9039801167979761,0.0009523749351501465,-0.003555476665496826,0.2295451078124998,0.06466059374999977,0.0015091657638549804,17.52500009536743,-16.213721744716167,4.6484739780426025,3,0.0
PH20_RAW_02189,E32I;K131R;H194D;V238L;M311F;E325K;Q350R;A372T;Q394T;V415I,0.9036458412414207,0.0010428667068481446,-0.0031399130821228027,0.21984601874999984,0.11315603906249949,0.001052117347717285,14.275000008940697,-14.625936336815357,2.6211183071136475,3,-0.40000000000000036
PH20_RAW_02190,E32I;K131R;H194D;M311I;M314R;N322K;Q350R;Q394T;V415I;D419E,0.9001595448593105,0.0014841914176940917,-0.0026979446411132812,0.20044784062499987,0.07274316796874958,0.0015648841857910157,13.737500104308129,-15.443624045699835,2.4622583389282227,3,-0.3999999999999999
PH20_RAW_02191,E32V;K131R;M311I;M314R;D321K;A372T;Q394T;A413E;D417E;A420T,0.8999308339414568,0.002264857292175293,-0.003555476665496826,0.20206435546874948,0.016165148437498722,0.001078486442565918,12.712500044703484,-18.703131198883057,1.6225290298461914,3,-5.3
PH20_RAW_02192,S23T;E32I;K131R;H194D;M311F;M314R;N322K;Q350R;A372S;T418V,0.8971400075741865,0.000946664810180664,-0.002908945083618164,0.21661298906249993,0.08890831640625008,0.0013134121894836427,13.662500122189522,-12.10342775285244,6.786870956420898,3,-0.3999999999999999
PH20_RAW_02193,S23T;E32I;K131R;H194D;M314R;N322K;A372T;Q394T;V415I;A420K,0.886863708757996,0.001213681697845459,-0.0031399130821228027,0.20206435546875,0.06466059374999977,0.0018375992774963378,14.500000074505806,-13.5010319724679,3.3296430110931396,3,-0.3999999999999999
PH20_RAW_02194,E32V;K131R;H194D;M314R;E325K;Q350R;A372T;Q394T;A413E;T418S,0.8837550826261239,0.0012766480445861816,-0.0027243494987487793,0.2004478406249997,0.07274316796874913,0.0011452198028564452,16.600000092387198,-17.610037196427584,0.49012160301208496,3,-5.3
PH20_RAW_02195,S23T;E32I;K131R;Q144N;H194D;M311L;M314R;E325K;Q394T;T418S,0.8818921021722942,0.0007850885391235352,-0.0026979446411132812,0.20368087031250015,0.04849544531250016,0.0011034131050109864,17.05000014603138,-10.96196361631155,3.2282907962799072,3,0.0
PH20_RAW_02196,S23T;E32I;H194D;M311L;M314R;E325K;Q350R;A372E;Q394T;A420T,0.877556723194265,0.0003856539726257324,-0.0031135082244873047,0.2182295039062498,0.09699089062499988,0.0015727877616882324,18.012500110268594,-12.431034848093987,3.155954599380493,3,0.0
PH20_RAW_02197,S23T;E32V;Q144N;H194D;M311I;D321K;Q350R;A372T;Q394T;A420T,0.8758392216704217,0.0008506536483764649,-0.003555476665496826,0.2085304148437496,0.06466059374999977,0.0012471437454223632,16.987500035762785,-14.639940150082111,5.333485841751099,3,0.0
PH20_RAW_02198,S23T;E32I;K131R;H194D;M311I;M314R;N322K;Q350R;Q394T;D419E,0.874626217677929,0.0009501934051513672,-0.0026979446411132812,0.20368087031249998,0.08082574218749983,0.0013267278671264648,14.537500122189522,-12.09834610298276,3.5655441284179688,3,-0.3999999999999999
PH20_RAW_02199,S23T;E32I;K131R;H194D;M311I;M314R;N322K;Q394T;V415I;A420T,0.8698925324376505,0.0008077740669250489,-0.0031135082244873047,0.21337995937499982,0.06466059374999977,0.001738905906677246,14.087500122189521,-10.239201609045267,4.4080870151519775,2,-0.3999999999999999
PH20_RAW_02200,E32I;K131R;H194D;M311F;M314R;N322K;Q350R;Q394T;D417E;D419E,0.8676477948065725,0.0014516115188598633,-0.002282381057739258,0.20853041484374996,0.09699089062499944,0.0018603920936584473,15.325000104308128,-21.663154002279043,1.936643362045288,3,-0.3999999999999999
PH20_RAW_02201,E32V;K131R;Q144N;H194D;M311F;E325K;Q350R;A372T;Q394T;T418V,0.8655882812227278,0.0007505655288696289,-0.0031399130821228027,0.21337995937499965,0.08890831640624919,0.001348400115966797,16.012500020861626,-13.777583546936512,4.045965909957886,3,0.0
PH20_RAW_02202,S23T;E32I;K131R;H194D;V238L;M311F;M314R;Q350R;D417E;A420T,0.8596937585460649,0.0006737470626831055,-0.0024933815002441406,0.21014692968749982,0.09699089062499944,0.0013587117195129395,14.287500157952309,-12.669770061969757,5.8629114627838135,2,-0.40000000000000036
PH20_RAW_02203,S23T;E32V;K131R;H194D;V238L;M314R;N322K;A372T;Q394T;A420T,0.8589081241080967,0.0005445599555969239,-0.003555476665496826,0.20044784062499987,0.07274316796874958,0.0017997860908508302,15.150000086426735,-10.02922635152936,5.893914699554443,2,-0.8000000000000003
PH20_RAW_02204,S23T;E32I;K131R;M314R;D321K;A372T;Q394T;A413E;D417E;A420T,0.8580407335918151,0.0018038988113403321,-0.003555476665496826,0.2004478406249998,0.024247722656249415,0.0010828495025634766,12.675000050663948,-15.778141666203737,3.4887938499450684,3,-5.3
PH20_RAW_02205,E32I;K131R;Q144N;H194D;M314R;D321K;Q350R;A372E;Q394T;A420T,0.8532821144439953,0.0009007930755615234,-0.0026979446411132812,0.2036808703124998,0.04849544531249972,0.001664912700653076,19.10000006556511,-18.914681922644377,6.023686647415161,3,0.0
PH20_RAW_02206,S23T;E32I;K131R;H194D;M311I;M314R;A372T;Q394T;V415I;D419E,0.8439400174568494,0.0008174777030944824,-0.003555476665496826,0.2004478406249998,0.048495445312499275,0.0011565685272216797,14.075000110268594,-10.677455596625805,3.9781856536865234,1,0.0
PH20_RAW_02207,S23T;E32I;K131R;H194D;M311I;M314R;N322K;Q350R;A372T;D419E,0.8422154830616441,0.0007914423942565918,-0.0033509135246276855,0.20853041484374985,0.07274316796874958,0.0010609149932861329,14.212500074505806,-10.671283226460218,4.555757999420166,3,-0.3999999999999999
PH20_RAW_02208,S23T;E32I;K131R;H194D;I310L;M314R;N322K;Q350R;A372T;Q394T,0.8390152708959956,0.0004071950912475586,-0.0031399130821228027,0.20368087031250007,0.08082574218749983,0.0014870882034301758,15.812500050663948,-9.977710902690887,6.480893611907959,3,-0.3999999999999999
PH20_RAW_02209,S23T;E32V;K131R;Q144N;H194D;M311F;M314R;Q350R;Q394T;A420T,0.835980198696884,0.00042512416839599607,-0.0026979446411132812,0.20853041484374976,0.08890831640624963,0.0018081784248352051,16.550000169873236,-14.118891216814518,6.699304819107056,2,0.0
PH20_RAW_02210,E32I;K131R;H194D;V238L;M311F;M314R;E325K;A372T;Q394T;T418S,0.8344915457981956,0.000963139533996582,-0.0031399130821228027,0.22792859296875,0.08082574218749938,0.0007008910179138184,16.95000008046627,-18.329982236027718,1.4712259769439697,3,-0.40000000000000036
PH20_RAW_02211,S23T;E32I;K131R;Q144N;H194D;M314R;E325K;A372T;Q394T;D417E,0.8303853472049446,0.00044542551040649414,-0.0031399130821228027,0.20044784062499996,0.04849544531249972,0.0010138511657714843,17.912500098347664,-10.806075263768435,4.76006293296814,3,0.0
PH20_RAW_02212,S23T;E32I;K131R;H194D;M311V;E325K;Q350R;A372T;Q394T;V415I,0.8258995516372104,0.0007830500602722168,-0.0031399130821228027,0.2036808703124998,0.08082574218749983,0.0009612083435058594,13.60000002682209,-10.595877021551132,4.261402130126953,3,0.0
PH20_RAW_02213,S23T;E32I;K131R;H194D;M311F;E325K;Q350R;A372T;Q394T;T418V,0.824677763761865,0.0003090500831604004,-0.0031399130821228027,0.23439465234374976,0.11315603906249949,0.001054692268371582,14.75000002682209,-10.238243971019983,4.021222829818726,3,0.0
PH20_RAW_02214,S23T;E32I;K131R;H194D;M311L;M314R;Q350R;A372E;V415I;A420T,0.8245468509832825,0.00044522285461425783,-0.002908945083618164,0.2004478406249997,0.07274316796874958,0.0019496679306030273,14.250000110268592,-9.884605925530195,5.674770832061768,1,0.0
PH20_RAW_02215,S23T;E32I;K131R;H194D;M311I;E325K;Q350R;A372T;Q394T;A420S,0.8239715488605607,0.0005808830261230469,-0.0031399130821228027,0.21014692968749982,0.08082574218749938,0.0008689641952514648,14.53750002682209,-9.07159947231412,2.540590763092041,3,0.0
PH20_RAW_02216,E32V;K131R;H194D;V238L;D321K;Q350R;A372T;Q394T;D417E;A420T,0.8238311697633246,0.0011469721794128418,-0.0027243494987487793,0.20206435546874957,0.07274316796874913,0.0017153263092041016,14.812500005960464,-17.22032903134823,4.380295515060425,3,-0.40000000000000036
PH20_RAW_02217,E32I;K131R;Q144N;H194D;M311F;D321K;Q350R;Q394T;D417E;A420T,0.8117843036056439,0.0011860847473144532,-0.002282381057739258,0.21337995937499973,0.07274316796874958,0.0017772674560546874,16.400000041723253,-21.537846583873034,4.226939678192139,3,0.0
PH20_RAW_02218,S23T;E32I;K131R;H194D;M311L;M314R;N322K;A372T;Q394T;D419E,0.8084204619812747,0.0006733894348144531,-0.003555476665496826,0.20368087031250007,0.06466059374999977,0.0017094969749450683,14.737500074505807,-11.743450906127691,3.786517381668091,2,-0.3999999999999999
PH20_RAW_02219,S23T;E32I;K131R;Q144N;H194D;M311F;E325K;Q350R;A372T;A420T,0.8080403135982553,0.00023561716079711914,-0.0033509135246276855,0.22146253359374973,0.08890831640624963,0.001248931884765625,15.66250002682209,-9.744104988873005,5.6492018699646,3,0.0
PH20_RAW_02220,E32V;K131R;H194D;M311F;M314R;N322K;Q350R;A372S;D417E;A420T,0.7932171036528072,0.0012169480323791504,-0.0024933815002441406,0.2085304148437496,0.08082574218749938,0.002124941349029541,14.262500116229058,-19.666829984635115,4.545230865478516,3,-0.3999999999999999
PH20_RAW_02221,E32V;K131R;H194D;V238L;M311I;E325K;Q350R;A372T;D417E;A420T,0.7902801655696005,0.0007680535316467285,-0.0052678585052490234,0.2020643554687494,0.07274316796874869,0.0011767983436584474,13.562500020861625,-10.421474654227495,2.5968332290649414,3,-0.40000000000000036
PH20_RAW_02222,E32I;K131R;H194D;V238L;M311I;M314R;N322K;A372T;V415I;A420T,0.788772088955298,0.0008583188056945801,-0.0052678585052490234,0.20529738515624976,0.048495445312499275,0.0012955427169799804,13.312500056624412,-11.38289101794362,4.408462047576904,2,-0.8000000000000003
PH20_RAW_02223,E32V;K131R;H194D;M311I;M314R;N322K;Q350R;A372T;Q394T;A420S,0.7860877240809534,0.0010209918022155763,-0.0040988922119140625,0.2036808703124998,0.06466059374999755,0.0014827251434326172,15.23750006854534,-16.579681627452374,2.832911729812622,3,-0.3999999999999999
PH20_RAW_02224,S23T;E32V;K131R;H194D;M311V;M314R;N322K;Q350R;A372T;Q394T,0.7841522189721026,0.0006891608238220215,-0.0031399130821228027,0.20044784062499987,0.08082574218749716,0.001336812973022461,15.100000086426736,-14.508468922227621,5.65700888633728,3,-0.3999999999999999
PH20_RAW_02225,E32V;K131R;H194D;M311L;M314R;N322K;Q350R;A372T;Q394T;V415I,0.7804887770471685,0.0008568525314331055,-0.0031399130821228027,0.21014692968749982,0.08890831640624963,0.0019534826278686523,14.23750006854534,-15.64118342474103,3.6244425773620605,3,-0.3999999999999999
PH20_RAW_02226,E32I;K131R;H194D;M311F;M314R;N322K;Q350R;A372T;A413E;A420T,0.7735875660615021,0.0008355498313903809,-0.0033509135246276855,0.2149964742187497,0.08890831640624919,0.0016318917274475097,14.975000056624413,-18.250887226313353,3.0732645988464355,2,-5.699999999999999
PH20_RAW_02227,S23T;E32I;H194D;M311L;M314R;N322K;Q350R;A372T;V415I;A420T,0.7689350753464558,0.0005239248275756836,-0.003766477108001709,0.21661298906249984,0.08890831640625008,0.001741945743560791,14.062500086426734,-12.155066378414631,5.0336222648620605,3,-0.3999999999999999
PH20_RAW_02228,S23T;E32V;K131R;H194D;M311F;M314R;A372S;Q394T;D417E;A420T,0.7677879740956194,0.0007089853286743164,-0.0026979446411132812,0.20368087031249962,0.06466059374999933,0.0019824385643005373,14.925000169873238,-16.401376083493233,5.070944309234619,1,0.0
PH20_RAW_02229,S23T;E32I;K131R;H194D;M314R;N322K;Q350R;A372T;Q394T;A420S,0.7608116571328042,0.0005600333213806152,-0.0031399130821228027,0.2020643554687501,0.08082574218749983,0.0014870882034301758,15.200000074505805,-13.634288232773542,4.699176549911499,3,-0.3999999999999999
PH20_RAW_02230,E32V;K131R;H194D;M311L;E325K;Q350R;A372T;Q394T;V415I;A420T,0.7572560819872455,0.0005924701690673828,-0.003155648708343506,0.21661298906249948,0.08890831640624919,0.002041471004486084,13.487500020861626,-11.581763714551926,2.758239507675171,3,0.0
PH20_RAW_02231,S23T;E32I;K131R;H194D;M311F;M314R;Q350R;A372T;Q394T;A413E,0.7555494438048326,0.00040266513824462893,-0.0031399130821228027,0.20853041484374985,0.09699089062499944,0.0010544180870056153,15.637500110268594,-16.297980543226004,3.383610248565674,1,-5.3
PH20_RAW_02232,S23T;E32I;K131R;Q144N;H194D;M314R;E325K;A372T;Q394T;A420T,0.7543212611685294,-1.1885166168212891e-05,-0.003555476665496826,0.21176344453124987,0.04849544531249972,0.0012492060661315918,17.662500098347664,-8.58898650482297,6.019524574279785,3,0.0
PH20_RAW_02233,E32I;K131R;H194D;V238L;M311I;M314R;N322K;A372T;Q394T;V415I,0.7511457854315844,0.0008347868919372558,-0.0040988922119140625,0.20044784062499996,0.056578019531249524,0.0010383963584899903,14.112500056624413,-14.096722885966301,2.9708118438720703,2,-0.8000000000000003
PH20_RAW_02234,E32V;K131R;H194D;M311I;M314R;N322K;Q350R;A372T;Q394T;D419E,0.749231801858816,0.0009436368942260742,-0.0031399130821228027,0.2036808703124997,0.06466059374999755,0.0015055179595947266,14.962500068545342,-16.571998350322247,2.5442256927490234,3,-0.3999999999999999
PH20_RAW_02235,S23T;E32I;K131R;H194D;M311F;M314R;Q350R;A372T;Q394T;V415I,0.7467329395767204,0.0003353238105773926,-0.0031399130821228027,0.22631207812499987,0.10507346484374969,0.0012296676635742188,14.962500110268593,-15.385827243328094,5.123839616775513,2,0.0
PH20_RAW_02236,S23T;E32I;K131R;H194D;M311F;M314R;N322K;Q350R;Q394T;T418S,0.7373094646064836,0.0007418632507324219,-0.002282381057739258,0.22307904843750012,0.10507346484375013,0.0014014005661010741,15.475000122189522,-19.651647847145796,2.5272367000579834,3,-0.3999999999999999
PH20_RAW_02237,E32I;K131R;H194D;M311I;E325K;Q350R;A372E;Q394T;V415I;A420T,0.7371816363974362,0.0005861043930053711,-0.0040988922119140625,0.20529738515624948,0.07274316796874913,0.001630079746246338,14.712500008940697,-13.33922564983368,1.1698799133300781,2,0.0
PH20_RAW_02238,E32I;K131R;Q144N;M311F;M314R;E325K;A372T;Q394T;A413E;A420T,0.7236512567765696,0.0012540340423583985,-0.00397104024887085,0.20206435546874985,0.03233029687499922,0.0008835077285766601,13.825000047683716,-16.458402261137962,1.75632905960083,3,-5.3
PH20_RAW_02239,S23T;E32I;K131R;M311F;M314R;N322K;A372T;Q394T;D417E;D419E,0.7227565959004538,0.0015294909477233886,-0.003555476665496826,0.20368087031250007,0.056578019531249524,0.0012808918952941894,11.462500041723251,-18.363693825900555,1.94671630859375,3,-0.3999999999999999
PH20_RAW_02240,S23T;E32I;K131R;H194D;M311I;M314R;E325K;A372T;Q394T;T418S,0.7168384418067683,0.00035645961761474607,-0.0034452080726623535,0.22631207812499987,0.056578019531249524,0.0005177378654479981,16.487500098347663,-12.393192611634731,1.7291874885559082,3,0.0
PH20_RAW_02241,E32V;K131R;H194D;M311F;M314R;Q350R;A372T;Q394T;A413E;A420T,0.7148805047205371,0.0005783915519714355,-0.0031399130821228027,0.2085304148437495,0.08890831640624741,0.0017561674118041991,15.587500104308129,-19.55198697373271,2.8097281455993652,1,-5.3
PH20_RAW_02242,E32V;K131R;H194D;V238L;M311L;M314R;N322K;Q350R;A372T;Q394T,0.7070859736104185,0.0005321502685546875,-0.0031399130821228027,0.20044784062499996,0.08890831640624786,0.0015377759933471679,14.587500068545342,-14.82846537604928,3.737889528274536,3,-0.8000000000000003
PH20_RAW_02243,S23T;E32I;H194D;M311F;M314R;N322K;Q350R;A372S;Q394T;D417E,0.7070012113360938,0.00083695650100708,-0.0026979446411132812,0.20529738515625,0.09699089062500033,0.0013991117477416993,15.68750013411045,-21.581539563834667,3.0791101455688477,3,-0.3999999999999999
PH20_RAW_02244,S23T;E32I;K131R;H194D;V238L;M311F;N322K;Q350R;A372T;A420T,0.6990644963352579,0.00026305913925170896,-0.0033509135246276855,0.21176344453124987,0.10507346484374969,0.0015060782432556152,12.825000002980232,-12.131397366523743,4.996157646179199,2,-0.8000000000000003
PH20_RAW_02245,E32I;K131R;H194D;V238L;M311F;M314R;Q350R;A372T;Q394T;V415I,0.6949038893372097,0.0005446195602416993,-0.0031399130821228027,0.21337995937499993,0.09699089062499944,0.001052117347717285,14.5125000923872,-18.098367772996426,4.134000778198242,2,-0.40000000000000036
PH20_RAW_02246,S23T;E32I;K131R;H194D;M311L;M314R;N322K;Q350R;Q394T;D417E,0.6928820895927338,0.0004334449768066406,-0.002282381057739258,0.20368087031250007,0.08890831640625008,0.0017094969749450683,14.487500122189521,-13.928359791636467,3.3882687091827393,3,-0.3999999999999999
PH20_RAW_02247,S23T;E32I;K131R;H194D;V238L;M311L;E325K;A372T;Q394T;T418S,0.6888447962810607,0.0003658652305603027,-0.0031399130821228027,0.20044784062500004,0.06466059374999977,0.0009255886077880859,13.93750002682209,-10.158503249287605,1.2616071701049805,2,-0.40000000000000036
PH20_RAW_02248,E32V;K131R;H194D;V238L;M311I;M314R;N322K;A372T;Q394T;A420T,0.6885401247052316,0.0004765152931213379,-0.004889965057373047,0.2036808703124997,0.05657801953124908,0.0015019893646240235,14.86250006854534,-13.841969303786755,3.500215530395508,2,-0.8000000000000003
PH20_RAW_02249,E32I;K131R;H194D;V238L;M311L;M314R;N322K;Q350R;A372T;T418V,0.6787189407490268,0.0003894329071044922,-0.0035335421562194824,0.20368087031249998,0.07274316796874958,0.0011563539505004884,13.062500056624412,-10.594320226460695,5.05640172958374,3,-0.8000000000000003
PH20_RAW_02250,E32V;K131R;H194D;V238L;M311I;M314R;N322K;Q350R;A372T;Q394T,0.6785455388889865,0.00055159330368042,-0.0040988922119140625,0.20206435546874985,0.0727431679687478,0.0010670185089111327,14.86250006854534,-15.209991279989481,3.2848477363586426,3,-0.8000000000000003
PH20_RAW_02251,S23T;E32I;K131R;H194D;D321K;Q350R;A372T;Q394T;D417E;A420T,0.6630696841655817,0.00040867328643798826,-0.0027243494987487793,0.21661298906249965,0.07274316796874958,0.0015994429588317872,14.937500011920928,-15.41065265238285,4.842700004577637,3,0.0
PH20_RAW_02252,S23T;E32V;K131R;H194D;M311I;M314R;Q350R;A372T;Q394T;T418V,0.6608104755455735,-5.7578086853027344e-05,-0.0034452080726623535,0.2117634445312496,0.07274316796874913,0.0009874224662780762,14.400000122189521,-9.503276612609625,5.329662322998047,2,0.0
PH20_RAW_02253,S23T;E32I;K131R;H194D;V238L;M314R;N322K;Q350R;A372T;Q394T,0.6512446430300096,9.063482284545898e-05,-0.0031399130821228027,0.20044784062500015,0.08890831640625008,0.0010713815689086914,14.825000074505805,-12.356635563075542,5.1511125564575195,3,-0.8000000000000003
PH20_RAW_02254,S23T;E32I;K131R;M311F;E325K;Q350R;A372T;Q394T;A413E;A420T,0.6506987369187578,0.0008828759193420411,-0.003555476665496826,0.21014692968749973,0.08082574218749938,0.000971221923828125,10.687499994039536,-13.384648211300373,1.0115528106689453,3,-5.3
PH20_RAW_02255,S23T;E32V;K131R;H194D;M314R;N322K;Q350R;A372T;Q394T;T418S,0.6323034139845536,0.00040596723556518555,-0.0027243494987487793,0.20529738515624993,0.08082574218749983,0.0015172839164733886,15.275000086426735,-16.936609338968992,3.1677401065826416,3,-0.3999999999999999
PH20_RAW_02256,E32I;K131R;Q144N;H194D;M311F;D321K;Q350R;A372T;Q394T;T418S,0.6292767757424566,0.0008953928947448731,-0.0027243494987487793,0.21661298906249993,0.06466059374999977,0.0010562658309936524,16.674999994039535,-24.932628486305475,2.6396358013153076,3,0.0
PH20_RAW_02257,S23T;E32I;K131R;Q144N;H194D;M311L;E325K;Q350R;A372T;Q394T,0.6074196942935205,-0.0002047419548034668,-0.0031399130821228027,0.20044784062499996,0.07274316796875002,0.001101839542388916,15.27500002682209,-9.119773123413324,3.932716131210327,3,0.0
PH20_RAW_02258,S23T;E32I;H194D;M311L;M314R;N322K;Q350R;Q394T;D417E;A420T,0.6056888364308645,0.0002527117729187012,-0.0026979446411132812,0.20529738515624993,0.08890831640625008,0.0019425630569458007,15.06250013411045,-16.2893678098917,2.7859160900115967,3,-0.3999999999999999
PH20_RAW_02259,S23T;E32V;K131R;H194D;M311I;M314R;A372T;Q394T;D417E;A420T,0.5893643187537334,-3.809928894042969e-05,-0.0034452080726623535,0.20529738515624948,0.04849544531249883,0.0015321731567382812,15.050000122189521,-12.536542680114508,3.877272129058838,1,0.0
PH20_RAW_02260,E32I;K131R;H194D;I310L;M314R;N322K;Q350R;A372T;Q394T;A420T,0.5886127772519145,5.391836166381836e-05,-0.0031399130821228027,0.20529738515624985,0.06466059374999933,0.0018954038619995116,15.437500032782555,-14.004718698561192,5.379577159881592,3,-0.3999999999999999
PH20_RAW_02261,S23T;E32I;K131R;Q144N;H194D;M311F;M314R;Q350R;A372T;Q394T,0.5577184112720606,-0.0002861618995666504,-0.0031399130821228027,0.21014692968749998,0.08082574218749983,0.0009917855262756349,16.700000110268594,-16.110079515725374,5.72443413734436,2,0.0
PH20_RAW_02262,S23T;E32I;Q144N;H194D;M311F;M314R;A372T;Q394T;D417E;A420T,0.549175324105381,-8.466243743896485e-05,-0.003555476665496826,0.20206435546874985,0.056578019531249524,0.0014244675636291503,17.52500012218952,-18.922125108540058,4.0779876708984375,1,0.0
PH20_RAW_02263,E32I;K131R;H194D;M311F;M314R;Q350R;A372T;Q394T;V415I;A420T,0.49635067408014594,-1.7952919006347656e-05,-0.003215491771697998,0.22792859296874965,0.08890831640624919,0.0016379833221435546,14.587500092387199,-19.411915577948093,4.0225231647491455,2,0.0
PH20_RAW_02264,S23T;E32I;H194D;M311I;M314R;Q350R;A372T;Q394T;V415I;A420T,0.49410809480407597,-0.00024279356002807618,-0.003555476665496826,0.21337995937499965,0.07274316796874958,0.0011020302772521973,14.625000122189523,-14.338469684123993,3.789609670639038,2,0.0
PH20_RAW_02265,E32I;K131R;H194D;V238L;M311I;E325K;Q350R;A372T;Q394T;A420T,0.4613512699726324,-0.0002417922019958496,-0.004889965057373047,0.21014692968749965,0.07274316796874913,0.0008615732192993164,13.787500008940697,-11.94144419580698,1.8912103176116943,3,-0.40000000000000036
PH20_RAW_02266,S23T;E32I;K131R;M311F;M314R;Q350R;A372S;Q394T;V415I;A420T,0.43890747860415447,0.0006669878959655762,-0.0031135082244873047,0.20529738515624985,0.05657801953124997,0.0012360334396362305,9.212500125169754,-16.729797169566154,4.726459503173828,3,0.0
PH20_RAW_02267,E32I;K131R;V238L;M311F;M314R;Q350R;A372T;Q394T;D417E;A420T,0.180016305402575,9.66191291809082e-05,-0.0031399130821228027,0.20206435546874985,0.05657801953124908,0.0009037256240844727,10.475000059604644,-21.620975960046053,2.017333507537842,3,-0.40000000000000036
