name,mutations,generation_score,additive_ec_mean,additive_ec_min,additive_stability_mean,additive_stability_min,additive_solubility_mean,additive_lm_mean,potts_delta,independent_delta,net_charge_delta,surface_hydropathy_delta,minimum_essential_ca_distance
PH20_POOL_0001,S23T;E32T;M36L;H194D;M311F;D321K;E325K;A413E;V415I;D419E,2.8321803097895164,0.006760334968566895,-0.0033245086669921875,0.2036808703124998,0.12123861328124974,0.001980495452880859,17.18750006556511,-11.206895995885134,4.176811933517456,3,-5.3,14.04241216908373
PH20_POOL_0002,S23T;E32V;M36L;K131R;H194D;I310L;D321K;E325K;A413E;A420S,2.6307529613471017,0.005299103260040283,-0.0033245086669921875,0.20206435546874985,0.08082574218749938,0.0015207529067993164,16.87500005364418,1.1787202656269073,10.222490787506104,3,-5.3,14.04241216908373
PH20_POOL_0003,S23T;E32V;M36L;H194D;I310L;M314R;D321K;E325Q;A413E;V415I,2.6088149591149765,0.0055055379867553714,-0.003740072250366211,0.2149964742187498,0.08890831640625008,0.001495671272277832,16.58750014901161,-3.366111434996128,10.340718269348145,3,-5.3,14.04241216908373
PH20_POOL_0004,S23T;E32V;M36L;H194D;V238L;M311F;D321K;E325K;A413E;A420S,2.60715588700597,0.005484426021575927,-0.003740072250366211,0.21661298906249993,0.12123861328124974,0.0009927034378051757,17.462500089406966,-6.487098563462496,7.729851722717285,3,-5.7,14.04241216908373
PH20_POOL_0005,S23T;E32T;M36L;H194D;V238L;M311F;D321K;E325K;A413E;T418V,2.603275717989774,0.0058437705039978026,-0.0033245086669921875,0.20368087031249987,0.10507346484374658,0.0013670206069946289,17.112500065565108,-7.946596372872591,5.327699661254883,3,-5.7,14.04241216908373
PH20_POOL_0006,S23T;E32T;M36L;H194D;V238L;M311F;D321K;E325Q;V415I;D419E,2.6005152831969434,0.006366431713104248,-0.0033245086669921875,0.20529738515624993,0.12123861328125018,0.002004849910736084,14.525000077486037,-12.13403245434165,5.380479574203491,3,-0.40000000000000036,14.04241216908373
PH20_POOL_0007,E32T;M36L;K131R;H194D;V238L;M311F;D321K;E325K;A413E;V415I,2.595511753645061,0.006195747852325439,-0.002908945083618164,0.20206435546874985,0.11315603906249949,0.001717245578765869,16.137500035762788,-11.63693655282259,4.418470144271851,3,-5.7,14.04241216908373
PH20_POOL_0008,S23T;E32T;M36L;H194D;M311F;D321K;E325Q;A413E;V415I;A420K,2.58025858478137,0.006677281856536865,-0.002908945083618164,0.2004478406249998,0.11315603906249994,0.002308213710784912,14.850000077486039,-15.583933636546135,2.2325572967529297,3,-5.3,14.04241216908373
PH20_POOL_0009,S23T;E32I;M36L;H194D;I310L;D321K;E325K;A413E;V415I;D419E,2.5738627861708014,0.00539928674697876,-0.003740072250366211,0.20044784062499987,0.08082574218749983,0.001313018798828125,16.42500005364418,-1.222388081252575,8.802048444747925,3,-5.3,14.04241216908373
PH20_POOL_0010,S23T;E32T;M36L;H194D;M311F;D321K;E325K;Q394T;A413E;A420S,2.5618547362482857,0.005926883220672608,-0.0031135082244873047,0.20368087031249998,0.12123861328124619,0.001870715618133545,18.68750006556511,-14.32011242210865,3.0298171043395996,3,-5.3,14.04241216908373
PH20_POOL_0011,S23T;E32V;M36L;H194D;V238L;I310L;D321K;E325K;A372E;V415I,2.557846244989173,0.004902541637420654,-0.003740072250366211,0.20529738515624985,0.09699089062499988,0.0013432025909423829,18.150000017881393,-0.851608257740736,10.756983757019043,3,-0.40000000000000036,14.04241216908373
PH20_POOL_0012,E32V;M36L;H194D;M311F;D321K;E325K;A372E;E393Q;A413E;V415I,2.5466315255044925,0.0054738521575927734,-0.003740072250366211,0.21822950390624962,0.11315603906249949,0.0013204216957092285,19.362499964237212,-11.098451912403107,5.928487539291382,3,-5.3,14.04241216908373
PH20_POOL_0013,S23T;E32T;M36L;H194D;I310L;M314Y;D321K;E325Q;V415I;A420S,2.5263209396760806,0.006293380260467529,-0.002908945083618164,0.20853041484374996,0.09699089062500033,0.002729666233062744,14.68750005364418,-12.746690727770329,5.223894357681274,3,0.0,14.04241216908373
PH20_POOL_0014,S23T;E32V;M36L;H194D;I310L;D321K;E325Q;A372E;V415I;A420S,2.515644880433342,0.005370080471038818,-0.003740072250366211,0.2004478406249998,0.08082574218749983,0.0020237207412719727,16.187500029802322,-4.886844176799059,9.655039072036743,2,0.0,14.04241216908373
PH20_POOL_0015,S23T;E32V;M36L;H194D;V238L;I310L;M314R;D321K;V415I;D419E,2.5070572363033508,0.005037999153137207,-0.003740072250366211,0.20044784062499996,0.08082574218749983,0.001365995407104492,16.662500149011613,-1.5413942970335484,12.696041584014893,3,-0.40000000000000036,14.04241216908373
PH20_POOL_0016,S23T;E32V;M36L;H194D;M311F;M314R;D321K;E393Q;A413E;A420S,2.500397691090683,0.005152666568756103,-0.003740072250366211,0.21661298906249993,0.10507346484374702,0.0010822653770446778,18.950000113248826,-8.758253321051598,9.259517192840576,3,-5.3,14.04241216908373
PH20_POOL_0017,S23T;E32T;M36L;H194D;M311F;M314R;D321K;E325Q;A372E;V415I,2.4922268176046067,0.005703878402709961,-0.0033245086669921875,0.22792859296874984,0.12123861328124574,0.002044963836669922,18.525000101327898,-16.34731649979949,5.874926328659058,3,0.0,14.04241216908373
PH20_POOL_0018,S23T;E32T;M36L;K131R;H194D;M314R;D321K;E325Q;A413E;V415I,2.490509969423294,0.005835700035095215,-0.002908945083618164,0.20206435546874985,0.08890831640625008,0.0019820570945739747,15.450000137090683,-8.960154056549072,6.350905418395996,3,-5.3,14.04241216908373
PH20_POOL_0019,S23T;E32T;K131R;H194D;M311F;D321K;E325Q;E393Q;A413E;V415I,2.4895375162128417,0.005923342704772949,-0.002908945083618164,0.2004478406249998,0.11315603906249994,0.0022771716117858886,15.71249998807907,-11.008479680866003,2.271939277648926,3,-5.3,14.04241216908373
PH20_POOL_0020,S23T;E32V;M36L;H194D;M311L;D321K;E325K;A413E;V415I;D419E,2.4892033014061568,0.005314946174621582,-0.003740072250366211,0.21014692968749973,0.09699089062499988,0.0015412569046020508,15.650000089406968,-3.567840103060007,7.0488831996917725,3,-5.3,14.04241216908373
PH20_POOL_0021,E32T;M36L;K131R;H194D;I310L;M314Y;D321K;E325K;A413E;V415I,2.4808479324706956,0.006045341491699219,-0.0024933815002441406,0.20529738515624976,0.08890831640624963,0.0024648547172546388,16.02500001192093,-12.406164068728685,3.973198890686035,3,-5.3,14.04241216908373
PH20_POOL_0022,E32V;M36L;K131R;H194D;I310L;D321K;E325K;A372E;V415I;D419E,2.462394222276443,0.005122041702270508,-0.0033245086669921875,0.20691389999999962,0.07274316796874913,0.00195695161819458,17.299999988079072,-4.012753523886204,9.5173978805542,3,0.0,14.04241216908373
PH20_POOL_0023,S23T;E32V;M36L;H194D;I310L;M314Y;D321K;E325K;A413E;V415I,2.4574393647270947,0.005189323425292968,-0.0033245086669921875,0.22792859296874973,0.10507346484375013,0.0017403125762939452,16.62500006556511,-6.740868296474218,7.623069524765015,3,-5.3,14.04241216908373
PH20_POOL_0024,S23T;E32T;K131R;H194D;M311F;D321K;E325K;A372E;V415I;D419E,2.454942910283517,0.005517053604125977,-0.002908945083618164,0.21014692968749973,0.11315603906249949,0.0025365471839904783,18.39999998807907,-12.578484192490578,2.85142183303833,3,0.0,14.04241216908373
PH20_POOL_0025,E32I;M36L;H194D;I310L;M314R;D321K;E325Q;A413E;V415I;A420S,2.4513176138961477,0.005655229091644287,-0.003740072250366211,0.20529738515624993,0.06466059374999977,0.0014403939247131347,16.18750011920929,-8.379385750740767,8.371509075164795,3,-5.3,14.04241216908373
PH20_POOL_0026,S23T;E32V;M36L;K131R;H194D;I310L;D321K;E325Q;V415I;D419E,2.4410617685696168,0.005152547359466552,-0.0033245086669921875,0.21337995937499973,0.08082574218749983,0.001983606815338135,13.58750006556511,-0.30677130073308945,11.024025440216064,3,0.0,14.04241216908373
PH20_POOL_0027,S23T;E32V;K131R;H194D;I310L;D321K;E325K;A372E;V415I;A420S,2.439504571941868,0.0047623634338378905,-0.0033245086669921875,0.20529738515624976,0.08082574218749938,0.002139711380004883,18.237499988079072,-1.9973078034818172,8.292778730392456,3,0.0,14.04241216908373
PH20_POOL_0028,S23T;E32V;M36L;H194D;I310L;D321K;E325K;A372T;A413E;D419E,2.4388506429341805,0.004858732223510742,-0.004182040691375732,0.2036808703124997,0.08082574218749938,0.001253652572631836,17.650000017881393,-2.362105507403612,8.884015798568726,3,-5.3,14.04241216908373
PH20_POOL_0029,S23T;E32V;M36L;H194D;V238L;M314R;D321K;E325Q;A413E;D419E,2.4163252985926658,0.0052563190460205075,-0.003740072250366211,0.20368087031249987,0.08890831640625008,0.001102757453918457,16.05000017285347,-6.385347489267588,8.383762121200562,3,-5.7,14.04241216908373
PH20_POOL_0030,S23T;E32V;H194D;V238L;M311F;D321K;E325Q;E393Q;A413E;V415I,2.415677088104379,0.005276620388031006,-0.003740072250366211,0.21014692968749982,0.12123861328125018,0.0013750791549682617,15.862500023841857,-7.993124898523092,4.931971073150635,3,-5.7,14.04241216908373
PH20_POOL_0031,E32T;M36L;H194D;V238L;M311F;M314R;D321K;E325Q;A413E;T418V,2.4119133086946287,0.006022357940673828,-0.0033245086669921875,0.20853041484374985,0.07274316796874691,0.001517188549041748,16.60000013113022,-15.079138852655888,4.608474254608154,3,-5.7,14.04241216908373
PH20_POOL_0032,S23T;E32V;M36L;K131R;H194D;V238L;D321K;E325K;A413E;V415I,2.4100675873269384,0.004837846755981446,-0.0033245086669921875,0.20691389999999982,0.09699089062499988,0.001105046272277832,15.162500077486039,-0.5875668413937092,9.231198787689209,3,-5.7,14.04241216908373
PH20_POOL_0033,S23T;E32T;M36L;H194D;M314Y;D321K;E325K;A372E;V415I;A420S,2.4096674904047157,0.005737018585205078,-0.002908945083618164,0.21176344453124987,0.10507346484375013,0.0024648547172546388,17.862500017881395,-16.21198096126318,3.3773245811462402,3,0.0,14.04241216908373
PH20_POOL_0034,S23T;E32T;M36L;H194D;M314Y;D321K;E325Q;E393Q;A413E;V415I,2.4081310108190195,0.006065952777862549,-0.002908945083618164,0.20206435546874985,0.10507346484375057,0.002228271961212158,14.900000017881393,-14.601346049457788,2.5091559886932373,3,-5.3,14.04241216908373
PH20_POOL_0035,S23T;E32T;M36L;H194D;M311F;D321K;E325Q;Q394T;V415I;A420S,2.4020591471275763,0.005857682228088379,-0.0031135082244873047,0.21499647421874996,0.12123861328125018,0.002310776710510254,15.675000077486038,-16.12966538220644,4.120037794113159,3,0.0,14.04241216908373
PH20_POOL_0036,S23T;E32T;H194D;V238L;M311F;D321K;E325K;A372T;A413E;V415I,2.385962549370526,0.005395698547363281,-0.003766477108001709,0.20206435546874985,0.12123861328124974,0.0016329050064086913,17.85,-12.924009129405022,1.8553760051727295,3,-5.7,14.04241216908373
PH20_POOL_0037,E32T;M36L;K131R;H194D;V238L;M311F;D321K;E325K;A372E;D419E,2.3856054979583554,0.005629384517669677,-0.002908945083618164,0.20206435546874985,0.08082574218749672,0.001915287971496582,18.08749998807907,-14.115474056452513,4.4781739711761475,3,-0.40000000000000036,14.04241216908373
PH20_POOL_0038,S23T;E32V;M36L;H194D;I310L;D321K;E325Q;A372E;E393Q;T418V,2.382619524898643,0.004542648792266846,-0.003740072250366211,0.2069138999999997,0.08082574218749983,0.0015226006507873535,17.087499970197676,-0.4893525242805481,10.534023761749268,3,0.0,14.04241216908373
PH20_POOL_0039,S23T;E32V;K131R;H194D;I310L;M314R;D321K;E325K;A372E;A413E,2.3787843815587864,0.004331457614898682,-0.0033245086669921875,0.21014692968749973,0.08082574218749938,0.0016116619110107422,20.812500059604645,-3.5003633610904217,7.925107479095459,3,-5.3,14.04241216908373
PH20_POOL_0040,S23T;E32T;M36L;K131R;H194D;M314Y;D321K;E325K;A413E;A420S,2.3766711624150227,0.005664181709289551,-0.0024933815002441406,0.2069138999999999,0.09699089062499988,0.002226698398590088,16.21250005364418,-12.737455688416958,3.2947676181793213,3,-5.3,14.04241216908373
PH20_POOL_0041,S23T;E32V;M36L;H194D;M314R;D321K;E325Q;A372E;A413E;A420S,2.373026558436193,0.005092012882232666,-0.003740072250366211,0.2036808703124998,0.08082574218749983,0.001495671272277832,18.150000125169754,-10.214409694075584,7.505650758743286,2,-5.3,14.04241216908373
PH20_POOL_0042,S23T;E32V;H194D;V238L;I310L;M314R;D321K;E325Q;A413E;T418V,2.371609576607346,0.004753279685974121,-0.003740072250366211,0.20206435546874985,0.08082574218749983,0.001348698139190674,16.825000131130217,-2.145536221563816,8.24783992767334,3,-5.7,14.04241216908373
PH20_POOL_0043,S23T;E32V;M36L;H194D;V238L;M311F;M314R;D321K;A413E;V415I,2.3706599131106376,0.0048414826393127445,-0.003740072250366211,0.2182295039062499,0.11315603906249994,0.0009927034378051757,16.97500017285347,-9.112314075231552,9.581223249435425,2,-5.7,14.04241216908373
PH20_POOL_0044,E32T;M36L;K131R;H194D;I310L;M314Y;D321K;E325K;A372E;A420S,2.360321377744154,0.005556333065032959,-0.0024933815002441406,0.20529738515624985,0.08082574218749938,0.002640104293823242,18.24999996423721,-14.709278784692287,4.321588754653931,3,0.0,14.04241216908373
PH20_POOL_0045,S23T;E32V;M36L;K131R;H194D;D321K;E325K;A372E;E393Q;A413E,2.359879278749444,0.004437971115112305,-0.0033245086669921875,0.2036808703124997,0.08890831640624963,0.001194608211517334,18.587499970197676,-2.3319782577455044,8.194631338119507,3,-5.3,14.04241216908373
PH20_POOL_0046,S23T;E32V;M36L;H194D;M311V;D321K;E325K;A372E;V415I;D419E,2.358069536757843,0.005047547817230225,-0.003740072250366211,0.20529738515624968,0.08082574218749983,0.0013379931449890136,17.212500041723253,-7.7840276546776295,8.665042638778687,3,0.0,14.04241216908373
PH20_POOL_0047,S23T;E32I;H194D;I310L;M314R;D321K;E325K;A372E;A413E;V415I,2.3558953345792033,0.00450899600982666,-0.003740072250366211,0.20853041484374985,0.08082574218749983,0.0013811349868774413,20.637500059604644,-6.038918349891901,6.793351173400879,3,-5.3,14.04241216908373
PH20_POOL_0048,E32V;M36L;K131R;H194D;M311F;D321K;E325Q;E393Q;A413E;V415I,2.3554997667898503,0.005331814289093018,-0.0033245086669921875,0.22469556328124965,0.10507346484374969,0.0015223264694213868,14.70000001192093,-9.358017854392529,6.9361512660980225,3,-5.3,14.04241216908373
PH20_POOL_0049,E32T;M36L;K131R;H194D;M311F;D321K;E325K;Q394T;A413E;D419E,2.351986810797127,0.005676984786987305,-0.0026979446411132812,0.2036808703124998,0.10507346484374658,0.002068758010864258,17.462500035762787,-16.424009047448635,2.2421672344207764,3,-5.3,14.04241216908373
PH20_POOL_0050,S23T;E32V;M36L;H194D;I310L;D321K;E325K;Q394T;A413E;T418V,2.3501406918695897,0.004425621032714844,-0.003529071807861328,0.20853041484374976,0.08890831640624963,0.001321697235107422,17.550000065565108,-1.248368363827467,8.93124270439148,3,-5.3,14.04241216908373
PH20_POOL_0051,S23T;E32T;M36L;H194D;M311F;M314Y;D321K;E393K;A413E;V415I,2.3485389310775227,0.005928599834442138,-0.002908945083618164,0.21176344453124987,0.129321187499996,0.002202343940734863,16.250000029802322,-20.65631313994527,2.9737706184387207,3,-5.3,14.04241216908373
PH20_POOL_0052,S23T;E32T;M36L;K131R;H194D;M311F;D321K;E325K;A372E;T418V,2.3466518691335816,0.004828226566314697,-0.002908945083618164,0.22469556328124973,0.10507346484374613,0.0018950700759887695,18.112500005960463,-8.952692154794931,6.505453586578369,3,0.0,14.04241216908373
PH20_POOL_0053,E32V;M36L;H194D;M311F;M314R;D321K;E325Q;A372E;E393Q;A413E,2.346458600190907,0.005118441581726074,-0.003740072250366211,0.2263120781249997,0.09699089062499677,0.0012324333190917968,19.650000047683715,-14.860368143767118,6.312547922134399,3,-5.3,14.04241216908373
PH20_POOL_0054,S23T;E32T;H194D;M311F;M314R;D321K;E393Q;A413E;V415I;A420T,2.346428068812727,0.005246222019195557,-0.0033245086669921875,0.20206435546874973,0.10507346484374969,0.0022454261779785156,18.862500071525574,-14.036273203790188,3.8324778079986572,3,-5.3,14.04241216908373
PH20_POOL_0055,S23T;E32I;M36L;H194D;V238L;I310L;D321K;E325Q;V415I;D419E,2.344410018155576,0.005005383491516113,-0.003740072250366211,0.20206435546875,0.08082574218750027,0.0013373732566833497,13.76250006556511,-2.048967331647873,10.00571608543396,3,-0.40000000000000036,14.04241216908373
PH20_POOL_0056,E32V;M36L;K131R;H194D;M311F;D321K;E393K;A413E;V415I;D419E,2.341165855622599,0.005466461181640625,-0.0033245086669921875,0.20529738515624968,0.10507346484374658,0.0016944408416748047,15.075000023841858,-12.025542214512825,7.33212685585022,3,-5.3,14.04241216908373
PH20_POOL_0057,S23T;E32T;M36L;H194D;M311F;M314R;D321K;E325Q;Q394T;A413E,2.3396299707005572,0.00542677640914917,-0.0031135082244873047,0.21984601874999993,0.12123861328124619,0.0017827272415161133,18.250000149011612,-17.710402123630047,3.752366542816162,3,-5.3,14.04241216908373
PH20_POOL_0058,E32T;M36L;H194D;V238L;M311F;D321K;E325Q;A372E;A413R;V415I,2.338773847370157,0.00634915828704834,-0.0033245086669921875,0.20529738515624985,0.10507346484374613,0.001564633846282959,15.800000011920929,-22.02621578797698,-0.24756312370300293,3,-6.7,14.04241216908373
PH20_POOL_0059,E32T;M36L;Q144N;H194D;M311F;M314Y;D321K;E325K;A413E;V415I,2.3350371070375133,0.005933880805969238,-0.002908945083618164,0.21337995937499982,0.10507346484375013,0.0021146297454833984,18.000000047683717,-21.909045320004225,1.9677073955535889,3,-5.3,14.04241216908373
PH20_POOL_0060,S23T;E32T;K131R;H194D;M311F;D321K;E325Q;A372E;E393Q;D419E,2.3304620891346475,0.005356979370117187,-0.002908945083618164,0.2004478406249998,0.10507346484374613,0.0024752140045166014,17.662499940395357,-13.380863398313522,2.3316431045532227,3,0.0,14.04241216908373
PH20_POOL_0061,S23T;E32T;M36L;K131R;H194D;M314R;D321K;E325Q;A372E;D419E,2.3289732373228595,0.005269336700439453,-0.002908945083618164,0.20206435546874985,0.08082574218749627,0.0021800994873046875,17.400000089406966,-11.444415275007486,6.410609245300293,3,0.0,14.04241216908373
PH20_POOL_0062,S23T;E32V;H194D;I310L;M314Y;D321K;E325Q;E393Q;A413E;A420S,2.328739436862724,0.005270910263061523,-0.0033245086669921875,0.20529738515624985,0.08890831640625008,0.0021226882934570314,16.475,-9.61083434149623,4.148210763931274,3,-5.3,14.04241216908373
PH20_POOL_0063,S23T;E32T;H194D;I310L;M314R;D321K;E325Q;A372E;V415I;A420T,2.3272540943815923,0.0051100850105285645,-0.0033245086669921875,0.2004478406249997,0.08082574218749983,0.0028340816497802734,18.725000059604646,-11.26836820319295,5.262068748474121,3,0.0,14.04241216908373
PH20_POOL_0064,S23T;E32V;M36L;K131R;H194D;M311F;D321K;E325K;A413E;T418V,2.32686523094247,0.004433369636535645,-0.0033245086669921875,0.23924419687499965,0.11315603906249949,0.0011705279350280762,16.262500077486038,-3.389068055897951,8.969481468200684,3,-5.3,14.04241216908373
PH20_POOL_0065,E32V;M36L;H194D;V238L;M314Y;D321K;E325K;A413E;V415I;A420S,2.3259673787296102,0.005551457405090332,-0.0033245086669921875,0.21337995937499982,0.09699089062499988,0.0015627622604370117,15.562500071525573,-13.175409883260727,4.851513624191284,3,-5.7,14.04241216908373
PH20_POOL_0066,S23T;E32V;M36L;H194D;I310L;M314R;D321K;A372E;A413R;V415I,2.321940570459812,0.004811429977416992,-0.003740072250366211,0.21337995937499982,0.08890831640625008,0.0011033296585083007,18.387500101327895,-9.0635178796947,8.057837724685669,3,-6.3,14.04241216908373
PH20_POOL_0067,E32T;M36L;K131R;Q144N;H194D;M311F;D321K;E325K;A372E;V415I,2.318908543646552,0.005265259742736816,-0.002908945083618164,0.2036808703124998,0.08890831640624963,0.002070319652557373,19.02499998807907,-15.207574229687452,5.592496633529663,3,0.0,14.04241216908373
PH20_POOL_0068,S23T;E32V;M36L;H194D;I310L;D321K;E325K;A372E;Q394T;D419E,2.3152399847164693,0.00438377857208252,-0.003529071807861328,0.20691389999999982,0.08890831640624963,0.0016947150230407714,19.475000017881392,-5.59692245349288,8.580680847167969,3,0.0,14.04241216908373
PH20_POOL_0069,E32V;M36L;Q144N;H194D;M311F;D321K;E325K;A372E;V415I;D419E,2.3123852497847737,0.005010581016540528,-0.003740072250366211,0.2149964742187497,0.08890831640624963,0.00160672664642334,19.27500002384186,-13.706459641456604,7.511906385421753,3,0.0,14.04241216908373
PH20_POOL_0070,S23T;E32V;M36L;K131R;H194D;M314R;D321K;A413E;V415I;A420S,2.311777760142206,0.004808998107910157,-0.0033245086669921875,0.20206435546874985,0.07274316796874958,0.0015207529067993164,15.77500016093254,-5.297418646514416,10.292145252227783,2,-5.3,14.04241216908373
PH20_POOL_0071,S23T;E32I;M36L;H194D;M311F;D321K;E393K;A413E;V415I;D419E,2.309736706738586,0.005110001564025879,-0.003740072250366211,0.2069138999999999,0.12123861328124974,0.001225757598876953,15.700000041723252,-11.181179404258728,7.303656339645386,3,-5.3,14.04241216908373
PH20_POOL_0072,S23T;E32T;M36L;K131R;H194D;I310L;M314Y;D321K;E393Q;V415I,2.3039674074526433,0.0051410913467407225,-0.0024933815002441406,0.20206435546874993,0.08890831640625008,0.002428603172302246,15.362499982118607,-8.357795301824808,7.42575740814209,3,0.0,14.04241216908373
PH20_POOL_0073,E32V;M36L;K131R;H194D;I310L;D321K;E325K;A372E;D417E;A420S,2.3032890485187365,0.004769432544708252,-0.002908945083618164,0.2004478406249997,0.06466059374999888,0.0018689632415771484,18.24999998807907,-6.741499103605747,8.548591613769531,3,0.0,14.04241216908373
PH20_POOL_0074,S23T;E32T;M36L;H194D;M311F;M314R;D321K;Q394T;V415I;D419E,2.3032786886395287,0.005283939838409424,-0.0031135082244873047,0.21499647421874996,0.11315603906249994,0.002068758010864258,17.975000149011613,-17.06187406554818,5.994242906570435,3,0.0,14.04241216908373
PH20_POOL_0075,S23T;E32V;M36L;H194D;I310L;M314Y;D321K;E325Q;A413E;D419E,2.303182953120319,0.005254805088043213,-0.0033245086669921875,0.21337995937499973,0.08890831640625008,0.0020279169082641603,14.737500077486038,-10.037353862076998,6.345885753631592,2,-5.3,14.04241216908373
PH20_POOL_0076,S23T;E32T;H194D;I310L;M314Y;D321K;E325K;Q394T;A413E;V415I,2.3031009425430513,0.005404043197631836,-0.0026979446411132812,0.20044784062499987,0.10507346484375013,0.002646327018737793,18.062500023841856,-15.147959534078836,0.4198908805847168,3,-5.3,14.04241216908373
PH20_POOL_0077,S23T;E32V;M36L;H194D;I310L;M314Y;D321K;E393Q;V415I;D419E,2.301784762480407,0.004886412620544433,-0.0033245086669921875,0.21337995937499982,0.08890831640625008,0.001965010166168213,15.612500017881393,-6.659378491342068,9.34516716003418,3,0.0,14.04241216908373
PH20_POOL_0078,S23T;E32T;M36L;K131R;H194D;I310L;M314R;D321K;V415I;A420T,2.300530037886657,0.004730105400085449,-0.002908945083618164,0.2036808703124998,0.07274316796874958,0.002415454387664795,16.487500113248824,-5.015023827552795,10.665154218673706,3,0.0,14.04241216908373
PH20_POOL_0079,S23T;E32V;M36L;Q144N;H194D;M311F;D321K;E325Q;A413E;D419E,2.298496912420013,0.005108428001403808,-0.003740072250366211,0.2036808703124998,0.08890831640625008,0.001458132266998291,16.237500101327896,-10.975011985749006,7.278304576873779,2,-5.3,14.04241216908373
PH20_POOL_0080,S23T;E32V;M36L;K131R;H194D;M311F;D321K;E325K;A372E;V415I,2.2979480162940784,0.004324185848236084,-0.0033245086669921875,0.24571025624999968,0.12123861328124974,0.0015207529067993164,17.737500029802323,-7.039835304021835,9.246094703674316,3,0.0,14.04241216908373
PH20_POOL_0081,S23T;E32V;H194D;M311F;D321K;E325K;Q394T;A413E;V415I;D419E,2.296646989470879,0.00491793155670166,-0.003529071807861328,0.22146253359374973,0.12123861328124974,0.0017879247665405274,17.925000071525574,-11.977180775254965,3.275446891784668,3,-5.3,14.04241216908373
PH20_POOL_0082,E32T;M36L;H194D;V238L;M311F;M314Y;D321K;E393Q;V415I;D419E,2.2940808394991263,0.005927753448486328,-0.002908945083618164,0.20529738515624993,0.11315603906249683,0.0021615028381347656,15.6,-20.332102928310633,3.202657461166382,3,-0.40000000000000036,14.04241216908373
PH20_POOL_0083,S23T;E32T;M36L;K131R;H194D;M311F;M314R;E325K;A413E;V415I,2.293522504437982,0.004800522327423095,-0.002908945083618164,0.20206435546874985,0.11315603906249949,0.0018052339553833007,16.287500151991843,-8.247185502201319,4.992461681365967,2,-5.3,14.04241216908373
PH20_POOL_0084,E32V;M36L;K131R;H194D;I310L;M314R;D321K;A372E;V415I;A420S,2.2920887103632284,0.004701149463653564,-0.0033245086669921875,0.2004478406249998,0.05657801953124908,0.0019341588020324707,17.812500071525573,-7.421026520431042,11.318966388702393,2,0.0,14.04241216908373
PH20_POOL_0085,S23T;E32T;M36L;H194D;I310L;M314Y;D321K;E325Q;D417E;D419E,2.2917649957786796,0.0057860612869262695,-0.0024933815002441406,0.20206435546874985,0.08890831640625008,0.0026872634887695314,15.087500053644181,-15.539111830294132,3.677716016769409,3,0.0,14.04241216908373
PH20_POOL_0086,S23T;E32V;H194D;M311F;D321K;E325Q;E393Q;A413E;D417E;D419E,2.2895695729616445,0.0052386999130249025,-0.0033245086669921875,0.20529738515624968,0.10507346484374969,0.0017483830451965332,16.63750002384186,-12.114043459296227,2.933856725692749,3,-5.3,14.04241216908373
PH20_POOL_0087,S23T;E32V;M36L;H194D;V238L;M311F;D321K;A413R;V415I;D419E,2.28665127875247,0.005277466773986816,-0.003740072250366211,0.2182295039062499,0.12123861328125018,0.0008879661560058594,14.475000101327897,-11.860443398356438,5.56162691116333,3,-6.7,14.04241216908373
PH20_POOL_0088,S23T;E32V;K131R;H194D;I310L;D321K;E325K;A413E;V415I;A420T,2.2860018579192865,0.004364097118377685,-0.0033245086669921875,0.21014692968749954,0.08082574218749938,0.0021346211433410645,16.43750003576279,-0.28926148265600204,7.9463582038879395,3,-5.3,14.04241216908373
PH20_POOL_0089,S23T;E32V;H194D;M311F;M314R;D321K;A372E;E393Q;A413E;V415I,2.284125309265386,0.004538571834564209,-0.003740072250366211,0.21014692968749973,0.10507346484374969,0.0015259742736816405,20.262500047683716,-12.275876704603434,5.928064823150635,2,-5.3,14.04241216908373
PH20_POOL_0090,S23T;E32V;K131R;H194D;I310L;D321K;E325Q;A372E;E393Q;V415I,2.2804801811200757,0.004457592964172363,-0.0033245086669921875,0.2036808703124997,0.08082574218749983,0.002078378200531006,16.774999940395354,-2.2610868886113167,8.111489057540894,3,0.0,14.04241216908373
PH20_POOL_0091,E32T;M36L;H194D;V238L;M311F;M314R;D321K;Q394T;V415I;A420S,2.2803509498566923,0.005570590496063232,-0.0031135082244873047,0.2020643554687501,0.09699089062499677,0.0018684148788452148,17.80000013113022,-19.40889161452651,5.293090105056763,3,-0.40000000000000036,14.04241216908373
PH20_POOL_0092,S23T;E32I;M36L;H194D;I310L;M314Y;D321K;E325K;A413E;A420S,2.277881319489818,0.00480501651763916,-0.0033245086669921875,0.22146253359374998,0.08890831640625008,0.0014468789100646972,17.02500005364418,-8.251017980277538,6.757146120071411,3,-5.3,14.04241216908373
PH20_POOL_0093,E32I;M36L;H194D;M311F;M314R;D321K;E325Q;A413E;V415I;D419E,2.272813379164228,0.005381357669830322,-0.003740072250366211,0.23277813749999982,0.09699089062499988,0.0012879371643066406,16.000000143051146,-15.294210001826286,6.081058979034424,3,-5.3,14.04241216908373
PH20_POOL_0094,E32V;M36L;K131R;H194D;V238L;M311I;D321K;E325K;A413E;A420S,2.2716104693130834,0.004914498329162598,-0.0033245086669921875,0.20206435546874973,0.07274316796874913,0.0008072495460510254,15.600000059604644,-5.058577563613653,6.4990105628967285,3,-5.7,14.04241216908373
PH20_POOL_0095,S23T;E32V;K131R;H194D;M311F;D321K;E325Q;A413E;V415I;D419E,2.2700572151491274,0.005120337009429932,-0.0033245086669921875,0.21822950390624962,0.10507346484374969,0.0020768165588378905,14.212500071525573,-9.643603790551424,4.665441036224365,2,-5.3,14.04241216908373
PH20_POOL_0096,E32V;M36L;Q144N;H194D;M311F;M314R;D321K;A413E;V415I;D419E,2.2689251670653428,0.00514603853225708,-0.003740072250366211,0.2004478406249998,0.07274316796874958,0.0014314770698547364,18.012500154972077,-14.950206264853477,8.337909936904907,2,-5.3,14.04241216908373
PH20_POOL_0097,S23T;E32T;M36L;K131R;H194D;M311F;M314R;D321K;D417E;A420S,2.268745788823946,0.005135595798492432,-0.0024933815002441406,0.21176344453124996,0.09699089062499677,0.002004849910736084,17.550000137090684,-14.727019883692265,7.065439462661743,3,0.0,14.04241216908373
PH20_POOL_0098,S23T;E32I;M36L;H194D;I310L;M314R;D321K;E325Q;A372E;A420S,2.2687143058432797,0.004487526416778564,-0.003740072250366211,0.2166129890625,0.07274316796875002,0.0013774871826171876,18.487500089406968,-6.889524970203638,10.161673784255981,3,0.0,14.04241216908373
PH20_POOL_0099,S23T;E32V;M36L;K131R;H194D;I310L;M314R;E325K;V415I;A420S,2.2677590628142292,0.00404583215713501,-0.0033245086669921875,0.2069138999999999,0.08082574218749938,0.0016064405441284179,15.900000151991843,2.751761592924595,11.546872854232788,3,0.0,14.04241216908373
PH20_POOL_0100,E32V;M36L;H194D;V238L;M311F;M314R;D321K;A372E;V415I;A420S,2.2670221199831966,0.004886472225189209,-0.003740072250366211,0.21499647421874987,0.09699089062499677,0.00140610933303833,18.40000010728836,-15.153641533106565,8.826327323913574,2,-0.40000000000000036,14.04241216908373
PH20_POOL_0101,S23T;E32V;M36L;H194D;I310L;M314R;D321K;A372T;V415I;A420S,2.2665096247844163,0.004370498657226563,-0.004182040691375732,0.21499647421874987,0.07274316796874958,0.00140610933303833,17.487500101327896,-4.54999802261591,12.425813674926758,3,0.0,14.04241216908373
PH20_POOL_0102,S23T;E32V;M36L;H194D;V238L;I310L;M314Y;D321K;E393Q;A420S,2.266393718086401,0.004639065265655518,-0.0033245086669921875,0.20368087031250007,0.08890831640625008,0.001526510715484619,16.237500017881395,-5.801805682480335,9.747300148010254,3,-0.40000000000000036,14.04241216908373
PH20_POOL_0103,S23T;E32T;M36L;K131R;H194D;M311I;M314R;D321K;V415I;D419E,2.264039615950741,0.005090820789337158,-0.002908945083618164,0.2036808703124998,0.07274316796874958,0.0017321348190307618,15.687500137090684,-8.516261227428913,7.302368402481079,3,0.0,14.04241216908373
PH20_POOL_0104,E32V;Q144N;H194D;M311F;M314R;D321K;E325K;A372E;A413E;V415I,2.2639729441838328,0.004753994941711426,-0.003740072250366211,0.2149964742187497,0.08890831640624963,0.0014995932579040527,21.98750007748604,-16.100065242499113,4.816330194473267,3,-5.3,14.04241216908373
PH20_POOL_0105,S23T;E32T;K131R;H194D;I310L;M314Y;D321K;E325K;A372E;D419E,2.2634504680635708,0.005041944980621338,-0.0024933815002441406,0.2036808703124998,0.08890831640624963,0.0028684496879577636,18.637499964237215,-12.69071264192462,2.5195975303649902,3,0.0,14.04241216908373
PH20_POOL_0106,E32V;K131R;H194D;M311F;M314R;D321K;E393Q;A413E;V415I;D419E,2.262665305975485,0.004999732971191407,-0.0033245086669921875,0.21176344453124968,0.08890831640624919,0.0017240166664123536,17.58750006556511,-11.89576317742467,5.855276346206665,3,-5.3,14.04241216908373
PH20_POOL_0107,S23T;E32I;M36L;K131R;H194D;I310L;D321K;E325Q;V415I;A420S,2.2606375528178884,0.004700899124145508,-0.0033245086669921875,0.21499647421874996,0.07274316796875002,0.0016673803329467773,13.53750005364418,-1.4304824620485306,10.785277128219604,3,0.0,14.04241216908373
PH20_POOL_0108,S23T;E32T;K131R;H194D;I310L;M314Y;D321K;E325Q;V415I;D419E,2.2587941063448747,0.005606448650360108,-0.0024933815002441406,0.20691389999999982,0.08890831640625008,0.0031332612037658692,14.125000023841858,-12.732609961181879,2.9229393005371094,3,0.0,14.04241216908373
PH20_POOL_0109,E32T;M36L;H194D;I310L;M314Y;D321K;E325Q;A372E;A413R;V415I,2.258299474195753,0.006198751926422119,-0.002908945083618164,0.20853041484374976,0.09699089062500033,0.0023122429847717285,15.687499988079072,-22.710936434566975,-0.6928343772888184,3,-6.3,14.04241216908373
PH20_POOL_0110,S23T;E32V;H194D;I310L;M314R;D321K;E325Q;Q394T;A413E;D419E,2.2537663296929,0.0047590374946594235,-0.003529071807861328,0.20206435546874985,0.08082574218749983,0.0018751859664916993,18.125000131130218,-8.840280178934336,5.661271333694458,3,-5.3,14.04241216908373
PH20_POOL_0111,S23T;E32I;H194D;M311F;M314R;D321K;E393Q;A413E;V415I;A420S,2.253550881595938,0.004720628261566162,-0.003740072250366211,0.213379959375,0.09699089062499988,0.0012325406074523925,18.487500083446502,-10.985267702490091,6.11549186706543,3,-5.3,14.04241216908373
PH20_POOL_0112,S23T;E32V;M36L;H194D;V238L;I310L;D321K;E325Q;Q394T;V415I,2.252985168160115,0.004556238651275635,-0.003529071807861328,0.20853041484374996,0.09699089062500033,0.0015210270881652831,14.862500077486038,-3.6819123327732086,9.724644660949707,3,-0.40000000000000036,14.04241216908373
PH20_POOL_0113,E32V;M36L;K131R;H194D;V238L;M314R;D321K;E325Q;A413E;V415I,2.2524876581534046,0.005016434192657471,-0.0033245086669921875,0.2117634445312498,0.08082574218749983,0.0012552142143249512,14.650000143051148,-7.654100991785526,8.51197338104248,3,-5.7,14.04241216908373
PH20_POOL_0114,S23T;E32V;M36L;H194D;D321K;E325Q;Q350R;A413E;V415I;D419E,2.2521186412831544,0.00512237548828125,-0.0033245086669921875,0.20206435546874965,0.10507346484375013,0.001606452465057373,13.500000101327895,-8.247284419834614,7.022847652435303,3,-5.3,14.04241216908373
PH20_POOL_0115,E32V;K131R;H194D;I310L;M314R;D321K;E325Q;A372E;A413E;V415I,2.251080423798163,0.004863595962524414,-0.0033245086669921875,0.2004478406249996,0.06466059374999933,0.0021146297454833984,17.67500005364418,-9.66999302059412,6.171813011169434,2,-5.3,14.04241216908373
PH20_POOL_0116,S23T;E32V;M36L;H194D;V238L;M311F;D321K;A372E;E393Q;D419E,2.248490326491907,0.004470455646514893,-0.003740072250366211,0.20044784062499987,0.09699089062499677,0.0012174010276794433,17.899999994039536,-8.818613804876804,8.737087965011597,2,-0.40000000000000036,14.04241216908373
PH20_POOL_0117,E32T;M36L;H194D;I310L;M314Y;D321K;E325Q;A372E;E393Q;T418V,2.248381999307983,0.005433583259582519,-0.002908945083618164,0.20206435546874973,0.07274316796874647,0.002466702461242676,16.962499928474426,-14.7360605224967,3.9462428092956543,3,0.0,14.04241216908373
PH20_POOL_0118,S23T;E32T;M36L;H194D;M314Y;D321K;E325Q;A372E;E393Q;D419E,2.2463119448677307,0.005499589443206787,-0.002908945083618164,0.20206435546874985,0.09699089062500033,0.0024263143539428713,16.84999997019768,-17.098440624773502,2.568859815597534,3,0.0,14.04241216908373
PH20_POOL_0119,S23T;E32I;M36L;K131R;H194D;M311F;D321K;E325K;A413E;V415I,2.2462804631612725,0.004428887367248535,-0.0033245086669921875,0.23924419687499981,0.11315603906249994,0.0010520696640014648,15.912500065565109,-5.912145845592022,8.031781435012817,3,-5.3,14.04241216908373
PH20_POOL_0120,E32V;M36L;H194D;V238L;I310L;M314R;D321K;E325Q;Q394T;A413E,2.245410118850171,0.0048040270805358885,-0.003529071807861328,0.20206435546874993,0.08082574218749983,0.0012311339378356934,17.36250013113022,-9.383925762027502,7.915198564529419,3,-5.7,14.04241216908373
PH20_POOL_0121,S23T;E32V;M36L;H194D;M311V;D321K;E325K;A413E;V415I;A420T,2.2438406471886156,0.004726636409759522,-0.003740072250366211,0.21014692968749954,0.08082574218749983,0.001310110092163086,15.687500089406967,-5.973759964108467,8.607308149337769,3,-5.3,14.04241216908373
PH20_POOL_0122,E32V;M36L;H194D;V238L;M311F;M314R;E325K;A413E;V415I;D419E,2.242776533885201,0.004755139350891113,-0.003740072250366211,0.2004478406249998,0.10507346484374924,0.001164090633392334,16.087500169873238,-9.112867191433907,5.922032594680786,2,-5.7,14.04241216908373
PH20_POOL_0123,S23T;E32T;H194D;V238L;M311L;M314Y;D321K;E325K;A413E;V415I,2.2406499109606157,0.005376803874969483,-0.002908945083618164,0.20206435546874993,0.11315603906250038,0.0022524118423461912,16.087500047683715,-14.431647386401892,-0.3115808963775635,3,-5.7,14.04241216908373
PH20_POOL_0124,S23T;E32V;M36L;H194D;I310L;D321K;E325Q;Q350R;A413E;T418V,2.2402750269530505,0.004522371292114258,-0.0033245086669921875,0.20529738515624968,0.09699089062499633,0.001408684253692627,14.412500077486039,-2.746239557862282,9.503516435623169,3,-5.3,14.04241216908373
PH20_POOL_0125,E32V;M36L;H194D;V238L;M311F;D321K;E325K;A372E;D417E;D419E,2.2398974604752118,0.004877400398254394,-0.0033245086669921875,0.2149964742187497,0.10507346484374924,0.0013637065887451172,18.562500023841856,-14.53320699557662,5.767266511917114,3,-0.40000000000000036,14.04241216908373
PH20_POOL_0126,E32V;M36L;H194D;V238L;I310L;D321K;E325Q;A372T;V415I;D419E,2.2392649482951748,0.00499882698059082,-0.004182040691375732,0.20206435546874973,0.07274316796874958,0.0015161633491516113,14.187500011920928,-6.336974237114191,8.984397649765015,3,-0.40000000000000036,14.04241216908373
PH20_POOL_0127,E32V;M36L;H194D;V238L;M311F;M314R;D321K;E325Q;A372E;D419E,2.235608568534659,0.004951953887939453,-0.003740072250366211,0.2295451078124998,0.09699089062499677,0.0013409137725830078,18.175000107288362,-15.577563770115376,7.408819198608398,3,-0.40000000000000036,14.04241216908373
PH20_POOL_0128,E32V;M36L;H194D;M311L;D321K;E325K;Q394T;A413E;V415I;A420S,2.23469545193314,0.0050154924392700195,-0.003529071807861328,0.20691389999999982,0.08890831640624963,0.001669633388519287,16.350000071525574,-10.46795279532671,4.79860258102417,3,-5.3,14.04241216908373
PH20_POOL_0129,S23T;E32T;M36L;H194D;I310L;M314Y;D321K;E325Q;A372E;A420K,2.2343008759643435,0.005568468570709228,-0.0024933815002441406,0.20206435546874985,0.08890831640625008,0.0028153657913208008,16.587500005960464,-17.433183144778013,2.5876119136810303,3,0.0,14.04241216908373
PH20_POOL_0130,S23T;E32V;M36L;K131R;H194D;I310L;M314R;D321K;A372E;D419E,2.2330978736641773,0.0040897965431213375,-0.0033245086669921875,0.2036808703124998,0.06466059374999933,0.0017187952995300292,18.337500089406966,-3.9135919958353043,12.13356614112854,2,0.0,14.04241216908373
PH20_POOL_0131,S23T;E32T;M36L;H194D;M311F;D321K;E325Q;A372E;E393Q;T418S,2.2327137871046543,0.005360841751098633,-0.002908945083618164,0.2069138999999999,0.09699089062499633,0.0018083810806274413,17.97499997019768,-17.964275237172842,2.5737273693084717,3,0.0,14.04241216908373
PH20_POOL_0132,E32I;M36L;H194D;V238L;M311F;D321K;E325K;A372E;A413E;D419E,2.2315591227768214,0.0048457026481628414,-0.003740072250366211,0.20529738515624985,0.09699089062499944,0.0009602189064025878,18.23750001192093,-13.651044055819511,4.757095098495483,2,-5.7,14.04241216908373
PH20_POOL_0133,S23T;E32V;M36L;K131R;H194D;V238L;M311F;D321K;E393K;A413E,2.229108766865659,0.0045404195785522464,-0.0033245086669921875,0.2069138999999999,0.11315603906249683,0.00101778507232666,15.775000041723251,-7.303364027291536,9.176034688949585,3,-5.7,14.04241216908373
PH20_POOL_0134,S23T;E32V;M36L;H194D;V238L;I310L;M314R;D321K;Q394T;A420S,2.2286564908146476,0.00420454740524292,-0.003529071807861328,0.20044784062500015,0.08082574218749983,0.0012562155723571777,18.162500149011613,-5.021663993597031,11.549046754837036,3,-0.40000000000000036,14.04241216908373
PH20_POOL_0135,S23T;E32I;M36L;H194D;V238L;D321K;E325K;A372E;V415I;D419E,2.2256137752288154,0.004449021816253662,-0.003740072250366211,0.20529738515624993,0.08890831640625008,0.001072561740875244,16.937500029802322,-5.611657276749611,8.159146308898926,3,-0.40000000000000036,14.04241216908373
PH20_POOL_0136,S23T;E32V;K131R;H194D;I310L;M314Y;D321K;E325K;A413E;D419E,2.2237398861735693,0.004647088050842285,-0.002908945083618164,0.2182295039062497,0.08890831640624963,0.0021439075469970705,16.787500035762786,-7.297942873090506,4.983625411987305,3,-5.3,14.04241216908373
PH20_POOL_0137,S23T;E32I;M36L;K131R;H194D;I310L;D321K;E325K;A372E;D419E,2.2237042569914958,0.004059040546417236,-0.0033245086669921875,0.21176344453124987,0.07274316796874958,0.0014253616333007812,17.774999994039536,-1.5960716530680656,10.093249320983887,3,0.0,14.04241216908373
PH20_POOL_0138,S23T;E32V;M36L;K131R;H194D;I310L;M314R;D321K;D417E;A420S,2.2229303327292738,0.004303550720214844,-0.002908945083618164,0.2069138999999999,0.06466059374999933,0.0016308069229125977,17.112500137090684,-3.843669105321169,12.21811032295227,3,0.0,14.04241216908373
PH20_POOL_0139,S23T;E32V;H194D;V238L;M314R;D321K;E325Q;A372E;V415I;D419E,2.221038423660393,0.004719579219818115,-0.003740072250366211,0.20691389999999982,0.08890831640625008,0.0017217159271240234,17.41250010728836,-9.744943082332611,6.454050064086914,3,-0.40000000000000036,14.04241216908373
PH20_POOL_0140,S23T;E32V;K131R;H194D;V238L;D321K;E325K;A372E;V415I;D419E,2.2159489059622874,0.004368448257446289,-0.0033245086669921875,0.20206435546874973,0.08890831640624963,0.001746797561645508,16.97500001192093,-4.319872636348009,6.674311637878418,3,-0.40000000000000036,14.04241216908373
PH20_POOL_0141,E32I;M36L;H194D;V238L;M311I;D321K;E325K;A413E;V415I;D419E,2.215492606539508,0.005014681816101074,-0.003740072250366211,0.2004478406249998,0.07274316796874958,0.000599515438079834,15.150000059604645,-7.424580801278353,5.07856822013855,3,-5.7,14.04241216908373
PH20_POOL_0142,S23T;E32V;H194D;I310L;M314R;D321K;E325Q;A372E;D417E;D419E,2.2148773976184506,0.004606175422668457,-0.0033245086669921875,0.2036808703124997,0.07274316796874958,0.0020722270011901854,19.075000083446504,-9.99483335763216,6.526338815689087,3,0.0,14.04241216908373
PH20_POOL_0143,S23T;E32V;H194D;V238L;I310L;D321K;E325Q;A372T;V415I;A420S,2.213063087639174,0.004639148712158203,-0.004182040691375732,0.20044784062499987,0.08082574218749983,0.001698923110961914,15.125000011920928,-4.472083531320095,7.7597784996032715,3,-0.40000000000000036,14.04241216908373
PH20_POOL_0144,S23T;E32T;M36L;H194D;M311F;M314Y;D321K;A413R;V415I;D419E,2.212872574813224,0.005959105491638183,-0.002908945083618164,0.22631207812499987,0.12932118750000043,0.0020096182823181154,14.800000077486038,-23.737128004431725,-0.036315202713012695,3,-6.3,14.04241216908373
PH20_POOL_0145,S23T;E32T;M36L;H194D;I310L;M314Y;D321K;E325Q;Q350R;A413E,2.2108952466880605,0.005403828620910644,-0.0024933815002441406,0.20206435546874985,0.10507346484374613,0.002289605140686035,15.06250005364418,-15.34127850458026,3.608755588531494,3,-5.3,14.04241216908373
PH20_POOL_0146,E32V;M36L;H194D;I310L;M314Y;D321K;A372E;E393Q;V415I;A420S,2.2107223629096953,0.004931402206420898,-0.0033245086669921875,0.2004478406249998,0.07274316796874958,0.002180373668670654,17.262499952316283,-13.016190733760595,7.477216958999634,2,0.0,14.04241216908373
PH20_POOL_0147,E32T;M36L;H194D;V238L;M314Y;D321K;E325K;A413E;V415I;A420T,2.209060245633819,0.00554804801940918,-0.002908945083618164,0.2036808703124997,0.09699089062499988,0.0022822141647338865,15.612500047683715,-17.001724284142256,2.041065216064453,3,-5.7,14.04241216908373
PH20_POOL_0148,E32V;M36L;K131R;H194D;I310L;D321K;E325Q;A372E;A413R;V415I,2.208609100916056,0.005135273933410645,-0.0033245086669921875,0.21337995937499965,0.08082574218749983,0.0015433907508850097,14.8625,-10.337205938994884,5.39598274230957,3,-6.3,14.04241216908373
PH20_POOL_0149,S23T;E32I;M36L;K131R;H194D;I310L;M314R;D321K;E393Q;A413E,2.2063871482100486,0.003968942165374756,-0.0033245086669921875,0.20206435546875,0.06466059374999977,0.000901174545288086,17.66250006556511,-0.5108308494091034,11.676657915115356,3,-5.3,14.04241216908373
PH20_POOL_0150,E32T;M36L;K131R;H194D;M314Y;D321K;E325K;A372E;V415I;D419E,2.205124340887775,0.005487120151519776,-0.0024933815002441406,0.21176344453124968,0.08890831640624963,0.0026628971099853516,16.63749998807907,-18.07384231686592,2.589674711227417,3,0.0,14.04241216908373
PH20_POOL_0151,S23T;E32T;M36L;H194D;M311F;D321K;E325Q;Q350R;A413E;T418V,2.2050945889112987,0.0053544163703918455,-0.002908945083618164,0.21014692968749973,0.08890831640624608,0.0017827272415161133,14.850000077486039,-13.637324515730143,4.350845575332642,3,-5.3,14.04241216908373
PH20_POOL_0152,E32T;M36L;H194D;I310L;M314Y;D321K;E325Q;Q394T;V415I;D419E,2.204091845867889,0.005839216709136963,-0.0026979446411132812,0.20529738515624985,0.08890831640625008,0.0029036283493041994,14.837500035762787,-19.35913686081767,2.3962416648864746,3,0.0,14.04241216908373
PH20_POOL_0153,E32I;M36L;H194D;I310L;D321K;E325Q;E393Q;A413E;V415I;A420T,2.2029751897489045,0.0048185944557189945,-0.003740072250366211,0.2004478406249997,0.06466059374999977,0.0016372084617614746,14.86249998807907,-5.444341611117125,7.808128356933594,3,-5.3,14.04241216908373
PH20_POOL_0154,E32V;M36L;K131R;H194D;I310L;D321K;E325Q;Q350R;A413E;V415I,2.202779042825319,0.0048743486404418945,-0.002908945083618164,0.20368087031249962,0.08890831640624963,0.001758909225463867,13.437500047683717,-6.3184762336313725,8.594286918640137,3,-5.3,14.04241216908373
PH20_POOL_0155,E32V;M36L;H194D;M314R;D321K;E325Q;Q394T;A413E;V415I;D419E,2.2005216374822374,0.005204212665557861,-0.003529071807861328,0.21014692968749973,0.08082574218749983,0.001669633388519287,16.125000154972078,-13.992435537278652,5.731348514556885,3,-5.3,14.04241216908373
PH20_POOL_0156,S23T;E32V;H194D;M311I;D321K;E325K;A372E;E393Q;A413E;T418V,2.1986422509175907,0.004114913940429688,-0.003740072250366211,0.20368087031249954,0.08082574218749938,0.00099029541015625,19.137499964237215,-3.628850169479847,4.093570709228516,3,-5.3,14.04241216908373
PH20_POOL_0157,E32V;M36L;H194D;I310L;M314R;D321K;E325Q;A372E;V415I;A420T,2.1964167589009373,0.004518556594848633,-0.003740072250366211,0.22469556328124957,0.07274316796874958,0.0020792365074157717,17.712500083446503,-9.472433015704155,9.926280736923218,3,0.0,14.04241216908373
PH20_POOL_0158,S23T;E32V;H194D;V238L;I310L;M314Y;D321K;E325Q;A413E;V415I,2.1947181198258954,0.004959726333618164,-0.0033245086669921875,0.20691389999999982,0.09699089062500033,0.002033126354217529,14.500000059604645,-10.159601416438818,4.469916820526123,2,-5.7,14.04241216908373
PH20_POOL_0159,E32I;M36L;H194D;V238L;I310L;M314Y;D321K;E325K;A413E;V415I,2.1942144955807183,0.004869616031646729,-0.0033245086669921875,0.21661298906249993,0.08890831640625008,0.0012693285942077636,15.850000035762786,-10.301967661827803,6.1057963371276855,3,-5.7,14.04241216908373
PH20_POOL_0160,S23T;E32I;M36L;K131R;H194D;V238L;D321K;E325K;A413E;D419E,2.1939490352689837,0.004376184940338135,-0.0033245086669921875,0.20044784062499996,0.08082574218749983,0.0008344054222106934,15.287500065565109,-2.076605275273323,8.076589345932007,3,-5.7,14.04241216908373
PH20_POOL_0161,S23T;E32V;M36L;H194D;M311I;D321K;E325Q;A372E;E393Q;D419E,2.1936072776370166,0.0045406103134155275,-0.003740072250366211,0.21014692968749965,0.08082574218749983,0.0011844158172607422,16.687499994039534,-6.683068532496691,6.762941598892212,3,0.0,14.04241216908373
PH20_POOL_0162,E32V;M36L;K131R;H194D;V238L;M311F;M314R;D321K;V415I;D419E,2.1924382685450445,0.0046689391136169435,-0.0033245086669921875,0.22792859296874984,0.09699089062499944,0.001365995407104492,15.800000143051147,-10.57360227406025,10.195313692092896,3,-0.40000000000000036,14.04241216908373
PH20_POOL_0163,E32V;M36L;H194D;V238L;D321K;E325K;A372E;Q394T;V415I;A420S,2.1910287493814438,0.004678571224212646,-0.003529071807861328,0.20044784062499987,0.08890831640624963,0.0014943718910217286,17.96250002384186,-11.275620009750128,6.436300039291382,3,-0.40000000000000036,14.04241216908373
PH20_POOL_0164,E32V;M36L;H194D;M311I;D321K;E325K;Q394T;A413E;V415I;D419E,2.188552981630119,0.00495758056640625,-0.003529071807861328,0.2085304148437496,0.08082574218749938,0.0012216687202453614,16.350000071525574,-10.701398231089115,4.056874752044678,3,-5.3,14.04241216908373
PH20_POOL_0165,S23T;E32V;M36L;H194D;M311F;M314R;E325K;E393Q;A413E;T418V,2.1868341844310732,0.003795766830444336,-0.003740072250366211,0.21984601874999976,0.11315603906249727,0.0008177280426025391,17.712500128149987,-2.5378803946077824,8.07954216003418,3,-5.3,14.04241216908373
PH20_POOL_0166,S23T;E32V;Q144N;H194D;V238L;M311F;D321K;E325K;A372E;V415I,2.1856141529648214,0.004181504249572754,-0.003740072250366211,0.21176344453124987,0.10507346484375013,0.0013737797737121582,19.83750002384186,-10.154926359653473,6.73922324180603,3,-0.40000000000000036,14.04241216908373
PH20_POOL_0167,S23T;E32I;M36L;H194D;M311F;D321K;E393Q;A413E;V415I;A420K,2.1853902566914503,0.004818665981292725,-0.0033245086669921875,0.2069138999999999,0.09699089062499988,0.0012273311614990235,15.725000029802322,-10.161602340638638,6.115081787109375,3,-5.3,14.04241216908373
PH20_POOL_0168,S23T;E32I;M36L;H194D;D321K;E325K;Q394T;A413E;V415I;A420S,2.185119266177709,0.004573976993560791,-0.003529071807861328,0.20691389999999998,0.08890831640625008,0.0012032389640808105,16.587500077486037,-7.711343672126532,6.211825609207153,3,-5.3,14.04241216908373
PH20_POOL_0169,S23T;E32V;M36L;H194D;V238L;D321K;E325Q;A372E;V415I;A420K,2.1847628051836705,0.00489497184753418,-0.0033245086669921875,0.2004478406249998,0.08890831640625008,0.0016937136650085449,14.92500005364418,-9.15491171553731,6.742326021194458,3,-0.40000000000000036,14.04241216908373
PH20_POOL_0170,S23T;E32T;H194D;I310L;M314Y;D321K;E325K;A372E;V415I;A420T,2.1810653374284787,0.004793870449066162,-0.002908945083618164,0.21337995937499965,0.09699089062499988,0.003078722953796387,18.762499976158143,-14.407359726727009,2.544420003890991,3,0.0,14.04241216908373
PH20_POOL_0171,S23T;E32T;M36L;H194D;M311I;D321K;E325K;A372T;A413E;T418V,2.1802553887881353,0.004701530933380127,-0.003766477108001709,0.20368087031249962,0.07274316796874647,0.0010692238807678222,16.750000017881394,-7.373258166015148,4.036908388137817,3,-5.3,14.04241216908373
PH20_POOL_0172,S23T;E32T;M36L;H194D;V238L;M311F;M314R;D321K;A372T;A420S,2.1786941945451557,0.004877841472625733,-0.003766477108001709,0.2101469296875001,0.07274316796874691,0.001364445686340332,18.275000101327898,-14.419152986258268,7.386589765548706,3,-0.40000000000000036,14.04241216908373
PH20_POOL_0173,S23T;E32V;M36L;K131R;H194D;M311L;D321K;E325K;A372E;A420S,2.1781418541264927,0.00405205488204956,-0.0033245086669921875,0.22146253359374982,0.08890831640624963,0.0016308069229125977,17.27500002980232,-3.847336057573557,8.628770112991333,3,0.0,14.04241216908373
PH20_POOL_0174,E32V;K131R;H194D;V238L;M311F;D321K;E325K;A413E;D417E;D419E,2.177679679623082,0.004901528358459473,-0.002908945083618164,0.20529738515624968,0.096990890624999,0.0015692591667175293,16.775000041723253,-12.15397646278143,3.0681185722351074,3,-5.7,14.04241216908373
PH20_POOL_0175,S23T;E32V;M36L;K131R;H194D;M311I;D321K;E393K;A413E;V415I,2.177474589932023,0.004467737674713135,-0.0033245086669921875,0.20206435546874965,0.09699089062499944,0.0010727882385253907,14.512500041723252,-4.341156754642725,8.330710411071777,3,-5.3,14.04241216908373
PH20_POOL_0176,S23T;E32V;M36L;H194D;I310L;D321K;E325K;A372S;A413E;A420T,2.176702531207105,0.004253816604614258,-0.003740072250366211,0.2004478406249996,0.06466059374999977,0.0014905810356140136,16.58750006556511,-3.0383275784552097,9.974955081939697,3,-5.3,14.04241216908373
PH20_POOL_0177,S23T;E32T;M36L;K131R;H194D;M311I;D321K;E325Q;A372E;V415I,2.173819782005846,0.004953503608703613,-0.002908945083618164,0.20206435546874965,0.08082574218749983,0.001974153518676758,14.837500017881393,-10.094988618046045,4.71330189704895,2,0.0,14.04241216908373
PH20_POOL_0178,S23T;E32I;M36L;K131R;H194D;I310L;M314R;D321K;V415I;D419E,2.1711952679576942,0.0041271567344665526,-0.0033245086669921875,0.21499647421874996,0.06466059374999977,0.0014253616333007812,15.837500125169754,-1.9382287077605724,12.65948224067688,3,0.0,14.04241216908373
PH20_POOL_0179,E32V;M36L;H194D;V238L;M311F;D321K;A372E;E393Q;A413R;A420S,2.170954592863316,0.005164241790771485,-0.003740072250366211,0.20206435546874993,0.08082574218749716,0.0007771849632263184,17.72499997615814,-16.41779698431492,3.823906660079956,3,-6.7,14.04241216908373
PH20_POOL_0180,S23T;E32V;M36L;K131R;H194D;I310L;D321K;E325K;A372E;A420T,2.1662833614959296,0.003633427619934082,-0.0033245086669921875,0.2230790484374996,0.08082574218749938,0.001866161823272705,18.075000005960465,-0.6798370145261288,11.249828100204468,3,0.0,14.04241216908373
PH20_POOL_0181,S23T;E32T;M36L;K131R;H194D;M311F;M314Y;D321K;V415I;A420S,2.1659167916858766,0.005247485637664795,-0.0024933815002441406,0.2246955632812499,0.11315603906249994,0.002579498291015625,14.57500006556511,-17.940394058823586,4.955274343490601,2,0.0,14.04241216908373
PH20_POOL_0182,S23T;E32V;M36L;K131R;H194D;D321K;E325K;Q394T;A413E;D419E,2.1656888739845486,0.00431908369064331,-0.0031135082244873047,0.20853041484374976,0.08890831640624963,0.0014565587043762207,16.48750007748604,-5.413447085767984,7.054895877838135,3,-5.3,14.04241216908373
PH20_POOL_0183,E32V;M36L;K131R;H194D;I310L;M314Y;D321K;E325Q;V415I;A420S,2.1647291762501903,0.0050922751426696776,-0.002908945083618164,0.23116162265624976,0.08082574218749983,0.002355623245239258,13.387500047683716,-10.948154270648956,7.875837326049805,3,0.0,14.04241216908373
PH20_POOL_0184,S23T;E32T;M36L;H194D;M311I;D321K;E325Q;A372T;V415I;D419E,2.162225063030796,0.005224192142486572,-0.003766477108001709,0.20529738515624968,0.08082574218749983,0.0017070531845092773,14.162500029802322,-11.520000725984573,4.089688301086426,3,0.0,14.04241216908373
PH20_POOL_0185,S23T;E32V;M36L;K131R;H194D;V238L;D321K;A413R;V415I;A420S,2.161866188963197,0.004852938652038574,-0.0033245086669921875,0.20044784062499996,0.08890831640625008,0.0009775161743164062,13.175000089406968,-6.466116983443499,7.013170957565308,3,-6.7,14.04241216908373
PH20_POOL_0186,E32T;K131R;H194D;M311F;M314Y;D321K;E325K;A372E;A413E;V415I,2.1593731951891417,0.0053794264793396,-0.0024933815002441406,0.21822950390624962,0.11315603906249949,0.002733314037322998,18.149999970197676,-23.298422947525978,-1.6985065937042236,2,-5.3,14.04241216908373
PH20_POOL_0187,S23T;E32V;H194D;M311F;M314Y;D321K;E325K;A372E;E393Q;A413E,2.1590859707276273,0.004365193843841553,-0.0033245086669921875,0.23762768203124968,0.1293211875,0.0016826272010803222,20.349999964237213,-15.867296505719423,2.0815939903259277,3,-5.3,14.04241216908373
PH20_POOL_0188,S23T;E32V;M36L;H194D;V238L;M311F;D321K;E393Q;A413E;A420T,2.1546547140318313,0.00414954423904419,-0.003740072250366211,0.20529738515624976,0.10507346484374969,0.0011895179748535156,16.37500004172325,-6.816158447414637,8.679353475570679,2,-5.7,14.04241216908373
PH20_POOL_0189,S23T;E32T;H194D;M311L;M314Y;D321K;E325K;A372E;V415I;D419E,2.153537570622435,0.005135142803192138,-0.002908945083618164,0.2117634445312498,0.10507346484375013,0.0028661608695983885,17.6875,-17.68219082057476,-0.3653240203857422,3,0.0,14.04241216908373
PH20_POOL_0190,S23T;E32V;M36L;H194D;V238L;M314Y;D321K;E325Q;A413E;A420S,2.1530960069807894,0.005015599727630615,-0.0033245086669921875,0.2101469296874999,0.09699089062500033,0.0015894174575805664,14.025000101327896,-12.386336367577314,5.304790735244751,2,-5.7,14.04241216908373
PH20_POOL_0191,S23T;E32I;M36L;H194D;I310L;D321K;E325K;A372E;A413E;A420T,2.1530709988839996,0.0038783073425292967,-0.003740072250366211,0.2036808703124997,0.07274316796874958,0.0014603853225708008,18.575000005960465,-4.091446205973625,8.377842426300049,2,-5.3,14.04241216908373
PH20_POOL_0192,E32T;M36L;K131R;H194D;M311F;M314R;D321K;Q394T;A413E;V415I,2.151250206275121,0.005111396312713623,-0.0026979446411132812,0.20529738515624985,0.09699089062499944,0.0020459651947021484,17.25000011920929,-19.106751147657633,4.382224798202515,2,-5.3,14.04241216908373
PH20_POOL_0193,E32V;M36L;K131R;H194D;V238L;D321K;E325Q;A372E;E393Q;V415I,2.1509983425161243,0.004578065872192383,-0.0033245086669921875,0.20206435546874973,0.08082574218749983,0.0014571189880371095,15.124999964237213,-6.729357969015837,8.295013189315796,3,-0.40000000000000036,14.04241216908373
PH20_POOL_0194,S23T;E32T;K131R;H194D;M311V;M314Y;D321K;E325K;A413E;V415I,2.150550335558832,0.0053612709045410155,-0.0024933815002441406,0.20206435546874973,0.08890831640625008,0.002226698398590088,15.650000035762787,-15.957495268434286,1.108574628829956,3,-5.3,14.04241216908373
PH20_POOL_0195,E32V;M36L;K131R;H194D;M311L;M314R;D321K;E393Q;A413E;V415I,2.149067595250579,0.004418599605560303,-0.0033245086669921875,0.20853041484374976,0.07274316796874958,0.0013675689697265625,16.087500083446503,-6.119442421942949,8.820206880569458,3,-5.3,14.04241216908373
PH20_POOL_0196,S23T;E32V;M36L;H194D;M311L;D321K;E325K;A372E;A413E;D417E,2.14875044527906,0.0042512774467468265,-0.0033245086669921875,0.20206435546874965,0.08890831640624963,0.001453268527984619,18.05000004172325,-8.459675844758749,5.365215539932251,2,-5.3,14.04241216908373
PH20_POOL_0197,S23T;E32V;H194D;M311V;M314Y;D321K;E325K;A413E;V415I;D419E,2.1458424425359057,0.005106592178344726,-0.0033245086669921875,0.21337995937499965,0.08890831640625008,0.0017631053924560547,15.900000071525573,-14.373862460255623,3.027984380722046,3,-5.3,14.04241216908373
PH20_POOL_0198,E32V;M36L;Q144N;H194D;I310L;M314R;D321K;E325Q;A372E;T418V,2.1452157038330597,0.004259824752807617,-0.003740072250366211,0.20529738515624976,0.04849544531249972,0.0014962196350097657,19.050000083446502,-8.172768138349056,10.935171604156494,3,0.0,14.04241216908373
PH20_POOL_0199,S23T;E32T;M36L;H194D;M311F;M314Y;D321K;E393Q;D417E;D419E,2.1447076710361745,0.0052884936332702635,-0.0024933815002441406,0.21176344453124987,0.11315603906249994,0.002273857593536377,16.725000017881392,-20.57885755226016,2.9350039958953857,3,0.0,14.04241216908373
PH20_POOL_0200,S23T;E32T;K131R;H194D;M311F;M314R;D321K;A372E;A413R;V415I,2.144688863766954,0.00503389835357666,-0.002908945083618164,0.21661298906249984,0.11315603906249994,0.0018581748008728027,18.537500071525574,-19.59484624490142,0.8928978443145752,3,-6.3,14.04241216908373
PH20_POOL_0201,S23T;E32I;M36L;H194D;M311F;M314R;E325K;E393Q;A413E;A420S,2.14399020331042,0.003935980796813965,-0.003740072250366211,0.21176344453125004,0.10507346484374969,0.0006992697715759277,18.08750011622906,-5.454230260103941,6.8033530712127686,3,-5.3,14.04241216908373
PH20_POOL_0202,S23T;E32T;M36L;K131R;H194D;V238L;M311F;D321K;E393Q;A420T,2.143576886111173,0.004404222965240479,-0.002908945083618164,0.20368087031249987,0.10507346484374702,0.0018511533737182618,15.900000005960464,-8.230230443179607,7.872997999191284,3,-0.40000000000000036,14.04241216908373
PH20_POOL_0203,S23T;E32I;M36L;K131R;H194D;D321K;E325Q;E393Q;A413E;D419E,2.142637382846556,0.0045408129692077635,-0.0033245086669921875,0.20044784062499987,0.07274316796875002,0.0011887788772583009,14.200000017881393,-3.7023222893476486,7.443363666534424,3,-5.3,14.04241216908373
PH20_POOL_0204,S23T;E32I;H194D;V238L;M311F;M314R;D321K;E325Q;A413E;D419E,2.142119459261697,0.004619622230529785,-0.003740072250366211,0.22146253359374998,0.10507346484375013,0.0010777831077575684,17.01250014305115,-12.34679676964879,4.681200742721558,3,-5.7,14.04241216908373
PH20_POOL_0205,S23T;E32V;M36L;K131R;H194D;I310L;M314Y;D321K;E393K;A413E,2.1418064327232353,0.004390013217926025,-0.002908945083618164,0.21014692968749982,0.10507346484374969,0.0017653942108154298,15.662500017881394,-8.298446536064148,8.73076343536377,3,-5.3,14.04241216908373
PH20_POOL_0206,S23T;E32T;M36L;H194D;V238L;M311F;M314Y;D321K;V415I;A420K,2.1405703173360306,0.005470776557922363,-0.0024933815002441406,0.21499647421874996,0.12123861328125018,0.0023123979568481444,14.800000077486038,-20.585860289633274,2.881467342376709,3,-0.40000000000000036,14.04241216908373
PH20_POOL_0207,S23T;E32V;M36L;K131R;H194D;M311I;D321K;E325Q;A413E;D419E,2.1401844241466845,0.004625988006591797,-0.0033245086669921875,0.2085304148437496,0.07274316796874958,0.001272404193878174,13.437500089406967,-4.851882211863995,6.550154685974121,2,-5.3,14.04241216908373
PH20_POOL_0208,S23T;E32V;M36L;K131R;H194D;I310L;D321K;E325Q;Q394T;A413E,2.1361234810945766,0.004241740703582764,-0.0031135082244873047,0.2036808703124998,0.08082574218749983,0.0016985774040222169,15.037500065565109,-4.197434019297361,8.475290298461914,2,-5.3,14.04241216908373
PH20_POOL_0209,S23T;E32T;M36L;H194D;V238L;M311F;D321K;E325Q;D417E;A420T,2.1355054378930234,0.004981851577758789,-0.002908945083618164,0.2117634445312498,0.11315603906249994,0.0020870208740234376,15.175000077486038,-14.797965995967388,4.752131700515747,3,-0.40000000000000036,14.04241216908373
PH20_POOL_0210,E32I;M36L;H194D;I310L;M314R;D321K;E325Q;A372E;A413E;T418V,2.1354335364584482,0.004419648647308349,-0.003740072250366211,0.20529738515624976,0.056578019531249524,0.001265418529510498,17.662500071525574,-9.037290774285793,8.066913366317749,2,-5.3,14.04241216908373
PH20_POOL_0211,E32V;M36L;H194D;V238L;M314R;D321K;E325K;A372E;A413E;T418S,2.1352449803368443,0.004620099067687988,-0.0033245086669921875,0.20206435546874985,0.07274316796874958,0.0007900714874267579,19.78750009536743,-14.221012573689222,5.106949806213379,3,-5.7,14.04241216908373
PH20_POOL_0212,S23T;E32V;M36L;H194D;V238L;M314R;D321K;E325Q;A372E;T418V,2.1341447932017257,0.004030752182006836,-0.003740072250366211,0.22146253359374982,0.08890831640625008,0.0010802388191223145,17.125000125169755,-5.88132094219327,10.108081817626953,3,-0.40000000000000036,14.04241216908373
PH20_POOL_0213,E32T;M36L;K131R;H194D;V238L;M314Y;D321K;E325Q;V415I;D419E,2.1324273001753857,0.005726921558380127,-0.0024933815002441406,0.20529738515624985,0.08890831640625008,0.0025120019912719727,12.475000047683716,-17.059288658201694,3.1064634323120117,3,-0.40000000000000036,14.04241216908373
PH20_POOL_0214,S23T;E32T;M36L;H194D;M311F;D321K;E325Q;A372T;D417E;D419E,2.132416609639427,0.005191612243652344,-0.0033509135246276855,0.21337995937499973,0.10507346484374613,0.002002561092376709,15.750000029802322,-17.616653561592102,3.564073324203491,3,0.0,14.04241216908373
PH20_POOL_0215,E32V;M36L;H194D;I310L;M314Y;D321K;E325K;A372E;A413E;D417E,2.132368875444086,0.004726994037628174,-0.002908945083618164,0.2085304148437496,0.08082574218749938,0.001913273334503174,18.675,-15.86519917845726,4.2089409828186035,2,-5.3,14.04241216908373
PH20_POOL_0216,S23T;E32V;M36L;Q144N;M311F;D321K;E325K;A372E;A413E;T418V,2.1313801321496575,0.004821300506591797,-0.004155635833740234,0.2004478406249998,0.06466059374999977,0.0007421970367431641,15.187500008940697,-8.860393822193146,7.051259279251099,3,-5.3,18.769139199055367
PH20_POOL_0217,S23T;E32V;H194D;I310L;M314Y;D321K;A372E;E393K;V415I;D419E,2.131361985277175,0.004627156257629395,-0.0033245086669921875,0.20206435546874973,0.10507346484374969,0.0024700522422790526,17.62499996423721,-13.940409302711487,5.569554328918457,3,0.0,14.04241216908373
PH20_POOL_0218,E32V;M36L;H194D;V238L;M314Y;D321K;E325K;A372E;V415I;D419E,2.1310293181958007,0.004840397834777832,-0.0033245086669921875,0.22146253359374973,0.09699089062499988,0.0017608046531677247,16.787500023841858,-15.069150924682617,5.249706506729126,3,-0.40000000000000036,14.04241216908373
PH20_POOL_0219,S23T;E32V;K131R;H194D;I310L;D321K;E325Q;Q394T;V415I;A420S,2.128394841224108,0.004416060447692871,-0.0031135082244873047,0.20853041484374985,0.08082574218749983,0.0023175358772277834,14.950000047683716,-5.111641600728035,7.26043963432312,3,0.0,14.04241216908373
PH20_POOL_0220,S23T;E32T;M36L;H194D;V238L;M311F;M314Y;E325K;E393Q;V415I,2.1282482356664065,0.004638731479644775,-0.002908945083618164,0.21014692968749998,0.13740376171875024,0.0018109917640686036,15.412500032782555,-12.194233532994986,3.0043885707855225,3,-0.40000000000000036,14.04241216908373
PH20_POOL_0221,S23T;E32I;M36L;H194D;M314R;D321K;E325Q;A372E;A413E;V415I,2.1273031124776294,0.004418313503265381,-0.003740072250366211,0.21337995937499982,0.08082574218750027,0.001202237606048584,17.100000113248825,-10.51455283537507,7.3167054653167725,2,-5.3,14.04241216908373
PH20_POOL_0222,S23T;E32T;M36L;H194D;M311I;M314R;D321K;E325Q;A372T;A413E,2.1268119834932735,0.004870641231536865,-0.003766477108001709,0.21014692968749973,0.07274316796874647,0.0011562108993530273,17.012500101327895,-12.820906057953835,4.010703086853027,3,-5.3,14.04241216908373
PH20_POOL_0223,E32I;M36L;H194D;I310L;M314R;D321K;A372E;A413R;V415I;D419E,2.125660882091798,0.004883766174316406,-0.003740072250366211,0.20368087031249987,0.06466059374999977,0.0010708451271057128,17.712500071525575,-14.15667350590229,5.799942493438721,3,-6.3,14.04241216908373
PH20_POOL_0224,S23T;E32T;M36L;K131R;M311F;M314Y;D321K;E325K;A372E;A413E,2.125623743121133,0.005617702007293701,-0.002908945083618164,0.21661298906249984,0.09699089062499988,0.001798093318939209,13.94999997317791,-18.725253142416477,1.1602258682250977,3,-5.3,14.95989440734575
PH20_POOL_0225,E32T;M36L;K131R;H194D;V238L;M311F;D321K;E325Q;Q394T;V415I,2.1238595748717475,0.005215740203857422,-0.0026979446411132812,0.21337995937499993,0.11315603906249994,0.002070319652557373,14.350000047683716,-16.764526929706335,4.073009967803955,3,-0.40000000000000036,14.04241216908373
PH20_POOL_0226,E32V;M36L;H194D;V238L;I310L;M314Y;D321K;A413R;V415I;D419E,2.1235969694933634,0.005336356163024902,-0.0033245086669921875,0.20853041484374985,0.08890831640625008,0.0014580249786376952,13.912500059604644,-15.185913164168596,4.126516819000244,3,-6.7,14.04241216908373
PH20_POOL_0227,S23T;E32V;M36L;K131R;H194D;M311F;D321K;A413E;D417E;A420S,2.1228041456665383,0.004527926445007324,-0.002908945083618164,0.20206435546874973,0.08890831640624919,0.0016331076622009277,15.250000089406967,-10.652804996818304,7.442047834396362,1,-5.3,14.04241216908373
PH20_POOL_0228,S23T;E32I;M36L;H194D;I310L;M314Y;D321K;E393K;A413E;V415I,2.1211743256316526,0.004567551612854004,-0.0033245086669921875,0.20853041484374996,0.10507346484375013,0.0015348672866821289,15.487500017881393,-10.734413348138332,7.5990071296691895,3,-5.3,14.04241216908373
PH20_POOL_0229,S23T;E32V;M36L;Q144N;H194D;M311F;D321K;E325K;A372S;A413E,2.121119202042635,0.0043230891227722164,-0.003740072250366211,0.20691389999999982,0.08082574218750027,0.000907289981842041,17.987500089406968,-10.042280670255423,8.571816205978394,3,-5.3,14.04241216908373
PH20_POOL_0230,S23T;E32I;M36L;H194D;M311F;D321K;E325Q;A372E;V415I;D419E,2.120010394812518,0.004567205905914307,-0.003740072250366211,0.2295451078124998,0.10507346484375013,0.0015778303146362304,15.675000041723251,-12.910883262753487,6.8371546268463135,2,0.0,14.04241216908373
PH20_POOL_0231,S23T;E32V;M36L;K131R;H194D;I310L;M314R;D321K;A413E;A420T,2.1180435455954987,0.003768885135650635,-0.0033245086669921875,0.20853041484374968,0.06466059374999933,0.0016909122467041015,16.812500137090684,-2.140844237059355,12.075831651687622,2,-5.3,14.04241216908373
PH20_POOL_0232,S23T;E32T;K131R;H194D;V238L;M314Y;D321K;E325K;A372E;A420S,2.1167401906156753,0.004802739620208741,-0.0024933815002441406,0.20044784062499996,0.09699089062499988,0.00242995023727417,17.924999988079072,-14.886210206896067,1.4785025119781494,3,-0.40000000000000036,14.04241216908373
PH20_POOL_0233,S23T;E32T;K131R;H194D;I310L;M314Y;D321K;E325K;A413E;T418S,2.1164914681806772,0.005069935321807861,-0.002077817916870117,0.20044784062499987,0.08082574218749983,0.0024071693420410155,17.16250001192093,-15.038442377001047,0.06253385543823242,3,-5.3,14.04241216908373
PH20_POOL_0234,S23T;E32T;Q144N;H194D;M311F;M314Y;D321K;E325Q;V415I;D419E,2.112321099534282,0.005494987964630127,-0.002908945083618164,0.21499647421874987,0.10507346484375057,0.002783036231994629,16.100000059604646,-22.265590365976095,0.9174478054046631,3,0.0,14.04241216908373
PH20_POOL_0235,E32I;M36L;H194D;V238L;M311F;D321K;E325K;A413E;V415I;A420T,2.1116348091396233,0.004457449913024903,-0.003740072250366211,0.22792859296874973,0.10507346484374969,0.0011075854301452637,16.037500059604646,-10.786755785346031,6.439589977264404,3,-5.7,14.04241216908373
PH20_POOL_0236,S23T;E32V;M36L;H194D;V238L;M314Y;D321K;E325Q;V415I;D419E,2.109663221720115,0.004870903491973877,-0.0033245086669921875,0.22792859296874984,0.10507346484375057,0.0017874598503112792,13.075000101327896,-11.36469791829586,6.756334066390991,3,-0.40000000000000036,14.04241216908373
PH20_POOL_0237,S23T;E32V;Q144N;H194D;M311F;M314R;D321K;A413E;V415I;A420K,2.1090823823830487,0.004627811908721924,-0.0033245086669921875,0.20206435546874985,0.08082574218749983,0.0016999363899230957,18.675000154972075,-14.543980102986097,5.530358791351318,3,-5.3,14.04241216908373
PH20_POOL_0238,E32I;M36L;K131R;H194D;M311F;D321K;E325K;A413E;D417E;A420S,2.1089279150557907,0.00467761754989624,-0.002908945083618164,0.22146253359374982,0.08890831640624919,0.0012250304222106933,16.512500047683716,-12.58382934704423,5.33251428604126,3,-5.3,14.04241216908373
PH20_POOL_0239,S23T;E32V;M36L;K131R;Q144N;H194D;M311F;D321K;E393Q;V415I,2.108855783505924,0.003966152667999268,-0.0033245086669921875,0.21499647421874987,0.08890831640625008,0.0013095259666442872,16.51250002980232,-5.469238113611937,11.509083032608032,3,0.0,14.04241216908373
PH20_POOL_0240,E32V;M36L;K131R;H194D;I310L;M314R;D321K;Q394T;A413E;V415I,2.1081430901100235,0.0042793512344360355,-0.0031135082244873047,0.2004478406249998,0.06466059374999933,0.0016719222068786622,16.81250011920929,-8.100294008851051,9.534895658493042,2,-5.3,14.04241216908373
PH20_POOL_0241,S23T;E32I;M36L;H194D;I310L;D321K;E325K;A372E;Q394T;V415I,2.107895764011965,0.0037874341011047362,-0.003529071807861328,0.21661298906249993,0.08890831640625008,0.001378488540649414,18.700000005960465,-5.835507825016975,8.680421590805054,3,0.0,14.04241216908373
PH20_POOL_0242,E32T;M36L;H194D;M311F;M314Y;D321K;E393Q;A413E;V415I;A420T,2.107179058543574,0.005365180969238281,-0.002908945083618164,0.21014692968749965,0.10507346484374969,0.002549326419830322,15.9,-22.003133665770292,1.9781255722045898,2,-5.3,14.04241216908373
PH20_POOL_0243,S23T;E32V;K131R;H194D;M311I;M314R;D321K;E325Q;A413E;A420S,2.1063948148270484,0.004446756839752197,-0.0033245086669921875,0.2182295039062497,0.07274316796874958,0.0013405203819274903,16.20000014305115,-7.376678686589003,5.256318807601929,3,-5.3,14.04241216908373
PH20_POOL_0244,S23T;E32V;M36L;H194D;M311I;D321K;A372E;E393Q;A413R;A420S,2.1053135109513557,0.004557561874389648,-0.003740072250366211,0.2004478406249998,0.08082574218749672,0.0005940318107604981,17.262499994039537,-10.321162961423397,4.0818681716918945,3,-6.3,14.04241216908373
PH20_POOL_0245,S23T;E32V;M36L;K131R;H194D;I310L;D321K;A372T;E393Q;V415I,2.1045400139835206,0.003714597225189209,-0.003766477108001709,0.20853041484374976,0.07274316796874958,0.0013698577880859376,15.587499958276748,0.708761416375637,12.4647855758667,3,0.0,14.04241216908373
PH20_POOL_0246,S23T;E32T;H194D;V238L;M311I;M314Y;D321K;E325K;A413E;T418V,2.1022717501877115,0.004871726036071777,-0.002908945083618164,0.20529738515624976,0.09699089062499988,0.0016066789627075194,16.387500047683716,-12.9201008528471,-0.3543570041656494,3,-5.7,14.04241216908373
PH20_POOL_0247,E32I;M36L;H194D;I310L;M314R;D321K;E325K;A372E;Q394T;A413E,2.100720210780513,0.00403522253036499,-0.003529071807861328,0.2101469296874999,0.07274316796874958,0.0010885953903198241,21.200000059604644,-11.519362341612577,6.870975494384766,3,-5.3,14.04241216908373
PH20_POOL_0248,E32V;K131R;H194D;V238L;M311F;D321K;E325Q;A372E;E393Q;A413E,2.1006427614817227,0.004537713527679443,-0.0033245086669921875,0.2004478406249997,0.09699089062499944,0.0015503287315368653,17.08749994635582,-12.589041024446487,3.3796567916870117,2,-5.7,14.04241216908373
PH20_POOL_0249,S23T;E32V;H194D;I310L;M314R;D321K;E325Q;A372E;Q394T;V415I,2.1002792246803286,0.00405799150466919,-0.003529071807861328,0.2182295039062498,0.08890831640625008,0.002027642726898193,19.175000083446502,-10.107029438018799,6.975325345993042,3,0.0,14.04241216908373
PH20_POOL_0250,E32I;M36L;K131R;H194D;I310L;D321K;E325K;A372T;A413E;A420S,2.0990815365423114,0.004234540462493897,-0.003766477108001709,0.20529738515624985,0.05657801953124908,0.001112675666809082,16.649999976158142,-4.976164180785418,8.146303653717041,3,-5.3,14.04241216908373
PH20_POOL_0251,E32V;M36L;H194D;V238L;I310L;M314Y;D321K;E325Q;A372E;D419E,2.09714649730191,0.004830396175384522,-0.0033245086669921875,0.20853041484374976,0.08082574218749983,0.00202561616897583,15.78750001192093,-14.475194495171309,6.042925834655762,2,-0.40000000000000036,14.04241216908373
PH20_POOL_0252,S23T;E32V;M36L;H194D;M311F;M314R;N322K;E393Q;A413E;V415I,2.0958092302719953,0.004050946235656739,-0.003740072250366211,0.20206435546874993,0.11315603906249994,0.0014276742935180665,16.23750010430813,-8.01159219071269,7.503379821777344,2,-5.699999999999999,14.04241216908373
PH20_POOL_0253,S23T;E32V;M36L;K131R;H194D;D321K;E325Q;Q350R;A413E;A420S,2.095311785480218,0.004493188858032226,-0.002908945083618164,0.20529738515624976,0.09699089062499988,0.0015207529067993164,13.625000089406967,-6.799335457384586,7.915855646133423,3,-5.3,14.04241216908373
PH20_POOL_0254,E32T;K131R;H194D;V238L;M311F;D321K;E325K;A372E;Q394T;V415I,2.0950888071723734,0.004748201370239258,-0.0026979446411132812,0.20529738515624985,0.11315603906249949,0.0022492170333862304,18.72499997019768,-18.009091466665268,1.053077220916748,3,-0.40000000000000036,14.04241216908373
PH20_POOL_0255,E32V;K131R;H194D;V238L;M311F;D321K;E325K;Q394T;A413E;A420S,2.094654761855174,0.004498040676116944,-0.0031135082244873047,0.21176344453124987,0.10507346484374924,0.001524674892425537,17.600000041723252,-12.939786959439516,3.1786160469055176,3,-5.7,14.04241216908373
PH20_POOL_0256,E32V;M36L;Q144N;H194D;V238L;M311F;D321K;E325K;A413E;T418S,2.093884181643128,0.004713869094848633,-0.0033245086669921875,0.20206435546874993,0.08082574218749983,0.0007297396659851074,18.150000071525575,-15.156892456114292,5.168289661407471,3,-5.7,14.04241216908373
PH20_POOL_0257,S23T;E32V;M36L;H194D;M314Y;D321K;A372E;E393K;V415I;A420S,2.0937757245177915,0.004615688323974609,-0.0033245086669921875,0.21337995937499982,0.11315603906249994,0.0020035505294799805,16.700000005960465,-15.557886522263288,7.0316033363342285,3,0.0,14.04241216908373
PH20_POOL_0258,E32V;M36L;K131R;H194D;V238L;M311L;D321K;E325K;A372E;V415I,2.0935846612789484,0.004116654396057129,-0.0033245086669921875,0.21661298906249976,0.08890831640624963,0.001453256607055664,16.10000001192093,-5.938757054507732,7.977420330047607,3,-0.40000000000000036,14.04241216908373
PH20_POOL_0259,E32V;M36L;H194D;I310L;M314Y;D321K;E325Q;Q350R;A413E;A420S,2.0913827602356956,0.005053961277008056,-0.002908945083618164,0.21337995937499973,0.09699089062499988,0.001978468894958496,14.637500059604644,-15.641166187822819,5.317887544631958,3,-5.3,14.04241216908373
PH20_POOL_0260,S23T;E32V;M36L;H194D;V238L;I310L;D321K;E325Q;D417E;A420T,2.090967035392935,0.004149806499481201,-0.0033245086669921875,0.2069138999999997,0.08082574218749983,0.0017129778861999512,14.737500077486038,-3.8565673269331455,9.904802560806274,3,-0.40000000000000036,14.04241216908373
PH20_POOL_0261,S23T;E32V;K131R;H194D;I310L;M314R;D321K;Q350R;A413E;V415I,2.0893632875259516,0.0039409279823303224,-0.002908945083618164,0.20206435546874973,0.08890831640624963,0.001699650287628174,16.67500011920929,-4.860041309148073,9.243872880935669,3,-5.3,14.04241216908373
PH20_POOL_0262,S23T;E32V;M36L;Q144N;H194D;I310L;D321K;E325Q;A372T;V415I,2.088341531240995,0.004100704193115234,-0.004182040691375732,0.20691389999999982,0.06466059375000022,0.0014330387115478516,15.925000029802323,-4.547327842563391,11.202006101608276,3,0.0,14.04241216908373
PH20_POOL_0263,E32V;M36L;K131R;H194D;D321K;E325K;Q350R;A372E;A413E;V415I,2.0876718260158835,0.0043179869651794435,-0.002908945083618164,0.20691389999999954,0.09699089062499944,0.0014940977096557617,16.61250001192093,-9.713483173400164,6.7477171421051025,3,-5.3,14.04241216908373
PH20_POOL_0264,S23T;E32I;M36L;H194D;I310L;M314R;D321K;Q394T;V415I;A420S,2.0876006327370313,0.004000246524810791,-0.003529071807861328,0.21176344453125012,0.07274316796875002,0.001378488540649414,17.487500137090684,-6.822160996496677,10.908165454864502,3,0.0,14.04241216908373
PH20_POOL_0265,E32T;M36L;H194D;M311I;M314Y;D321K;E325Q;A372E;V415I;A420S,2.0869873415531246,0.0056671142578125,-0.002908945083618164,0.20853041484374968,0.08082574218749983,0.0024318695068359375,15.237500011920929,-22.807024016976357,0.3336167335510254,2,0.0,14.04241216908373
PH20_POOL_0266,S23T;E32T;K131R;H194D;V238L;M311F;M314Y;D321K;E393Q;A420S,2.086571814526553,0.0048615336418151855,-0.0024933815002441406,0.20691390000000007,0.11315603906249994,0.0022813558578491213,16.38749998807907,-16.44996117800474,2.58236026763916,3,-0.40000000000000036,14.04241216908373
PH20_POOL_0267,E32T;M36L;Q144N;H194D;M311F;M314Y;D321K;E325Q;A413E;A420K,2.0854271766569017,0.005918169021606445,-0.0024933815002441406,0.20206435546874985,0.08890831640625008,0.0024651408195495604,16.112500059604645,-26.606811296194792,-0.603722333908081,3,-5.3,14.04241216908373
PH20_POOL_0268,S23T;E32I;M36L;H194D;M311I;M314R;D321K;E393Q;A413E;D419E,2.0852822642537734,0.004148924350738525,-0.003740072250366211,0.20368087031249987,0.06466059374999977,0.00045092105865478515,17.437500101327895,-6.255858488380909,7.711519479751587,3,-5.3,14.04241216908373
PH20_POOL_0269,E32V;M36L;H194D;M311F;M314R;D321K;A372E;E393K;A413E;D417E,2.084598921358255,0.004755783081054688,-0.0033245086669921875,0.20853041484374968,0.07274316796874691,0.0013165593147277832,20.250000059604645,-19.962655186653137,6.078206300735474,3,-5.3,14.04241216908373
PH20_POOL_0270,S23T;E32I;M36L;H194D;M311F;D321K;E325Q;A413E;D417E;D419E,2.0843348444319436,0.004770946502685547,-0.0033245086669921875,0.2149964742187498,0.09699089062499988,0.0013373851776123046,14.850000089406967,-13.630366370081902,4.8927834033966064,2,-5.3,14.04241216908373
PH20_POOL_0271,S23T;E32V;H194D;V238L;I310L;M314R;D321K;A372E;A413R;T418V,2.0839219891473264,0.0040591716766357425,-0.003740072250366211,0.20044784062499987,0.08082574218749983,0.0009563565254211426,18.6250000834465,-7.879906248301268,5.964959383010864,3,-6.7,14.04241216908373
PH20_POOL_0272,S23T;E32T;M36L;Q144N;H194D;M311F;M314R;D321K;A372T;V415I,2.0837958940152435,0.004436361789703369,-0.003766477108001709,0.21176344453124996,0.08890831640625008,0.0015422701835632324,18.937500101327895,-15.844959538429976,8.212226390838623,3,0.0,14.04241216908373
PH20_POOL_0273,E32V;M36L;K131R;H194D;I310L;M314R;D321K;E325Q;A372E;D417E,2.083469615059479,0.004269325733184814,-0.002908945083618164,0.21661298906249965,0.06466059374999933,0.0017809748649597168,17.812500071525573,-10.022455528378487,9.271141052246094,3,0.0,14.04241216908373
PH20_POOL_0274,S23T;E32I;K131R;H194D;M314R;D321K;E325Q;A413E;V415I;A420S,2.0831368942932182,0.004519796371459961,-0.0033245086669921875,0.21337995937499993,0.07274316796875002,0.0015830397605895996,15.362500131130219,-8.11065561324358,6.01929783821106,3,-5.3,14.04241216908373
PH20_POOL_0275,S23T;E32T;H194D;V238L;M311I;M314R;D321K;E325Q;A372E;T418V,2.082738554511442,0.004554235935211181,-0.0033245086669921875,0.2004478406249998,0.07274316796874647,0.0015372872352600099,17.850000083446503,-11.295018460601568,3.050170660018921,3,-0.40000000000000036,14.04241216908373
PH20_POOL_0276,S23T;E32V;M36L;K131R;H194D;V238L;I310L;D321K;Q350R;V415I,2.081731923064015,0.0038054704666137694,-0.002908945083618164,0.20044784062499987,0.09699089062499988,0.0013682842254638672,13.86250006556511,-0.43885623291134834,12.680071115493774,3,-0.40000000000000036,14.04241216908373
PH20_POOL_0277,E32T;M36L;K131R;H194D;V238L;M311F;D321K;A372T;E393Q;V415I,2.0813878445823346,0.004755938053131103,-0.0033509135246276855,0.20044784062499987,0.08890831640624697,0.0015663504600524902,15.574999940395355,-12.931376565247774,6.322275876998901,3,-0.40000000000000036,14.04241216908373
PH20_POOL_0278,S23T;E32I;M36L;H194D;D321K;E325Q;A372E;A413R;V415I;A420S,2.0812522928129136,0.004931652545928955,-0.003740072250366211,0.21337995937499993,0.08890831640625052,0.0010747075080871581,14.87500004172325,-13.220279414206743,3.5857951641082764,3,-6.3,14.04241216908373
PH20_POOL_0279,S23T;E32V;K131R;H194D;M311F;M314R;D321K;A372E;E393Q;D419E,2.0811433055722293,0.0038320302963256838,-0.0033245086669921875,0.22307904843749976,0.09699089062499944,0.0016611099243164062,19.887500035762788,-10.356752049177885,7.645441055297852,3,0.0,14.04241216908373
PH20_POOL_0280,E32T;M36L;K131R;H194D;M311F;D321K;E325Q;A372E;A413R;T418V,2.0807491278485606,0.005442798137664795,-0.002908945083618164,0.21984601874999968,0.08082574218749627,0.0017424583435058593,15.325,-19.290080159902573,0.6535775661468506,3,-6.3,14.04241216908373
PH20_POOL_0281,S23T;E32V;M36L;H194D;V238L;I310L;M314R;E325K;V415I;A420T,2.0803390882417507,0.003395700454711914,-0.003740072250366211,0.20691389999999982,0.08890831640624963,0.001423799991607666,16.100000163912775,2.092965003103018,11.396456241607666,3,-0.40000000000000036,14.04241216908373
PH20_POOL_0282,S23T;E32V;M36L;K131R;H194D;V238L;M314R;D321K;A413E;T418V,2.0803192982615224,0.0038150787353515626,-0.0033245086669921875,0.20206435546874985,0.07274316796874958,0.0009300708770751953,15.425000160932541,-1.9398105069994926,11.154346942901611,2,-5.7,14.04241216908373
PH20_POOL_0283,S23T;E32V;M36L;K131R;H194D;V238L;M311L;D321K;E393Q;V415I,2.0799823829137853,0.003846108913421631,-0.0033245086669921875,0.20529738515624993,0.08890831640625008,0.001241755485534668,13.937500029802322,0.24722277373075485,10.743099927902222,3,-0.40000000000000036,14.04241216908373
PH20_POOL_0284,S23T;E32V;M36L;K131R;H194D;D321K;A372E;E393Q;A413R;V415I,2.0796388769053986,0.004308366775512695,-0.0033245086669921875,0.20529738515624976,0.08890831640625008,0.0010670781135559081,15.874999982118606,-7.558084361255169,6.31509256362915,3,-6.3,14.04241216908373
PH20_POOL_0285,E32V;K131R;H194D;V238L;I310L;D321K;E325K;A372E;V415I;A420T,2.079509670828178,0.003939688205718994,-0.0033245086669921875,0.20529738515624957,0.07274316796874913,0.0021323204040527345,17.48749997019768,-4.747817173600197,7.643398284912109,3,-0.40000000000000036,14.04241216908373
PH20_POOL_0286,S23T;E32V;H194D;V238L;M311L;M314R;D321K;E325Q;A372E;A420S,2.079413860696962,0.004175448417663574,-0.003740072250366211,0.21176344453124996,0.08890831640625008,0.0016337275505065919,17.925000107288362,-9.609222050756216,5.905364513397217,3,-0.40000000000000036,14.04241216908373
PH20_POOL_0287,S23T;E32V;H194D;V238L;M314Y;D321K;E325K;A372E;A413E;V415I,2.0793963608659625,0.004403364658355713,-0.0033245086669921875,0.21014692968749973,0.10507346484375013,0.001768314838409424,17.675000023841857,-13.56436027213931,2.623347043991089,2,-5.7,14.04241216908373
PH20_POOL_0288,S23T;E32V;M36L;H194D;V238L;I310L;M314R;D321K;A372E;A420T,2.0786728126697316,0.0035170197486877443,-0.003740072250366211,0.2036808703124998,0.07274316796874958,0.001513361930847168,18.812500101327895,-4.755572255700827,12.271835565567017,2,-0.40000000000000036,14.04241216908373
PH20_POOL_0289,E32T;M36L;H194D;I310L;M314R;D321K;E325Q;A372E;Q394T;A420T,2.0775427261905004,0.004636311531066894,-0.0031135082244873047,0.20206435546874973,0.07274316796874647,0.0025415420532226562,19.287500059604646,-16.500459667295218,5.339693069458008,3,0.0,14.04241216908373
PH20_POOL_0290,E32V;M36L;H194D;M311F;D321K;E325Q;E393Q;A413E;D417E;A420T,2.0764940945203914,0.00472111701965332,-0.0033245086669921875,0.21984601874999948,0.09699089062499944,0.0016901969909667968,15.950000023841858,-14.251511953771114,5.076306343078613,3,-5.3,14.04241216908373
PH20_POOL_0291,E32I;M36L;H194D;V238L;M311V;M314R;D321K;E325Q;A413E;V415I,2.0763450641047365,0.004938793182373047,-0.003740072250366211,0.20206435546874993,0.06466059375000022,0.0005809783935546875,14.775000143051148,-12.442261975258589,7.472126007080078,3,-5.7,14.04241216908373
PH20_POOL_0292,S23T;E32V;H194D;V238L;M311F;M314R;D321K;A372E;E393Q;T418V,2.0762347462550363,0.003622007369995117,-0.003740072250366211,0.21984601874999984,0.10507346484374702,0.001110541820526123,19.962500047683715,-8.642859321087599,8.192006826400757,3,-0.40000000000000036,14.04241216908373
PH20_POOL_0293,S23T;E32V;M36L;H194D;V238L;M311F;D321K;E325Q;A372S;D419E,2.076128745671914,0.004618012905120849,-0.003740072250366211,0.21661298906249984,0.09699089062500033,0.001192319393157959,14.037500101327897,-10.777336496859789,8.547714233398438,3,-0.40000000000000036,14.04241216908373
PH20_POOL_0294,S23T;E32I;M36L;H194D;D321K;E325K;Q350R;A372E;A413E;A420S,2.076042851535401,0.0041062235832214355,-0.0033245086669921875,0.20044784062499987,0.09699089062499988,0.00102541446685791,17.96250002980232,-9.34309533983469,6.380757570266724,3,-5.3,14.04241216908373
PH20_POOL_0295,S23T;E32V;H194D;M311L;M314R;D321K;E325Q;A413E;D417E;D419E,2.0758035933921883,0.00462653636932373,-0.0033245086669921875,0.2069138999999997,0.08082574218749983,0.0018317818641662598,16.475000154972076,-11.337448935955763,3.5588603019714355,3,-5.3,14.04241216908373
PH20_POOL_0296,E32V;M36L;K131R;H194D;V238L;M311F;M314R;E325K;V415I;A420S,2.0752640725872906,0.004058611392974853,-0.0033245086669921875,0.2214625335937499,0.10507346484374924,0.0012536406517028808,15.537500157952309,-6.838633168488741,8.555269956588745,3,-0.40000000000000036,14.04241216908373
PH20_POOL_0297,S23T;E32T;K131R;H194D;M311F;M314R;D321K;A372T;E393Q;A413E,2.07419232064272,0.004357397556304932,-0.0033509135246276855,0.20529738515624985,0.08890831640624697,0.001659560203552246,19.18750001192093,-13.52062739059329,3.989363431930542,3,-5.3,14.04241216908373
PH20_POOL_0298,S23T;E32V;K131R;H194D;V238L;I310L;D321K;E325Q;A372E;A413R,2.0737109023060203,0.004373538494110108,-0.0033245086669921875,0.20206435546874985,0.08890831640625008,0.0013332366943359375,15.875,-7.580896284431219,3.996124505996704,3,-6.7,14.04241216908373
PH20_POOL_0299,S23T;E32T;M36L;H194D;M311F;D321K;E325Q;A372E;Q394T;T418V,2.0729038838740568,0.004622101783752441,-0.0031135082244873047,0.2149964742187498,0.10507346484374569,0.0021358013153076174,17.15000002980232,-16.656026650220156,3.8154420852661133,2,0.0,14.04241216908373
PH20_POOL_0300,S23T;E32V;Q144N;H194D;M311I;M314R;D321K;E325Q;A413E;V415I,2.072104243362005,0.004387116432189942,-0.003740072250366211,0.2069138999999997,0.06466059375000022,0.0011655449867248534,17.362500154972075,-9.217747237533331,5.5910804271698,3,-5.3,14.04241216908373
PH20_POOL_0301,E32I;M36L;K131R;H194D;I310L;M314Y;D321K;E325K;A413E;D419E,2.071333860318641,0.004555118083953857,-0.002908945083618164,0.22146253359374982,0.07274316796874958,0.0016449213027954102,15.800000023841857,-10.203984320163727,5.969496250152588,3,-5.3,14.04241216908373
PH20_POOL_0302,E32I;M36L;H194D;V238L;I310L;M314R;D321K;E325Q;A413E;A420T,2.0713275143347123,0.004298555850982666,-0.003740072250366211,0.20853041484374985,0.06466059374999977,0.0011948466300964356,16.23750011920929,-7.532884053885937,8.825414419174194,3,-5.7,14.04241216908373
PH20_POOL_0303,S23T;E32V;M36L;Q144N;H194D;I310L;M314R;D321K;Q394T;V415I,2.069526216634751,0.003763067722320557,-0.003529071807861328,0.20206435546875,0.06466059375000022,0.0014340400695800782,18.82500014901161,-6.427987813949585,12.374683380126953,3,0.0,14.04241216908373
PH20_POOL_0304,S23T;E32V;M36L;H194D;V238L;M311L;D321K;E325Q;D417E;D419E,2.065234749434249,0.004491078853607178,-0.0033245086669921875,0.20529738515624985,0.08890831640625008,0.001500415802001953,13.662500101327897,-7.049785654991865,6.995058536529541,3,-0.40000000000000036,14.04241216908373
PH20_POOL_0305,S23T;E32T;M36L;H194D;M311V;M314Y;D321K;E325K;Q394T;A413E,2.064750635714033,0.005060040950775146,-0.0026979446411132812,0.20368087031249987,0.09699089062500033,0.001758909225463867,17.16250006556511,-19.49165841564536,1.6851627826690674,3,-5.3,14.04241216908373
PH20_POOL_0306,S23T;E32V;H194D;V238L;M311F;D321K;E325K;A372E;Q394T;D419E,2.0641315976167935,0.003959524631500244,-0.003529071807861328,0.21984601874999984,0.12123861328124974,0.0015474677085876465,19.77500002384186,-13.11272568628192,4.075772762298584,3,-0.40000000000000036,14.04241216908373
PH20_POOL_0307,S23T;E32V;H194D;V238L;M311F;M314R;D321K;A372E;A413R;D419E,2.062765611278909,0.004454517364501953,-0.003740072250366211,0.2182295039062499,0.11315603906249683,0.0009788751602172851,19.13750010728836,-17.371793389320374,2.9257545471191406,3,-6.7,14.04241216908373
PH20_POOL_0308,E32V;M36L;H194D;V238L;I310L;M314Y;D321K;E325K;A372T;A413E,2.061034002839626,0.004329061508178711,-0.003766477108001709,0.21984601874999976,0.08890831640624963,0.0012099623680114746,17.075,-11.358428247272968,6.187763690948486,3,-5.7,14.04241216908373
PH20_POOL_0309,S23T;E32T;M36L;H194D;M311F;M314Y;D321K;A372E;E393Q;A413R,2.06071755327848,0.005167186260223389,-0.002908945083618164,0.2214625335937499,0.11315603906249638,0.0016606807708740234,18.124999970197678,-24.07181203737855,-0.3322606086730957,3,-6.3,14.04241216908373
PH20_POOL_0310,E32V;M36L;K131R;H194D;M311I;D321K;E325K;A372E;A413E;A420K,2.0601616942027356,0.004514288902282715,-0.002908945083618164,0.20529738515624948,0.06466059374999888,0.0013086557388305663,17.15000001192093,-10.231947794556618,3.749281167984009,3,-5.3,14.04241216908373
PH20_POOL_0311,E32T;M36L;H194D;M311V;M314Y;D321K;E325K;A372T;A413E;V415I,2.057423260179536,0.005435287952423096,-0.0033509135246276855,0.20529738515624968,0.08082574218749983,0.0017312526702880859,16.0375,-21.43032657727599,1.5720908641815186,3,-5.3,14.04241216908373
PH20_POOL_0312,S23T;E32V;M36L;H194D;M311F;D321K;Q350R;A372E;E393Q;V415I,2.056705168350193,0.003915619850158691,-0.0033245086669921875,0.22146253359374973,0.12123861328124619,0.0013455033302307128,17.524999994039536,-11.047214835882187,9.037417650222778,3,0.0,14.04241216908373
PH20_POOL_0313,E32I;K131R;H194D;M311F;M314R;D321K;E325K;A372E;A413E;V415I,2.0556712914615525,0.004139935970306397,-0.0033245086669921875,0.23601116718749973,0.09699089062499944,0.0013811349868774413,19.77500005364418,-14.41681157052517,4.292623281478882,3,-5.3,14.04241216908373
PH20_POOL_0314,E32T;M36L;K131R;H194D;I310L;M314Y;D321K;E325Q;A413E;A420T,2.055646872482456,0.005156207084655762,-0.0024933815002441406,0.20368087031249962,0.07274316796874958,0.0028998255729675293,14.112500023841857,-15.731698103249073,3.3251595497131348,2,-5.3,14.04241216908373
PH20_POOL_0315,S23T;E32T;M36L;K131R;H194D;M311L;D321K;E325Q;V415I;A420T,2.0553623284758995,0.004613149166107178,-0.002908945083618164,0.2149964742187497,0.08890831640625008,0.002615070343017578,12.812500065565109,-7.7708219066262245,6.221663475036621,3,0.0,14.04241216908373
PH20_POOL_0316,S23T;E32V;M36L;H194D;V238L;M311L;M314R;E325K;V415I;D419E,2.0539681954963376,0.0037369728088378906,-0.003740072250366211,0.20529738515624993,0.09699089062499988,0.001211237907409668,15.025000187754632,-1.1292809061706066,8.486712217330933,3,-0.40000000000000036,14.04241216908373
PH20_POOL_0317,S23T;E32V;K131R;H194D;V238L;I310L;D321K;E325Q;V415I;A420T,2.0538309597923656,0.003970193862915039,-0.0033245086669921875,0.21176344453124968,0.08082574218749983,0.002158975601196289,13.775000047683715,-1.239392101764679,9.150025844573975,3,-0.40000000000000036,14.04241216908373
PH20_POOL_0318,S23T;E32V;K131R;H194D;M311I;M314R;D321K;A413E;V415I;D419E,2.05318162015704,0.004226565361022949,-0.0033245086669921875,0.20368087031249962,0.06466059374999933,0.0014513015747070312,15.875000143051148,-6.698742315173149,6.096454858779907,2,-5.3,14.04241216908373
PH20_POOL_0319,E32V;K131R;H194D;M314Y;D321K;E325K;A372E;E393Q;A413E;A420S,2.0521023957507336,0.004542005062103271,-0.002908945083618164,0.20853041484374968,0.08082574218749938,0.002033126354217529,18.699999934434892,-14.595503959804773,1.8026771545410156,3,-5.3,14.04241216908373
PH20_POOL_0320,E32V;K131R;H194D;I310L;M314R;D321K;E325Q;A372T;A413E;D419E,2.0513583070422943,0.0044277429580688475,-0.003766477108001709,0.20691389999999962,0.05657801953124908,0.0017846226692199707,16.85000005364418,-9.387764696031809,6.152521371841431,3,-5.3,14.04241216908373
PH20_POOL_0321,S23T;E32I;M36L;H194D;V238L;M314R;D321K;A372E;E393Q;V415I,2.050772560648361,0.0037252187728881838,-0.003740072250366211,0.20368087031250007,0.08082574218750027,0.0007236242294311523,18.32500005364418,-6.40247567743063,10.429433822631836,3,-0.40000000000000036,14.04241216908373
PH20_POOL_0322,S23T;E32V;M36L;H194D;M311F;E325K;Q350R;E393Q;A413E;V415I,2.049510396224675,0.0038616418838500976,-0.0033245086669921875,0.2069138999999997,0.12123861328125107,0.0010806918144226074,15.487500056624413,-5.179576490074396,6.421808958053589,3,-5.3,14.04241216908373
PH20_POOL_0323,E32V;M36L;K131R;H194D;V238L;M311F;D321K;E325Q;D417E;D419E,2.0483914902108107,0.0047353625297546385,-0.002908945083618164,0.22146253359374973,0.09699089062499944,0.0015656113624572753,13.900000071525573,-12.809782553464174,6.774930238723755,3,-0.40000000000000036,14.04241216908373
PH20_POOL_0324,S23T;E32I;M36L;K131R;M311F;D321K;E325Q;A413E;V415I;D419E,2.0482438651151726,0.005363607406616211,-0.003740072250366211,0.21499647421874987,0.07274316796875002,0.0010863184928894044,8.887500044703483,-9.364334683865309,5.893453359603882,3,-5.3,14.95989440734575
PH20_POOL_0325,E32V;M36L;H194D;V238L;I310L;D321K;E325Q;A372E;A413R;A420T,2.0477222892839477,0.004629838466644287,-0.003740072250366211,0.20529738515624968,0.08082574218749983,0.0013607501983642577,15.78750001192093,-11.898712046444416,4.907077074050903,3,-6.7,14.04241216908373
PH20_POOL_0326,S23T;E32V;M36L;H194D;V238L;M311I;M314R;D321K;A372E;V415I,2.046505008871784,0.003810393810272217,-0.003740072250366211,0.2117634445312498,0.08082574218749983,0.0008072495460510254,17.562500125169755,-7.634517103433609,9.536224842071533,2,-0.40000000000000036,14.04241216908373
PH20_POOL_0327,E32V;M36L;Q144N;H194D;M314Y;D321K;E325K;A372E;V415I;A420S,2.046298380938895,0.004620969295501709,-0.0033245086669921875,0.2149964742187498,0.07274316796875002,0.0019158363342285157,18.45000002384186,-16.8854015506804,6.025540113449097,3,0.0,14.04241216908373
PH20_POOL_0328,S23T;E32V;M36L;K131R;H194D;M311V;D321K;E325Q;A372E;E393Q,2.0457899652143667,0.004113590717315674,-0.0033245086669921875,0.2069138999999997,0.07274316796875002,0.00119096040725708,15.874999982118606,-6.438418000936508,9.376760959625244,3,0.0,14.04241216908373
PH20_POOL_0329,S23T;E32V;M36L;H194D;I310L;M314Y;D321K;A372E;E393Q;A420K,2.0454564469109124,0.004238855838775635,-0.002908945083618164,0.20691389999999982,0.08082574218749983,0.0020279169082641603,17.78749997019768,-11.406471189111471,6.997570753097534,3,0.0,14.04241216908373
PH20_POOL_0330,S23T;E32V;M36L;K131R;H194D;M311V;D321K;E325K;A372E;T418V,2.0425440963139163,0.0037491440773010252,-0.0033245086669921875,0.21822950390624962,0.07274316796874958,0.0010773181915283204,16.63750002980232,-3.8213216103613377,10.30680537223816,3,0.0,14.04241216908373
PH20_POOL_0331,S23T;E32V;M36L;Q144N;H194D;D321K;E325Q;Q394T;V415I;A420S,2.0412070037538634,0.004412293434143066,-0.003529071807861328,0.20044784062499996,0.07274316796875047,0.0016988515853881836,15.637500101327896,-9.69195206463337,8.43007516860962,3,0.0,14.04241216908373
PH20_POOL_0332,E32T;M36L;H194D;M311F;D321K;E325Q;A372T;Q394T;V415I;D419E,2.041172049549505,0.0052447676658630375,-0.003555476665496826,0.21661298906249976,0.10507346484374969,0.002218925952911377,15.500000011920928,-21.599015418440104,2.2825989723205566,3,0.0,14.04241216908373
PH20_POOL_0333,S23T;E32V;M311F;M314R;D321K;E325Q;A372E;A413E;D417E;D419E,2.040810913189508,0.005346238613128662,-0.003740072250366211,0.2036808703124997,0.07274316796874958,0.0014683723449707032,14.700000074505805,-17.869492445141077,1.923201084136963,3,-5.3,18.769139199055367
PH20_POOL_0334,E32I;M36L;Q144N;H194D;V238L;M311F;D321K;E325Q;A413E;V415I,2.0403582589000093,0.004721379280090332,-0.003740072250366211,0.20044784062499996,0.08082574218750027,0.00096435546875,15.012500071525574,-13.87910982221365,6.388206481933594,2,-5.7,14.04241216908373
PH20_POOL_0335,E32V;M36L;H194D;M314R;D321K;E325Q;Q350R;A372E;A413E;D419E,2.0401381358343076,0.004736459255218506,-0.0033245086669921875,0.20368087031249962,0.06466059374999666,0.0014918088912963868,17.50000010728836,-15.751989100128412,5.900280475616455,3,-5.3,14.04241216908373
PH20_POOL_0336,S23T;E32I;K131R;H194D;I310L;D321K;E325K;Q394T;A413E;V415I,2.04011253082257,0.0038115620613098145,-0.0031135082244873047,0.2069138999999999,0.08082574218749983,0.0015840411186218261,16.912500023841858,-3.7092523984611034,5.981273651123047,3,-5.3,14.04241216908373
PH20_POOL_0337,E32V;M36L;K131R;H194D;M311V;M314R;D321K;E325Q;A413E;T418V,2.0382592158657973,0.004561436176300049,-0.0033245086669921875,0.21499647421874962,0.056578019531249524,0.0010522365570068359,14.625000143051148,-9.20402642339468,8.90070104598999,3,-5.3,14.04241216908373
PH20_POOL_0338,S23T;E32V;M36L;K131R;H194D;M314Y;D321K;E393Q;A413E;A420S,2.0372047606382533,0.004332709312438965,-0.002908945083618164,0.20529738515624985,0.08082574218749983,0.0017040610313415528,15.075000029802322,-9.416217621415854,7.054717779159546,2,-5.3,14.04241216908373
PH20_POOL_0339,S23T;E32V;M36L;H194D;M311L;M314Y;D321K;E325Q;E393Q;A413E,2.0352948386081997,0.004415905475616455,-0.0033245086669921875,0.2295451078124998,0.10507346484375057,0.001613783836364746,14.787500041723252,-10.81036750972271,4.822691202163696,3,-5.3,14.04241216908373
PH20_POOL_0340,E32V;Q144N;H194D;V238L;M311F;M314Y;D321K;E325K;A413E;V415I,2.034671816823583,0.004677581787109375,-0.0033245086669921875,0.22146253359374982,0.10507346484375013,0.001593339443206787,17.86250005364418,-18.697927184402943,2.6154701709747314,3,-5.7,14.04241216908373
PH20_POOL_0341,S23T;E32V;H194D;V238L;M314R;D321K;E325Q;A372T;A413E;V415I,2.0340879614014535,0.004216384887695312,-0.004182040691375732,0.2117634445312498,0.08890831640625008,0.0011708736419677734,16.362500107288362,-9.343468680977821,5.948879241943359,3,-5.7,14.04241216908373
PH20_POOL_0342,E32V;M36L;K131R;Q144N;H194D;M311F;D321K;E325Q;A413E;A420K,2.0338361600285118,0.0048546910285949705,-0.002908945083618164,0.2069138999999997,0.07274316796874958,0.0016962885856628418,15.287500071525574,-14.319473680108786,5.485094785690308,3,-5.3,14.04241216908373
PH20_POOL_0343,S23T;E32I;H194D;D321K;E325K;A372E;E393Q;A413E;V415I;A420T,2.033409114459752,0.0038251996040344237,-0.003740072250366211,0.20206435546874965,0.08082574218749983,0.0015779495239257812,18.699999952316283,-6.575914368033409,4.448253393173218,3,-5.3,14.04241216908373
PH20_POOL_0344,S23T;E32V;M36L;Q144N;H194D;M311F;D321K;Q350R;V415I;A420S,2.033363032817078,0.004163408279418945,-0.0033245086669921875,0.2101469296874999,0.10507346484375013,0.0014337658882141112,16.212500101327898,-11.770530104637146,10.222643613815308,3,0.0,14.04241216908373
PH20_POOL_0345,E32V;M36L;K131R;H194D;M314R;D321K;Q350R;A413E;V415I;D419E,2.033141672196089,0.004453444480895996,-0.002908945083618164,0.20206435546874965,0.08082574218749938,0.0015168905258178711,15.125000143051148,-10.573321264237165,8.686774969100952,3,-5.3,14.04241216908373
PH20_POOL_0346,E32V;M36L;K131R;H194D;I310L;M314Y;D321K;E325Q;A413E;A420K,2.031488226319715,0.005001068115234375,-0.0024933815002441406,0.21661298906249965,0.07274316796874958,0.002266073226928711,13.787500047683716,-13.701541665941477,4.55267596244812,3,-5.3,14.04241216908373
PH20_POOL_0347,S23T;E32I;M36L;K131R;H194D;V238L;I310L;D321K;A413R;V415I,2.0310049519610796,0.00417109727859497,-0.0033245086669921875,0.20368087031250007,0.08082574218750027,0.0006840825080871582,13.462500053644181,-3.552145391702652,8.267453670501709,3,-6.7,14.04241216908373
PH20_POOL_0348,S23T;E32T;M36L;H194D;V238L;M314Y;D321K;E393Q;V415I;A420T,2.0309179594272595,0.004643797874450684,-0.002908945083618164,0.20044784062499987,0.09699089062500033,0.002245962619781494,14.950000017881393,-13.010708298534155,5.493623733520508,3,-0.40000000000000036,14.04241216908373
PH20_POOL_0349,S23T;E32V;M36L;H194D;I310L;M314R;E325Q;E393Q;V415I;A420T,2.0304616463581864,0.003560328483581543,-0.003740072250366211,0.2069138999999997,0.08082574218749983,0.0017781734466552734,15.012500116229058,0.5324393771588802,10.763230562210083,3,0.0,14.04241216908373
PH20_POOL_0350,S23T;E32I;M36L;H194D;V238L;M311L;M314R;D321K;E393Q;A413E,2.030458651144765,0.003737437725067139,-0.003740072250366211,0.20044784062500015,0.08082574218750027,0.00048317909240722654,17.062500101327895,-4.353808987885714,8.9051833152771,3,-5.7,14.04241216908373
PH20_POOL_0351,S23T;E32V;M36L;H194D;M311L;M314R;D321K;A372E;E393Q;T418V,2.02850805263319,0.003432917594909668,-0.003740072250366211,0.2182295039062498,0.08082574218749983,0.0011925935745239259,18.56250006556511,-4.447420448064804,10.41631531715393,3,0.0,14.04241216908373
PH20_POOL_0352,E32V;M36L;H194D;M311F;M314Y;D321K;A372E;E393Q;V415I;D419E,2.0283126795026196,0.004657530784606933,-0.0033245086669921875,0.22792859296874965,0.10507346484374969,0.0020279169082641603,17.074999976158143,-20.10853537917137,5.186766862869263,2,0.0,14.04241216908373
PH20_POOL_0353,E32I;M36L;K131R;H194D;I310L;D321K;E325Q;A372E;A413R;A420S,2.0280746915430377,0.004750967025756836,-0.0033245086669921875,0.2069138999999999,0.06466059374999977,0.0012499570846557617,15.262499988079071,-11.891735810786486,4.530059337615967,3,-6.3,14.04241216908373
PH20_POOL_0354,S23T;E32T;M36L;H194D;M311F;M314Y;D321K;E325Q;Q394T;D419E,2.02741505131909,0.0051087021827697756,-0.0026979446411132812,0.2360111671874999,0.12932118750000043,0.002490222454071045,15.725000077486039,-23.367964394390583,1.4977633953094482,3,0.0,14.04241216908373
PH20_POOL_0355,E32V;M36L;K131R;H194D;M314Y;D321K;E393Q;A413E;V415I;D419E,2.026417654202996,0.0047893524169921875,-0.002908945083618164,0.20206435546874965,0.07274316796874958,0.001965010166168213,14.000000011920928,-12.729471895843744,5.662745952606201,2,-5.3,14.04241216908373
PH20_POOL_0356,E32V;K131R;H194D;V238L;M311F;D321K;E325K;A372T;A413E;V415I,2.025448074453052,0.00419459342956543,-0.003766477108001709,0.22469556328124965,0.10507346484374924,0.0012588620185852051,16.549999994039535,-11.07650501281023,4.50731897354126,3,-5.7,14.04241216908373
PH20_POOL_0357,E32V;Q144N;H194D;M311F;D321K;E325Q;A372E;A413R;V415I;D419E,2.025101824492846,0.005188119411468506,-0.003740072250366211,0.20853041484374968,0.08890831640625008,0.0016596674919128417,17.150000017881393,-21.7464190274477,0.14672517776489258,3,-6.3,14.04241216908373
PH20_POOL_0358,E32V;M36L;K131R;H194D;M311F;D321K;A372S;E393Q;V415I;A420S,2.023876915387484,0.004546475410461426,-0.0033245086669921875,0.20853041484374976,0.07274316796874958,0.0015223264694213868,14.562500011920928,-11.103353213518858,9.483041524887085,3,0.0,14.04241216908373
PH20_POOL_0359,S23T;E32V;M36L;H194D;M311F;M314R;E393Q;A413R;V415I;D419E,2.0231813149723914,0.0042580246925354006,-0.003740072250366211,0.21176344453124987,0.11315603906249994,0.0008879661560058594,15.425000140070916,-10.510838940739632,5.162562608718872,3,-6.3,14.04241216908373
PH20_POOL_0360,S23T;E32V;H194D;M311F;D321K;E325Q;A372S;A413E;V415I;A420K,2.022618591944869,0.005025827884674072,-0.0033245086669921875,0.20691389999999962,0.08890831640625008,0.00193939208984375,14.225000083446503,-15.505805257707834,2.783200979232788,3,-5.3,14.04241216908373
PH20_POOL_0361,S23T;E32V;M36L;K131R;H194D;D321K;E325Q;A372S;V415I;A420S,2.022611617400442,0.004518187046051026,-0.0033245086669921875,0.20853041484374976,0.06466059375000022,0.0016975760459899901,12.387500089406966,-6.292766399681568,9.88581132888794,3,0.0,14.04241216908373
PH20_POOL_0362,S23T;E32T;Q144N;H194D;M311F;M314Y;D321K;A413R;V415I;A420S,2.021598851031381,0.005511939525604248,-0.002908945083618164,0.20529738515625,0.10507346484375057,0.0021926522254943847,16.675000059604645,-26.014070332050323,-1.7636256217956543,3,-6.3,14.04241216908373
PH20_POOL_0363,S23T;E32V;M36L;M314R;D321K;E325Q;A372E;A413E;V415I;A420T,2.0212489198605965,0.004929280281066895,-0.004155635833740234,0.20691389999999962,0.05657801953124997,0.0014124751091003419,12.712500092387199,-10.40042731910944,6.984964847564697,3,-5.3,19.327022602143757
PH20_POOL_0364,S23T;E32T;M36L;H194D;M311F;M314R;E325Q;Q350R;V415I;A420S,2.0211858172996138,0.004770362377166748,-0.002908945083618164,0.20529738515624993,0.09699089062499633,0.0020433902740478516,14.575000175833702,-14.388067822903395,4.926472902297974,3,0.0,14.04241216908373
PH20_POOL_0365,S23T;E32I;M36L;H194D;V238L;M311V;M314R;D321K;V415I;D419E,2.020892892997465,0.004261958599090576,-0.003740072250366211,0.20044784062500004,0.06466059375000022,0.0006288528442382812,15.300000160932541,-8.156072422862053,10.817288160324097,3,-0.40000000000000036,14.04241216908373
PH20_POOL_0366,S23T;E32T;M36L;H194D;I310L;M314Y;D321K;A372T;A413R;V415I,2.0203910746762066,0.0050187230110168455,-0.0033509135246276855,0.21176344453124987,0.09699089062500033,0.0018092751502990722,15.162500005960464,-17.818989124149084,2.1471569538116455,3,-6.3,14.04241216908373
PH20_POOL_0367,S23T;E32V;K131R;H194D;V238L;I310L;D321K;E325K;A372E;Q394T,2.0199471111746803,0.003382158279418945,-0.0031135082244873047,0.20368087031249987,0.08890831640624963,0.0016370177268981933,19.08749998807907,-3.9528678692877293,7.3090338706970215,3,-0.40000000000000036,14.04241216908373
PH20_POOL_0368,S23T;E32V;M36L;H194D;M314R;D321K;E325Q;A413E;D417E;A420T,2.0192620070115943,0.004196441173553467,-0.0033245086669921875,0.2198460187499996,0.08082574218749983,0.001600635051727295,16.35000017285347,-10.11001043021679,7.641967296600342,3,-5.3,14.04241216908373
PH20_POOL_0369,S23T;E32T;K131R;H194D;V238L;M311F;M314Y;D321K;V415I;D419E,2.0189656473022817,0.004942393302917481,-0.0024933815002441406,0.2101469296874999,0.11315603906249994,0.002630293369293213,14.512500047683716,-18.55487683042884,2.1634442806243896,2,-0.40000000000000036,14.04241216908373
PH20_POOL_0370,S23T;E32T;H194D;M311F;M314Y;D321K;E325Q;A372T;A413E;A420S,2.018539083692336,0.005191612243652344,-0.0033509135246276855,0.2182295039062498,0.11315603906249994,0.002470076084136963,16.21250001192093,-23.634042225778103,-1.5801570415496826,2,-5.3,14.04241216908373
PH20_POOL_0371,E32V;K131R;H194D;V238L;I310L;M314Y;D321K;E325K;A372E;D419E,2.0180697111493027,0.004222679138183594,-0.002908945083618164,0.21337995937499973,0.08082574218749938,0.00214160680770874,17.837499970197676,-11.719134379178286,4.680665493011475,3,-0.40000000000000036,14.04241216908373
PH20_POOL_0372,S23T;E32V;M36L;Q144N;H194D;M311F;D321K;A372E;A413R;V415I,2.017726425281418,0.004346978664398193,-0.003740072250366211,0.21014692968749982,0.09699089062500033,0.0010429978370666503,17.58750005364418,-15.969158452004194,5.622599124908447,2,-6.3,14.04241216908373
PH20_POOL_0373,E32T;M36L;H194D;I310L;M314Y;D321K;E325K;A372T;Q394T;A413E,2.017346149782831,0.004771518707275391,-0.0031399130821228027,0.20691389999999982,0.08890831640624963,0.002087974548339844,18.29999997615814,-19.11811039224267,1.4877290725708008,3,-5.3,14.04241216908373
PH20_POOL_0374,S23T;E32I;M36L;H194D;V238L;M311F;M314Y;D321K;A413E;D417K,2.0170598091186362,0.004795181751251221,-0.002908945083618164,0.21499647421874996,0.11315603906250038,0.0010337471961975099,15.225000089406967,-17.5620754994452,4.446044206619263,3,-6.1,14.04241216908373
PH20_POOL_0375,E32I;M36L;H194D;I310L;D321K;E325Q;Q350R;A372E;V415I;D419E,2.016905415663719,0.004485523700714112,-0.0033245086669921875,0.20206435546874973,0.08082574218749983,0.0017264246940612792,15.2125,-11.407103717327118,7.5222344398498535,3,0.0,14.04241216908373
PH20_POOL_0376,E32V;M36L;K131R;H194D;I310L;M314Y;E325K;E393K;A413E;V415I,2.016218049651285,0.004236328601837158,-0.002908945083618164,0.2004478406249997,0.10507346484374924,0.0019139885902404786,14.32500001490116,-7.768871735781431,5.698747873306274,3,-5.3,14.04241216908373
PH20_POOL_0377,E32I;M36L;H194D;I310L;D321K;E325K;Q394T;A413E;V415I;A420T,2.016060821277212,0.004067862033843994,-0.003529071807861328,0.21014692968749973,0.07274316796874958,0.0016115546226501466,16.825000035762788,-7.939027093350887,6.892226219177246,3,-5.3,14.04241216908373
PH20_POOL_0378,S23T;E32I;M36L;H194D;M311F;M314Y;D321K;E393K;A413E;A420S,2.015528005217209,0.004515731334686279,-0.0033245086669921875,0.22792859296875,0.1293211875,0.0013596177101135253,16.30000004172325,-18.129229068756104,5.258754014968872,3,-5.3,14.04241216908373
PH20_POOL_0379,E32V;M36L;K131R;H194D;M311L;D321K;E325Q;A372E;V415I;D419E,2.015286432261218,0.004506838321685791,-0.0033245086669921875,0.2117634445312496,0.07274316796874958,0.002156567573547363,13.862500023841857,-9.931807070970535,6.586789608001709,2,0.0,14.04241216908373
PH20_POOL_0380,E32V;M36L;H194D;M311F;D321K;E325K;A372S;Q394T;A413E;D419E,2.015005963112821,0.0046351075172424315,-0.003529071807861328,0.21176344453124968,0.08890831640624963,0.0013191342353820802,17.125000071525573,-16.80735842883587,4.805079936981201,3,-5.3,14.04241216908373
PH20_POOL_0381,E32T;K131R;H194D;M311I;M314Y;D321K;E325K;A372E;V415I;A420S,2.0149307611366782,0.005059397220611573,-0.0024933815002441406,0.21337995937499965,0.08082574218749938,0.0025478601455688477,17.28749997019768,-19.731863640248775,-1.0286436080932617,3,0.0,14.04241216908373
PH20_POOL_0382,S23T;E32V;M36L;K131R;H194D;M311I;E325K;E393Q;V415I;A420S,2.014813061604499,0.0036472678184509277,-0.0033245086669921875,0.20206435546874973,0.08082574218749938,0.0010971426963806152,14.050000044703484,1.952017903327942,7.909392356872559,3,0.0,14.04241216908373
PH20_POOL_0383,S23T;E32V;M36L;Q144N;H194D;M311F;D321K;E325Q;A372E;T418V,2.0147341111344503,0.0038828611373901366,-0.003740072250366211,0.22146253359374973,0.08890831640625008,0.0014356136322021484,17.31250005364418,-10.542907979339361,9.002624273300171,2,0.0,14.04241216908373
PH20_POOL_0384,S23T;E32V;M36L;K131R;H194D;D321K;E325K;A413E;D417E;A420T,2.0138289635461626,0.0038453102111816405,-0.002908945083618164,0.2149964742187495,0.08082574218749938,0.0016257166862487793,15.912500077486039,-4.700554791837931,7.862228870391846,3,-5.3,14.04241216908373
PH20_POOL_0385,S23T;E32I;H194D;V238L;M311F;M314R;D321K;A413E;V415I;A420K,2.0138038215624805,0.004395592212677002,-0.0033245086669921875,0.21014692968749998,0.09699089062499988,0.0012286782264709472,16.962500143051148,-13.832589834928513,4.515776872634888,3,-5.7,14.04241216908373
PH20_POOL_0386,S23T;E32I;H194D;V238L;M311F;D321K;E325K;Q394T;A413E;V415I,2.013607489152413,0.003996884822845459,-0.003529071807861328,0.22146253359374998,0.12123861328125018,0.0010559916496276855,17.500000059604645,-11.507251560688019,3.4886345863342285,3,-5.7,14.04241216908373
PH20_POOL_0387,S23T;E32V;M36L;H194D;M314R;D321K;E325Q;A372E;Q394T;D419E,2.0133875600812243,0.004036509990692138,-0.003529071807861328,0.22146253359374982,0.08890831640625008,0.00160672664642334,18.425000125169753,-12.70851881802082,7.521513223648071,3,0.0,14.04241216908373
PH20_POOL_0388,S23T;E32V;M36L;H194D;I310L;D321K;E325Q;Q350R;A372E;D417E,2.0132757112665343,0.003983223438262939,-0.002908945083618164,0.20529738515624968,0.09699089062499988,0.0016937136650085449,16.562500029802322,-9.214478429406881,8.522637367248535,3,0.0,14.04241216908373
PH20_POOL_0389,S23T;E32V;M36L;K131R;H194D;I310L;M314Y;D321K;A413R;A420S,2.013196716963766,0.0044978737831115724,-0.002908945083618164,0.2246955632812499,0.08890831640625008,0.0015498757362365722,14.48750006556511,-11.271898534148932,6.009363651275635,3,-6.3,14.04241216908373
PH20_POOL_0390,S23T;E32T;M36L;K131R;M311F;M314Y;D321K;E325Q;A372E;A420S,2.0007226517415075,0.005693197250366211,-0.002908945083618164,0.21984601874999993,0.08890831640625008,0.002238154411315918,11.662499985098838,-21.05745494738221,1.9119575023651123,3,0.0,14.95989440734575
PH20_POOL_0391,S23T;E32V;M36L;I310L;M314Y;D321K;E325Q;Q394T;A413E;V415I,1.954505653391233,0.005145895481109619,-0.003529071807861328,0.21176344453124987,0.07274316796875047,0.0016647815704345704,10.375000044703484,-12.768944807350636,4.676235675811768,3,-5.3,15.643417633933245
PH20_POOL_0392,S23T;E32V;M36L;K131R;I310L;M314Y;D321K;A372E;V415I;A420S,1.9279999227698057,0.004718315601348877,-0.0033245086669921875,0.20044784062499987,0.04849544531249972,0.0019520998001098632,11.17499998509884,-9.983396548777819,8.193450450897217,2,0.0,14.95989440734575
PH20_POOL_0393,S23T;E32V;M36L;V238L;M311F;M314Y;D321K;E325Q;A372E;A420S,1.923287773855441,0.005046474933624268,-0.003740072250366211,0.22954510781249998,0.09699089062500033,0.001336061954498291,11.812500020861625,-18.204575154930353,4.571989297866821,3,-0.40000000000000036,14.683852653805417
PH20_POOL_0394,E32V;M36L;V238L;M311F;M314Y;D321K;E325Q;A372E;A413E;V415I,1.9194136063718055,0.00550311803817749,-0.003740072250366211,0.21661298906249976,0.08890831640625008,0.0013989686965942382,10.962500002980232,-22.090698514133692,2.0669631958007812,2,-5.7,14.683852653805417
PH20_POOL_0395,E32V;M36L;K131R;V238L;M311F;M314Y;D321K;E325Q;A413E;A420S,1.9129595279432936,0.005507636070251465,-0.0033245086669921875,0.2214625335937499,0.08082574218749983,0.001336061954498291,9.362500038743018,-18.205566238611937,3.3861465454101562,3,-5.7,14.683852653805417
PH20_POOL_0396,S23T;E32V;M36L;K131R;Q144N;M311F;D321K;E325Q;A372E;V415I,1.9105823580320769,0.00457007884979248,-0.003740072250366211,0.21337995937499982,0.06466059375000022,0.0012943267822265625,12.000000008940697,-10.804763410240412,8.335536241531372,3,0.0,14.95989440734575
PH20_POOL_0397,E32V;M36L;V238L;M311I;M314Y;D321K;E325Q;A413E;V415I;D419E,1.902909708259799,0.005739438533782959,-0.003740072250366211,0.2036808703124997,0.05657801953124997,0.0010610580444335937,8.325000050663949,-16.30992616340518,1.761261224746704,3,-5.7,14.683852653805417
PH20_POOL_0398,S23T;E32V;K131R;M311F;M314Y;D321K;E325K;A372E;A413E;V415I,1.8999586088963627,0.004686105251312256,-0.0033245086669921875,0.23439465234374968,0.09699089062499988,0.001692509651184082,13.462499979138375,-16.267882484942675,1.6945416927337646,3,-5.3,14.95989440734575
PH20_POOL_0399,S23T;E32V;M36L;K131R;V238L;M311F;D321K;Q350R;A413E;V415I,1.8995636131593794,0.004545533657073974,-0.0033245086669921875,0.20044784062499987,0.09699089062499988,0.0007644295692443848,9.487500056624413,-8.681780114769936,8.07693338394165,3,-5.7,14.683852653805417
PH20_POOL_0400,S23T;E32T;M36L;K131R;M311F;M314Y;D321K;Q350R;A413E;A420S,1.861582985957875,0.00537186861038208,-0.0024933815002441406,0.20044784062499996,0.09699089062499633,0.0018860816955566407,10.537500032782555,-21.04004179313779,2.1405022144317627,3,-5.3,14.95989440734575
PH20_POOL_0401,S23T;E32V;M36L;K131R;M311F;M314R;E325K;A413E;D417E;A420T,1.5908375067935256,0.003323960304260254,-0.0033245086669921875,0.21337995937499965,0.07274316796874913,0.0011075496673583984,11.900000143051148,-7.824116125702858,6.026701211929321,3,-5.3,14.95989440734575
PH20_POOL_0402,S23T;E32V;M36L;K131R;I310L;M314Y;E325K;Q394T;V415I;D419E,1.5824006166371483,0.0036088347434997557,-0.0031135082244873047,0.20368087031249987,0.06466059374999977,0.0017983436584472657,9.412500047683716,-6.379443876445293,5.5937042236328125,3,0.0,14.95989440734575
PH20_POOL_0403,E32V;M36L;K131R;M311F;M314R;E325Q;A372T;A413E;V415I;D419E,1.5816891602731324,0.004171121120452881,-0.004182040691375732,0.20206435546874965,0.05657801953124908,0.0011755466461181641,9.012500089406966,-13.320191774517298,4.456287622451782,2,-5.3,14.95989440734575
PH20_POOL_0404,S23T;E32I;M36L;Q144N;M311F;M314Y;E325K;E393Q;A413E;V415I,1.5755797875637636,0.003720963001251221,-0.003740072250366211,0.20044784062500004,0.07274316796875047,0.0007174849510192871,11.66250001192093,-11.833751171827316,3.5136349201202393,3,-5.3,18.769139199055367
PH20_POOL_0405,S23T;E32V;M36L;K131R;M311F;M314R;N322K;Q350R;A413E;V415I,1.5678605616048569,0.0035596609115600584,-0.0033245086669921875,0.20206435546874993,0.09699089062499988,0.0011727452278137208,9.77500011920929,-10.419023118913174,6.902929067611694,3,-5.699999999999999,14.95989440734575
PH20_POOL_0406,S23T;E32V;M36L;M311F;M314Y;E325Q;Q350R;E393Q;A413E;V415I,1.5573443131495028,0.004057395458221436,-0.0033245086669921875,0.2117634445312498,0.11315603906250038,0.0012488007545471192,8.337500035762787,-14.937010813504457,2.5770676136016846,3,-5.3,18.769139199055367
PH20_POOL_0407,S23T;E32V;M36L;Q144N;M311F;M314R;E325Q;A372T;V415I;D419E,1.5418971502316972,0.0036548376083374023,-0.004597604274749756,0.20368087031249987,0.05657801953124997,0.0009376645088195801,11.02500011920929,-11.701300878077745,7.296075344085693,3,0.0,18.769139199055367
PH20_POOL_0408,S23T;E32V;M36L;K131R;V238L;M311F;M314Y;E325K;A372E;A413E,1.5327916052218071,0.0034320592880249024,-0.0033245086669921875,0.20206435546874985,0.08890831640624963,0.00109633207321167,11.025000023841859,-12.742269460111856,2.974663257598877,1,-5.7,14.683852653805417
PH20_POOL_0409,E32V;M36L;M311F;M314Y;E325Q;A372T;E393K;A413E;V415I;D419E,1.5245090505389725,0.004611515998840332,-0.004182040691375732,0.20529738515624968,0.09699089062499944,0.0014830946922302247,8.437499982118606,-21.554699532687664,0.5088667869567871,3,-5.3,18.769139199055367
PH20_POOL_0410,S23T;E32V;M36L;V238L;M311F;M314Y;E325K;A372T;A413E;D419E,1.524051958268241,0.0037027478218078615,-0.004182040691375732,0.20529738515624985,0.08890831640624963,0.0008292317390441895,10.350000035762786,-14.037505567073822,2.3510496616363525,2,-5.7,14.683852653805417
PH20_POOL_0411,S23T;E32I;M36L;K131R;Q144N;M311F;M314R;E325K;A413E;T418V,1.5234277117030615,0.0029661893844604493,-0.003740072250366211,0.20206435546875,0.04849544531249972,0.0002962946891784668,12.237500131130219,-4.687130376696587,7.765650033950806,3,-5.3,14.95989440734575
PH20_POOL_0412,S23T;E32V;M36L;V238L;M311F;M314R;E325K;A372T;A413E;T418S,1.5214025279052634,0.0034151077270507812,-0.004182040691375732,0.20368087031249998,0.07274316796874958,3.3748149871826175e-05,12.67500010728836,-12.18851338326931,3.9485223293304443,3,-5.7,14.683852653805417
PH20_POOL_0413,S23T;E32I;M36L;K131R;V238L;M311F;M314Y;E325K;E393Q;A413E,1.500096848925722,0.0033112049102783205,-0.0033245086669921875,0.2101469296875001,0.08890831640625008,0.0004767537117004395,10.125,-8.724416133016348,3.6308093070983887,3,-5.7,14.683852653805417
PH20_POOL_0414,S23T;E32V;M36L;K131R;M311F;M314Y;E325K;A372E;A413R;V415I,1.4971388393728022,0.003771853446960449,-0.0033245086669921875,0.23439465234374976,0.10507346484375013,0.0010317087173461914,10.350000023841858,-16.554709754884243,0.5028641223907471,3,-6.3,14.95989440734575
PH20_POOL_0415,E32V;M36L;K131R;Q144N;M311F;M314Y;E325Q;E393Q;V415I;A420S,1.4876945299512743,0.004152917861938476,-0.0033245086669921875,0.20206435546874993,0.05657801953124997,0.0016262292861938476,8.750000005960464,-15.491155039519072,4.293837070465088,3,0.0,14.95989440734575
PH20_POOL_0416,E32I;M36L;K131R;V238L;M311F;M314R;E325K;Q394T;A413E;V415I,1.4839574896983878,0.0034106850624084474,-0.003529071807861328,0.20368087031250007,0.07274316796874958,0.0004446148872375488,11.250000113248825,-11.468436893075705,4.329270124435425,3,-5.7,14.683852653805417
PH20_POOL_0417,S23T;E32V;M36L;K131R;M311L;M314Y;E325Q;E393Q;V415I;D419E,1.4661924838760663,0.003746223449707031,-0.0033245086669921875,0.20529738515624985,0.06466059375000022,0.0017588019371032714,6.350000023841858,-7.400005504488945,4.229006767272949,3,0.0,14.95989440734575
PH20_POOL_0418,S23T;E32I;M36L;V238L;M311F;M314R;E325Q;A372T;A413E;V415I,1.4659094787926674,0.0034226179122924805,-0.004597604274749756,0.20206435546875,0.07274316796875002,0.00026836395263671873,9.537500107288361,-11.000145584344864,5.168439149856567,2,-5.7,14.683852653805417
PH20_POOL_0419,S23T;E32V;M36L;K131R;M311L;M314Y;E325K;A372E;V415I;D419E,1.4446908857488792,0.0033399343490600588,-0.0033245086669921875,0.20529738515624976,0.06466059374999977,0.0018201351165771484,9.262500023841858,-9.26196688041091,3.695435047149658,2,0.0,14.95989440734575
PH20_POOL_0420,S23T;E32T;M36L;K131R;V238L;M311F;M314Y;E325Q;Q350R;V415I,1.444239503474692,0.004145586490631103,-0.0024933815002441406,0.20368087031249998,0.11315603906250038,0.0018208742141723633,6.612500059604645,-17.55432429537177,1.7539291381835938,3,-0.40000000000000036,14.683852653805417
PH20_POOL_0421,S23T;E32I;M36L;K131R;M311F;M314Y;E325Q;A413E;V415I;A420S,1.4305889260914662,0.003936958312988281,-0.0033245086669921875,0.20853041484374996,0.07274316796875002,0.0014834165573120116,6.562500071525574,-14.715719766914845,2.398634672164917,1,-5.3,14.95989440734575
PH20_POOL_0422,S23T;E32V;M36L;K131R;V238L;M311F;M314R;N322K;A372T;V415I,1.4070725801616213,0.0029102563858032227,-0.004182040691375732,0.21176344453125004,0.08082574218749983,0.0008442997932434082,9.925000071525574,-8.720220286399126,8.524536848068237,3,-0.8000000000000003,14.683852653805417
PH20_POOL_0423,S23T;E32V;M36L;K131R;M311F;M314R;N322K;A372E;V415I;A420T,1.4022119008178011,0.0028508782386779787,-0.003740072250366211,0.2117634445312498,0.07274316796874958,0.0017829656600952149,11.275000071525573,-11.015878181904554,7.80517578125,2,-0.3999999999999999,14.95989440734575
PH20_POOL_0424,E32T;M36L;K131R;M311F;M314Y;E325Q;Q394T;A413R;V415I;D419E,1.394212870799222,0.005055451393127441,-0.0026979446411132812,0.20368087031249987,0.08890831640625008,0.0020197749137878416,7.0625000417232515,-27.619762547314167,-5.410842657089233,3,-6.3,14.95989440734575
PH20_POOL_0425,S23T;E32V;M36L;M311F;M314Y;E325Q;A372E;E393Q;V415I;A420T,1.39408496296082,0.0033486127853393556,-0.003740072250366211,0.22146253359374962,0.08890831640625008,0.0018590211868286133,9.83749998807907,-15.425260849297047,3.4793143272399902,2,0.0,18.769139199055367
PH20_POOL_0426,S23T;E32V;M36L;K131R;Q144N;M311I;M314Y;E325K;V415I;D419E,1.3835850668122978,0.0033042550086975096,-0.0033245086669921875,0.2004478406249998,0.040412871093749914,0.0011114954948425293,9.100000071525574,-7.9624237306416035,4.896338224411011,3,0.0,14.95989440734575
PH20_POOL_0427,S23T;E32V;M36L;K131R;V238L;I310L;M314Y;E325K;Q394T;T418V,1.3807096520575661,0.0026922702789306642,-0.0031135082244873047,0.20368087031249998,0.06466059374999977,0.0011848688125610351,9.337500047683715,-3.3517201468348503,6.744591951370239,3,-0.40000000000000036,14.683852653805417
PH20_POOL_0428,S23T;E32V;M36L;K131R;M311F;M314Y;N322K;A372E;V415I;D419E,1.3770806444186732,0.003487420082092285,-0.0033245086669921875,0.20529738515624985,0.08082574218749983,0.002145051956176758,9.0,-16.7978939935565,3.8083739280700684,1,-0.3999999999999999,14.95989440734575
PH20_POOL_0429,S23T;E32V;K131R;M311F;M314Y;E325K;A372T;A413E;V415I;D419E,1.3769619683479934,0.0034178733825683595,-0.003766477108001709,0.21337995937499965,0.08082574218749938,0.0016257405281066895,9.712500005960464,-14.381184410303831,0.22533369064331055,2,-5.3,14.95989440734575
PH20_POOL_0430,S23T;E32I;M36L;K131R;M311F;M314R;E325Q;Q394T;V415I;D419E,1.3673725539278412,0.0031995296478271483,-0.003529071807861328,0.21984601875000004,0.07274316796875002,0.0010850191116333007,9.137500143051147,-11.383004546165466,5.782154560089111,3,0.0,14.95989440734575
PH20_POOL_0431,S23T;E32V;M36L;M311L;M314R;E325Q;A372E;Q394T;A413R;V415I,1.3667650427908906,0.003466975688934326,-0.0039446353912353516,0.20206435546874993,0.07274316796875047,0.0008730411529541016,10.50000011920929,-14.640970796346664,0.9016745090484619,3,-6.3,18.769139199055367
PH20_POOL_0432,S23T;E32V;M36L;K131R;V238L;M311F;M314Y;E325K;A372T;V415I,1.3281064276330943,0.0028615236282348634,-0.003766477108001709,0.23439465234374984,0.09699089062499988,0.0009187817573547363,9.075000023841858,-10.946921408176422,5.3227760791778564,3,-0.40000000000000036,14.683852653805417
PH20_POOL_0433,E32I;M36L;K131R;V238L;M311F;M314Y;N322K;E393Q;V415I;A420S,1.3228183446789599,0.003653216361999512,-0.0033245086669921875,0.20044784062500023,0.07274316796875002,0.0013251304626464844,7.924999958276748,-15.80001062899828,3.763367176055908,3,-0.8000000000000003,14.683852653805417
PH20_POOL_0434,S23T;E32V;M36L;K131R;V238L;M311F;E325K;Q350R;A372E;A420T,1.3094830961336432,0.0023368716239929197,-0.0033245086669921875,0.2069138999999997,0.09699089062499944,0.0010202765464782716,10.875000023841858,-7.614665526896715,6.837051868438721,3,-0.40000000000000036,14.683852653805417
PH20_POOL_0435,S23T;E32V;M36L;K131R;M311I;M314Y;E325K;Q394T;A413E;V415I,1.281989699432308,0.0030149340629577635,-0.0031135082244873047,0.2069138999999997,0.06466059374999977,0.0010643482208251953,8.812500071525573,-10.477543640881777,1.7470085620880127,2,-5.3,14.95989440734575
PH20_POOL_0436,S23T;E32V;M36L;K131R;Q144N;M311F;M314Y;E325K;V415I;A420T,1.2806767334951301,0.002747023105621338,-0.0033245086669921875,0.22792859296874973,0.07274316796875002,0.001619565486907959,9.987500071525574,-11.281441256403923,6.257359981536865,3,0.0,14.95989440734575
PH20_POOL_0437,S23T;E32V;M36L;V238L;M311F;M314Y;E325K;Q394T;V415I;A420T,1.2784995243981794,0.002839541435241699,-0.003529071807861328,0.23116162265624984,0.10507346484375013,0.0014176607131958009,9.975000083446503,-14.499737061560154,3.7302095890045166,3,-0.40000000000000036,14.683852653805417
PH20_POOL_0438,S23T;E32I;M36L;M311F;M314R;E325Q;A372S;A413E;V415I;A420T,1.2764999805565098,0.0032097458839416503,-0.004155635833740234,0.2004478406249998,0.04849544531250016,0.0009437918663024903,8.575000154972077,-12.945086065679789,5.51875638961792,2,-5.3,18.769139199055367
PH20_POOL_0439,S23T;E32I;M36L;K131R;V238L;M311F;M314R;N322K;A372E;T418V,1.2628318532963603,0.002359926700592041,-0.003740072250366211,0.20044784062500015,0.06466059374999977,0.0007286906242370605,10.900000059604645,-8.682115383446217,7.799484729766846,2,-0.8000000000000003,14.683852653805417
PH20_POOL_0440,E32V;M36L;K131R;Q144N;M311F;M314Y;E325K;Q394T;V415I;D419E,1.260289327958693,0.0033248305320739747,-0.0031135082244873047,0.21176344453124987,0.06466059374999977,0.0016233682632446288,10.43750005364418,-18.143380485475063,3.0892488956451416,3,0.0,14.95989440734575
PH20_POOL_0441,E32V;M36L;K131R;V238L;I310L;M314Y;E325K;Q394T;V415I;A420T,1.2582447556836378,0.0028635144233703615,-0.0031135082244873047,0.2036808703124998,0.056578019531249524,0.0017681598663330078,8.937500029802322,-9.183858435600996,5.2330098152160645,3,-0.40000000000000036,14.683852653805417
PH20_POOL_0442,S23T;E32I;M36L;K131R;M311F;M314R;E325Q;A372E;E393Q;T418S,1.2579166241302988,0.0027800440788269044,-0.0033245086669921875,0.21176344453125004,0.05657801953124997,0.0005598306655883789,11.712500035762787,-12.913099516183138,4.5245301723480225,3,0.0,14.95989440734575
PH20_POOL_0443,S23T;E32V;K131R;M311F;M314R;E325Q;A372T;E393Q;A413E;T418S,1.2493537943965785,0.0029701590538024902,-0.003766477108001709,0.20206435546874985,0.056578019531249524,0.0007689237594604492,11.300000029802323,-13.356295179575682,1.303027629852295,3,-5.3,14.95989440734575
PH20_POOL_0444,E32V;M36L;K131R;Q144N;M311F;M314Y;N322K;A413R;V415I;D419E,1.2486948192079879,0.004048728942871093,-0.0033245086669921875,0.20044784062499996,0.06466059375000022,0.0014897465705871582,8.112500029802323,-22.59895818680525,0.2604515552520752,3,-6.699999999999999,14.95989440734575
PH20_POOL_0445,E32I;M36L;K131R;Q144N;M311F;M314Y;E325Q;E393Q;V415I;D419E,1.2375937976666478,0.003546559810638428,-0.0033245086669921875,0.20368087031249998,0.04849544531250016,0.001355588436126709,8.149999994039536,-16.41607565060258,3.4777166843414307,3,0.0,14.95989440734575
PH20_POOL_0446,S23T;E32I;M36L;M311F;M314R;N322K;Q394T;A413E;V415I;A420T,1.2246043803186417,0.002751314640045166,-0.0039446353912353516,0.20206435546875,0.07274316796875002,0.0012902021408081055,10.825000119209289,-15.013956367969513,4.550859689712524,2,-5.699999999999999,18.769139199055367
PH20_POOL_0447,S23T;E32I;K131R;M311I;M314Y;E325K;A372E;E393Q;V415I;D419E,1.213077960076472,0.0027691245079040526,-0.0033245086669921875,0.2004478406249998,0.04849544531249972,0.0011735081672668457,10.67499993443489,-9.900684367865324,0.22859787940979004,3,0.0,14.95989440734575
PH20_POOL_0448,S23T;E32V;V238L;M311F;M314Y;E325K;A372T;Q394T;V415I;A420S,1.2112132312749262,0.0028989195823669435,-0.00397104024887085,0.21822950390624998,0.09699089062499988,0.0013384103775024414,11.037500017881394,-17.537281449884176,0.32769322395324707,3,-0.40000000000000036,14.683852653805417
PH20_POOL_0449,S23T;E32I;M36L;K131R;Q144N;I310L;M314Y;E325K;V415I;A420T,1.2093311667285562,0.0024145364761352537,-0.0033245086669921875,0.20206435546874993,0.03233029687500011,0.0015013813972473145,9.575000035762788,-5.280131671577692,7.731689691543579,3,0.0,14.95989440734575
PH20_POOL_0450,S23T;E32V;M36L;Q144N;M311F;M314Y;E325K;Q350R;A372E;T418V,1.1934766948061062,0.0024377584457397463,-0.0033245086669921875,0.2149964742187498,0.08890831640625008,0.001072525978088379,12.337500035762787,-15.56036750599742,4.794585466384888,3,0.0,18.769139199055367
PH20_POOL_0451,S23T;E32V;M36L;K131R;M311F;M314Y;Q394T;A413R;V415I;A420S,1.1893968204842875,0.003427410125732422,-0.0031135082244873047,0.21499647421874996,0.08890831640625008,0.0012975215911865234,7.737500083446503,-20.210962641984224,0.26085805892944336,2,-6.3,14.95989440734575
PH20_POOL_0452,S23T;E32I;K131R;V238L;M311F;M314R;E325Q;Q350R;A413E;T418V,1.1892415371208995,0.002545881271362305,-0.0033245086669921875,0.20044784062499996,0.08082574218749983,0.0005621790885925293,8.800000125169754,-9.009281225502491,3.79850435256958,3,-5.7,14.683852653805417
PH20_POOL_0453,S23T;E32I;M36L;K131R;V238L;M311L;M314Y;E325Q;V415I;A420S,1.189086804482363,0.003128087520599365,-0.0033245086669921875,0.20044784062500015,0.05657801953125041,0.001353013515472412,5.050000071525574,-9.483980055898428,3.973475456237793,2,-0.40000000000000036,14.683852653805417
PH20_POOL_0454,E32I;M36L;M311F;M314Y;E325K;A372E;Q394T;A413R;V415I;D419E,1.1813421174553442,0.0036399245262145998,-0.003529071807861328,0.2214625335937499,0.08890831640625008,0.0009751439094543457,11.050000005960465,-26.481681488454342,-3.7950339317321777,3,-6.3,18.769139199055367
PH20_POOL_0455,S23T;E32I;M36L;V238L;M311F;M314Y;E325K;Q394T;D417E;A420S,1.180841439516394,0.0029125452041625977,-0.0031135082244873047,0.21337995937500018,0.08890831640625008,0.0008888721466064453,10.625000071525573,-17.96170848980546,1.6048245429992676,3,-0.40000000000000036,14.683852653805417
PH20_POOL_0456,E32V;M36L;K131R;M311F;M314Y;E325K;A372S;A413E;V415I;A420T,1.1754215447991976,0.0032499909400939943,-0.0033245086669921875,0.2117634445312495,0.056578019531249524,0.001657116413116455,7.9875000536441805,-17.04134840518236,2.829578161239624,2,-5.3,14.95989440734575
PH20_POOL_0457,S23T;E32V;M36L;K131R;M311I;M314Y;E325K;Q350R;A372E;A413E,1.173637635004004,0.002547180652618408,-0.002908945083618164,0.2004478406249996,0.07274316796874958,0.0008865237236022949,10.187500023841858,-12.076370298862457,1.915940523147583,2,-5.3,14.95989440734575
PH20_POOL_0458,S23T;E32I;M36L;K131R;V238L;M314Y;E325K;Q394T;V415I;D419E,1.1724298974510436,0.0027632713317871094,-0.0031135082244873047,0.2020643554687501,0.06466059375000022,0.0010892033576965332,8.100000059604644,-10.098030664026737,3.7364888191223145,3,-0.40000000000000036,14.683852653805417
PH20_POOL_0459,S23T;E32I;M36L;K131R;I310L;M314R;E325Q;A372T;Q394T;V415I,1.171932084674613,0.0022591471672058104,-0.00397104024887085,0.20529738515625,0.040412871093749914,0.0008846759796142578,9.500000071525573,-5.599364262074232,7.9656267166137695,3,0.0,14.95989440734575
PH20_POOL_0460,S23T;E32V;M36L;K131R;V238L;M311F;M314R;E325Q;A372S;Q394T,1.1705842588806323,0.0026166319847106935,-0.003529071807861328,0.20529738515625,0.06466059375000022,0.0006767153739929199,9.225000154972076,-11.802726026624441,7.0665388107299805,3,-0.40000000000000036,14.683852653805417
PH20_POOL_0461,S23T;E32V;M36L;M311F;M314Y;E325Q;Q394T;A413R;D417E;D419E,1.1660892684008508,0.0037694692611694334,-0.0031135082244873047,0.21984601874999984,0.09699089062500033,0.001230037212371826,8.337500095367432,-25.07343538105488,-3.0184643268585205,3,-6.3,18.769139199055367
PH20_POOL_0462,S23T;E32I;M36L;Q144N;V238L;M311F;M314R;E325Q;Q394T;T418V,1.1616245601952302,0.0023680210113525392,-0.0039446353912353516,0.20044784062500023,0.05657801953125041,0.0002965688705444336,10.950000154972077,-10.930859822779894,6.929314851760864,3,-0.40000000000000036,14.683852653805417
PH20_POOL_0463,S23T;E32I;M36L;K131R;M311L;M314Y;E325Q;E393K;A413E;T418V,1.1586833734975457,0.002902841567993164,-0.0033245086669921875,0.20206435546874993,0.07274316796875002,0.0011536836624145507,6.250000023841858,-9.622686062008142,2.8931124210357666,3,-5.3,14.95989440734575
PH20_POOL_0464,S23T;E32I;M36L;K131R;M314Y;E325Q;A372E;A413R;V415I;D419E,1.1566835531622393,0.0035129904747009276,-0.0033245086669921875,0.20044784062499987,0.05657801953125041,0.0012011289596557616,6.712500023841858,-17.06359587237239,-0.743217945098877,2,-6.3,14.95989440734575
PH20_POOL_0465,S23T;E32V;M36L;K131R;Q144N;M311F;M314Y;E325Q;A413E;A420T,1.1411545673070334,0.002812504768371582,-0.0033245086669921875,0.2036808703124997,0.05657801953124997,0.001709127426147461,8.325000083446502,-14.79528197646141,3.867121934890747,1,-5.3,14.95989440734575
PH20_POOL_0466,S23T;E32I;M36L;V238L;M311F;E325Q;Q394T;A413R;V415I;A420T,1.138692754691614,0.0030627369880676268,-0.0039446353912353516,0.21014692968749998,0.08890831640625052,0.0005768060684204102,7.3375000834465025,-15.416848797351122,0.7877733707427979,3,-6.7,14.683852653805417
PH20_POOL_0467,S23T;E32V;M311F;M314R;E325Q;Q350R;A372T;Q394T;A413E;V415I,1.1376869897480935,0.002650284767150879,-0.00397104024887085,0.20853041484374976,0.09699089062499988,0.0010694146156311035,11.025000101327896,-17.52638017758727,1.316756248474121,3,-5.3,18.769139199055367
PH20_POOL_0468,S23T;E32I;M36L;K131R;M311F;E325K;Q350R;A372E;Q394T;D419E,1.1319243563094297,0.002176380157470703,-0.0031135082244873047,0.20529738515624993,0.08890831640624963,0.000908195972442627,11.45000001192093,-12.503739681094885,4.131345272064209,3,0.0,14.95989440734575
PH20_POOL_0469,S23T;E32V;M36L;V238L;I310L;M314Y;E325Q;A372T;A413R;A420T,1.1312566940501882,0.0029578804969787598,-0.004182040691375732,0.20691389999999982,0.06466059375000022,0.0009363293647766113,7.5750000238418576,-13.022942021489143,1.9735972881317139,3,-6.7,14.683852653805417
PH20_POOL_0470,E32V;M36L;Q144N;M311F;M314Y;E325K;A372T;Q394T;A413E;V415I,1.1225349612670914,0.0029618144035339355,-0.00397104024887085,0.2036808703124998,0.06466059374999977,0.0011354327201843263,11.712500017881393,-21.792981777340174,0.926405668258667,2,-5.3,18.769139199055367
PH20_POOL_0471,E32I;K131R;M311F;M314R;E325K;Q350R;A372E;Q394T;A413E;V415I,1.1149897152578818,0.0024537920951843263,-0.0031135082244873047,0.20206435546874985,0.08082574218749938,0.0010392189025878907,13.362500047683715,-17.97242607176304,0.33248329162597656,3,-5.3,14.95989440734575
PH20_POOL_0472,S23T;E32I;M36L;K131R;I310L;M314Y;E325K;Q394T;A413E;A420T,1.1027846058855861,0.002192556858062744,-0.0031135082244873047,0.20044784062499987,0.04849544531249972,0.00147702693939209,9.737500035762787,-8.446115739643574,3.9551849365234375,2,-5.3,14.95989440734575
PH20_POOL_0473,S23T;E32I;M36L;K131R;M311F;M314R;E325Q;A372E;Q394T;T418V,1.0914158880463858,0.002041304111480713,-0.003529071807861328,0.21984601874999993,0.06466059374999977,0.0008872509002685547,10.887500095367432,-11.908979695290327,5.766244888305664,2,0.0,14.95989440734575
PH20_POOL_0474,S23T;E32V;M36L;M311F;E325Q;A372T;Q394T;A413R;V415I;A420T,1.0808290656600186,0.0028468847274780275,-0.004386603832244873,0.22307904843749968,0.08890831640625008,0.0009331464767456055,8.212500047683715,-17.19902741909027,0.756293773651123,3,-6.3,18.769139199055367
PH20_POOL_0475,E32V;M36L;V238L;M314Y;E325K;A372E;Q394T;A413R;V415I;A420T,1.0742540371806617,0.0030942678451538084,-0.003529071807861328,0.20206435546874973,0.07274316796875002,0.0011754870414733888,10.275000017881393,-21.182994410395622,-1.9664721488952637,3,-6.7,14.683852653805417
PH20_POOL_0476,S23T;E32V;K131R;I310L;M314R;E325Q;A372T;Q394T;V415I;A420T,1.0733254522431264,0.001997840404510498,-0.00397104024887085,0.2036808703124997,0.04041287109374947,0.001791977882385254,10.11250006556511,-6.748065367341042,5.878439426422119,3,0.0,14.95989440734575
PH20_POOL_0477,S23T;E32I;M36L;V238L;I310L;M314Y;E325Q;A372T;A413R;T418V,1.0662531547804053,0.0027916312217712404,-0.004182040691375732,0.20529738515625,0.05657801953125041,0.00029776096343994143,6.850000011920929,-11.457637961953878,1.854459285736084,3,-6.7,14.683852653805417
PH20_POOL_0478,S23T;E32V;M36L;V238L;M311F;M314Y;N322K;Q350R;Q394T;V415I,1.0597568069353402,0.002645277976989746,-0.0031135082244873047,0.2133799593750001,0.12123861328125063,0.0014176607131958009,8.525000059604645,-19.806828007102013,3.348945140838623,3,-0.8000000000000003,14.683852653805417
PH20_POOL_0479,S23T;E32I;M36L;K131R;M311I;M314Y;N322K;A372E;E393K;V415I,1.0526619216764783,0.002545619010925293,-0.0033245086669921875,0.20044784062499996,0.07274316796875002,0.001203310489654541,8.887499940395355,-14.453921727836132,3.200795888900757,3,-0.3999999999999999,14.95989440734575
PH20_POOL_0480,S23T;E32T;M36L;M311F;M314Y;E325Q;Q350R;A372T;Q394T;D419E,1.0487387778202166,0.0032638072967529296,-0.0031399130821228027,0.2069138999999999,0.10507346484374613,0.0018824934959411621,8.987500023841857,-25.75033250451088,-1.4721627235412598,3,0.0,18.769139199055367
